transaction_id,user_id,purchase_date,amount_inr,product,status,acquisition_channel,region,device
TXN_207473,USR_00001,2023-11-24,1833.82,Pro Plan,failed,Google_Search,North,tablet
TXN_329258,USR_00001,2024-01-17,448.38,One-Time Purchase,completed,Google_Search,North,mobile
TXN_948749,USR_00002,2023-10-15,2172.81,Pro Plan,completed,Meta_Facebook,Central,mobile
TXN_201414,USR_00003,2023-06-24,5510.05,Enterprise Plan,completed,Email,South,desktop
TXN_969693,USR_00004,2023-01-23,669.36,One-Time Purchase,completed,Organic,Central,tablet
TXN_183667,USR_00005,2023-07-05,829.63,Basic Plan,completed,TikTok,South,mobile
TXN_270555,USR_00005,2023-07-31,3286.72,One-Time Purchase,completed,TikTok,South,desktop
TXN_271339,USR_00006,2023-07-01,2300.21,Pro Plan,completed,Meta_Facebook,East,desktop
TXN_340174,USR_00006,2023-08-14,2525.92,Pro Plan,completed,Meta_Facebook,East,mobile
TXN_852787,USR_00007,2023-06-11,2868.7,Pro Plan,refunded,Organic,East,desktop
TXN_665158,USR_00008,2023-07-22,1868.94,Pro Plan,refunded,Organic,South,desktop
TXN_634277,USR_00008,2023-09-17,2000.38,One-Time Purchase,completed,Organic,South,desktop
TXN_590785,USR_00009,2023-02-26,691.38,Basic Plan,refunded,Meta_Facebook,South,tablet
TXN_265840,USR_00010,2023-01-06,5556.76,Enterprise Plan,completed,Google_Search,Central,desktop
TXN_738551,USR_00011,2023-05-15,9207.35,Enterprise Plan,refunded,TikTok,South,mobile
TXN_100599,USR_00011,2023-06-13,2308.07,Pro Plan,refunded,TikTok,South,tablet
TXN_351083,USR_00012,2023-06-15,9392.61,Enterprise Plan,completed,Organic,North,mobile
TXN_676510,USR_00013,2023-02-10,1691.59,Pro Plan,completed,Google_Search,West,mobile
TXN_891952,USR_00013,2023-03-18,4831.51,One-Time Purchase,refunded,Google_Search,West,tablet
TXN_573417,USR_00014,2023-12-20,7189.5,Enterprise Plan,refunded,Meta_Facebook,East,mobile
TXN_341292,USR_00014,2024-01-24,5104.17,Enterprise Plan,refunded,Meta_Facebook,East,tablet
TXN_446479,USR_00014,2024-02-27,613.47,Basic Plan,completed,Meta_Facebook,East,mobile
TXN_858490,USR_00014,2024-04-19,1305.91,One-Time Purchase,completed,Meta_Facebook,East,tablet
TXN_544154,USR_00015,2023-08-31,828.49,Basic Plan,completed,Organic,South,desktop
TXN_360735,USR_00016,2023-01-28,9001.96,Enterprise Plan,completed,Google_Search,North,mobile
TXN_585100,USR_00016,2023-03-01,2131.82,Pro Plan,completed,Google_Search,North,mobile
TXN_274389,USR_00017,2023-10-09,962.18,Basic Plan,completed,Google_Search,North,desktop
TXN_509386,USR_00018,2023-09-06,581.32,Basic Plan,completed,Organic,South,desktop
TXN_328275,USR_00018,2023-10-25,1026.55,One-Time Purchase,completed,Organic,South,mobile
TXN_265080,USR_00019,2023-02-01,2662.4,One-Time Purchase,refunded,Email,North,mobile
TXN_523389,USR_00020,2023-09-18,836.61,Basic Plan,completed,Google_Search,South,mobile
TXN_789305,USR_00020,2023-11-13,808.69,Basic Plan,completed,Google_Search,South,tablet
TXN_350280,USR_00021,2023-10-17,2503.59,Pro Plan,completed,TikTok,East,desktop
TXN_109767,USR_00021,2023-12-01,7285.12,Enterprise Plan,completed,TikTok,East,desktop
TXN_172132,USR_00022,2023-02-21,5661.28,Enterprise Plan,completed,Google_Search,Central,mobile
TXN_417212,USR_00022,2023-04-05,4217.6,One-Time Purchase,failed,Google_Search,Central,tablet
TXN_240814,USR_00022,2023-05-28,9657.78,Enterprise Plan,completed,Google_Search,Central,desktop
TXN_820892,USR_00023,2023-10-11,2575.42,Pro Plan,completed,Meta_Facebook,East,tablet
TXN_196781,USR_00023,2023-11-16,9525.68,Enterprise Plan,completed,Meta_Facebook,East,tablet
TXN_678478,USR_00024,2023-01-23,5806.91,Enterprise Plan,completed,Google_Search,East,tablet
TXN_550664,USR_00025,2023-02-27,7911.55,Enterprise Plan,completed,Google_Search,South,mobile
TXN_799330,USR_00026,2023-01-22,6049.38,Enterprise Plan,completed,Email,East,mobile
TXN_532322,USR_00027,2023-07-01,2795.91,Pro Plan,completed,TikTok,West,mobile
TXN_501124,USR_00028,2023-06-20,2680.06,Pro Plan,completed,Organic,South,mobile
TXN_333752,USR_00028,2023-08-09,1942.39,One-Time Purchase,completed,Organic,South,mobile
TXN_447235,USR_00029,2023-05-23,3492.74,One-Time Purchase,refunded,Google_Search,East,mobile
TXN_462479,USR_00030,2023-05-14,553.2,Basic Plan,completed,Meta_Facebook,Central,tablet
TXN_299312,USR_00030,2023-06-23,691.6,Basic Plan,refunded,Meta_Facebook,Central,desktop
TXN_446239,USR_00031,2023-01-01,7155.49,Enterprise Plan,failed,TikTok,Central,tablet
TXN_410016,USR_00032,2023-03-05,1832.06,One-Time Purchase,failed,Email,Central,tablet
TXN_745414,USR_00032,2023-04-02,3482.39,One-Time Purchase,completed,Email,Central,tablet
TXN_786508,USR_00033,2023-01-01,3992.07,One-Time Purchase,refunded,Email,East,desktop
TXN_277934,USR_00033,2023-02-19,2265.76,Pro Plan,failed,Email,East,tablet
TXN_805477,USR_00033,2023-03-16,5465.94,Enterprise Plan,completed,Email,East,desktop
TXN_577538,USR_00034,2023-03-17,3171.99,One-Time Purchase,completed,Google_Search,North,desktop
TXN_105814,USR_00035,2023-12-23,1720.36,Pro Plan,failed,Organic,West,mobile
TXN_989545,USR_00035,2024-02-08,535.03,One-Time Purchase,completed,Organic,West,mobile
TXN_724377,USR_00035,2024-03-28,3436.62,One-Time Purchase,refunded,Organic,West,desktop
TXN_571932,USR_00036,2023-09-16,2614.48,Pro Plan,completed,Organic,Central,desktop
TXN_399607,USR_00037,2023-05-22,7198.36,Enterprise Plan,failed,TikTok,West,mobile
TXN_501641,USR_00037,2023-06-28,568.19,Basic Plan,completed,TikTok,West,tablet
TXN_973349,USR_00038,2023-02-02,2253.14,One-Time Purchase,completed,Organic,West,desktop
TXN_413118,USR_00039,2023-10-27,326.71,One-Time Purchase,completed,Google_Search,Central,desktop
TXN_557007,USR_00039,2023-12-12,2231.34,Pro Plan,completed,Google_Search,Central,desktop
TXN_128276,USR_00040,2023-12-09,2970.08,Pro Plan,refunded,Organic,South,desktop
TXN_497519,USR_00041,2023-01-14,1153.13,One-Time Purchase,completed,Google_Search,West,desktop
TXN_391773,USR_00041,2023-02-16,8805.15,Enterprise Plan,completed,Google_Search,West,desktop
TXN_919182,USR_00042,2023-08-29,6120.11,Enterprise Plan,completed,Google_Search,Central,tablet
TXN_232352,USR_00043,2023-01-21,809.67,Basic Plan,completed,Google_Search,South,desktop
TXN_853252,USR_00044,2023-04-22,2407.84,Pro Plan,failed,Organic,East,mobile
TXN_307963,USR_00045,2023-02-25,2163.28,One-Time Purchase,failed,TikTok,North,mobile
TXN_920652,USR_00046,2023-11-18,897.11,Basic Plan,refunded,Meta_Facebook,North,mobile
TXN_457806,USR_00046,2023-12-30,5343.78,Enterprise Plan,failed,Meta_Facebook,North,mobile
TXN_647091,USR_00047,2023-02-24,2152.23,Pro Plan,failed,Organic,East,tablet
TXN_971084,USR_00048,2023-10-03,6610.52,Enterprise Plan,completed,Organic,West,mobile
TXN_290672,USR_00049,2023-05-05,5142.5,Enterprise Plan,completed,Organic,Central,desktop
TXN_835244,USR_00049,2023-06-07,6700.69,Enterprise Plan,refunded,Organic,Central,desktop
TXN_526170,USR_00049,2023-08-01,1627.42,Pro Plan,failed,Organic,Central,desktop
TXN_524045,USR_00050,2023-12-20,545.53,Basic Plan,completed,Organic,West,tablet
TXN_460455,USR_00050,2024-01-24,7365.3,Enterprise Plan,refunded,Organic,West,desktop
TXN_341736,USR_00050,2024-03-19,1572.31,One-Time Purchase,completed,Organic,West,mobile
TXN_897135,USR_00051,2023-10-02,1598.55,One-Time Purchase,refunded,Meta_Facebook,South,tablet
TXN_338533,USR_00051,2023-11-29,915.31,Basic Plan,completed,Meta_Facebook,South,desktop
TXN_680238,USR_00051,2023-12-30,1910.47,Pro Plan,completed,Meta_Facebook,South,desktop
TXN_293319,USR_00052,2023-09-09,2548.96,One-Time Purchase,completed,Google_Search,North,mobile
TXN_819796,USR_00053,2023-09-02,647.19,One-Time Purchase,failed,Google_Search,North,mobile
TXN_224205,USR_00053,2023-10-01,5424.9,Enterprise Plan,completed,Google_Search,North,tablet
TXN_717113,USR_00054,2023-11-13,4568.97,One-Time Purchase,completed,Meta_Facebook,Central,desktop
TXN_264686,USR_00055,2023-01-31,1895.97,Pro Plan,completed,TikTok,North,mobile
TXN_402099,USR_00056,2023-03-22,1667.92,One-Time Purchase,completed,Google_Search,West,tablet
TXN_335729,USR_00057,2023-08-21,2136.71,Pro Plan,refunded,Google_Search,South,tablet
TXN_402630,USR_00058,2023-03-14,7974.22,Enterprise Plan,refunded,Google_Search,North,desktop
TXN_624783,USR_00058,2023-04-10,8497.67,Enterprise Plan,completed,Google_Search,North,tablet
TXN_807053,USR_00059,2023-11-03,5128.32,Enterprise Plan,completed,Google_Search,West,tablet
TXN_563711,USR_00060,2023-12-11,2204.75,Pro Plan,failed,Email,Central,desktop
TXN_449499,USR_00061,2023-04-03,734.01,Basic Plan,completed,TikTok,West,desktop
TXN_138479,USR_00062,2023-06-18,4122.76,One-Time Purchase,refunded,Organic,West,desktop
TXN_639593,USR_00062,2023-07-13,5578.61,Enterprise Plan,completed,Organic,West,mobile
TXN_313446,USR_00063,2023-01-28,3238.42,One-Time Purchase,completed,Meta_Facebook,Central,desktop
TXN_608257,USR_00063,2023-03-24,7189.58,Enterprise Plan,failed,Meta_Facebook,Central,mobile
TXN_335615,USR_00064,2023-11-08,775.13,Basic Plan,completed,Meta_Facebook,South,mobile
TXN_595158,USR_00065,2023-11-28,7076.45,Enterprise Plan,completed,Meta_Facebook,West,mobile
TXN_456385,USR_00066,2023-07-16,637.12,Basic Plan,completed,Meta_Facebook,Central,tablet
TXN_461888,USR_00067,2023-05-25,2168.82,Pro Plan,completed,Email,Central,desktop
TXN_997594,USR_00068,2023-07-13,2356.7,Pro Plan,completed,Organic,East,desktop
TXN_504832,USR_00068,2023-08-04,3613.57,One-Time Purchase,completed,Organic,East,tablet
TXN_204555,USR_00069,2023-01-19,936.1,Basic Plan,completed,Meta_Facebook,Central,tablet
TXN_261859,USR_00069,2023-03-09,2113.97,Pro Plan,failed,Meta_Facebook,Central,mobile
TXN_659543,USR_00070,2023-05-16,924.88,Basic Plan,failed,Email,Central,desktop
TXN_338536,USR_00071,2023-09-07,2445.74,Pro Plan,completed,TikTok,North,tablet
TXN_205389,USR_00071,2023-10-02,879.18,Basic Plan,failed,TikTok,North,desktop
TXN_475876,USR_00072,2023-03-27,8979.72,Enterprise Plan,completed,Email,North,desktop
TXN_739098,USR_00073,2023-08-09,1753.98,Pro Plan,completed,Meta_Facebook,South,desktop
TXN_367729,USR_00074,2023-09-12,3297.15,One-Time Purchase,completed,TikTok,South,tablet
TXN_716113,USR_00075,2023-08-27,719.86,Basic Plan,completed,Email,Central,desktop
TXN_211834,USR_00076,2023-12-20,2998.06,Pro Plan,completed,Email,West,mobile
TXN_819112,USR_00077,2023-10-22,1589.06,One-Time Purchase,refunded,Email,East,tablet
TXN_329642,USR_00078,2023-01-26,2409.6,Pro Plan,completed,TikTok,West,tablet
TXN_707727,USR_00079,2023-12-14,8942.05,Enterprise Plan,completed,Meta_Facebook,North,desktop
TXN_924718,USR_00080,2023-03-09,1124.51,One-Time Purchase,completed,Google_Search,East,tablet
TXN_964749,USR_00080,2023-04-21,9151.36,Enterprise Plan,completed,Google_Search,East,desktop
TXN_809176,USR_00081,2023-06-23,2630.23,Pro Plan,completed,Google_Search,West,tablet
TXN_576877,USR_00082,2023-10-13,631.23,Basic Plan,completed,Email,North,desktop
TXN_443939,USR_00083,2023-11-23,416.62,One-Time Purchase,refunded,Email,North,tablet
TXN_419149,USR_00084,2023-11-22,568.89,Basic Plan,completed,Organic,East,desktop
TXN_803055,USR_00084,2023-12-19,2081.97,Pro Plan,completed,Organic,East,tablet
TXN_134305,USR_00085,2023-03-21,4712.55,One-Time Purchase,completed,Organic,North,tablet
TXN_204180,USR_00085,2023-05-03,4766.61,One-Time Purchase,completed,Organic,North,tablet
TXN_989227,USR_00086,2023-11-27,5948.04,Enterprise Plan,completed,Email,North,desktop
TXN_925206,USR_00087,2023-11-25,6216.84,Enterprise Plan,completed,TikTok,North,tablet
TXN_444519,USR_00088,2023-04-16,2718.58,Pro Plan,completed,Google_Search,Central,mobile
TXN_362829,USR_00088,2023-06-13,2980.29,Pro Plan,refunded,Google_Search,Central,mobile
TXN_282710,USR_00089,2023-01-14,2382.28,Pro Plan,completed,Meta_Facebook,North,desktop
TXN_166645,USR_00089,2023-02-06,2771.6,One-Time Purchase,failed,Meta_Facebook,North,desktop
TXN_862569,USR_00090,2023-09-20,2917.12,Pro Plan,completed,TikTok,North,tablet
TXN_988456,USR_00090,2023-11-12,529.41,Basic Plan,completed,TikTok,North,desktop
TXN_232321,USR_00091,2023-09-09,8040.49,Enterprise Plan,completed,Organic,North,desktop
TXN_203996,USR_00092,2023-10-08,2675.09,One-Time Purchase,completed,Email,West,tablet
TXN_455395,USR_00093,2023-11-30,4473.03,One-Time Purchase,completed,TikTok,South,desktop
TXN_797416,USR_00093,2024-01-14,655.27,Basic Plan,completed,TikTok,South,desktop
TXN_880758,USR_00094,2023-12-18,545.62,Basic Plan,completed,Organic,North,tablet
TXN_886730,USR_00095,2023-10-12,704.4,Basic Plan,failed,Google_Search,Central,desktop
TXN_335137,USR_00096,2023-11-04,1731.1,Pro Plan,completed,Email,East,mobile
TXN_743378,USR_00097,2023-07-08,4271.23,One-Time Purchase,refunded,Google_Search,East,tablet
TXN_836833,USR_00097,2023-09-01,5143.77,Enterprise Plan,completed,Google_Search,East,desktop
TXN_789275,USR_00097,2023-10-12,2803.79,Pro Plan,refunded,Google_Search,East,desktop
TXN_325583,USR_00097,2023-11-05,544.88,Basic Plan,refunded,Google_Search,East,desktop
TXN_914571,USR_00098,2023-08-03,6557.19,Enterprise Plan,completed,Organic,East,tablet
TXN_152179,USR_00098,2023-09-30,576.79,Basic Plan,refunded,Organic,East,tablet
TXN_534303,USR_00098,2023-10-25,2581.61,One-Time Purchase,completed,Organic,East,desktop
TXN_811444,USR_00099,2023-04-21,820.18,One-Time Purchase,failed,TikTok,North,tablet
TXN_728437,USR_00099,2023-06-11,5226.09,Enterprise Plan,completed,TikTok,North,mobile
TXN_403507,USR_00099,2023-07-01,2650.02,Pro Plan,completed,TikTok,North,desktop
TXN_658453,USR_00099,2023-07-28,1124.77,One-Time Purchase,completed,TikTok,North,tablet
TXN_181644,USR_00100,2023-12-09,717.11,Basic Plan,completed,Email,North,desktop
TXN_403578,USR_00100,2024-02-03,3633.65,One-Time Purchase,completed,Email,North,mobile
TXN_582446,USR_00100,2024-03-19,5858.37,Enterprise Plan,refunded,Email,North,tablet
TXN_519902,USR_00100,2024-05-01,620.66,Basic Plan,refunded,Email,North,tablet
TXN_219565,USR_00101,2023-06-08,1613.57,Pro Plan,failed,Email,South,tablet
TXN_954628,USR_00101,2023-07-30,6754.5,Enterprise Plan,failed,Email,South,mobile
TXN_260295,USR_00101,2023-09-03,5985.36,Enterprise Plan,refunded,Email,South,tablet
TXN_896788,USR_00101,2023-09-27,2479.58,One-Time Purchase,refunded,Email,South,tablet
TXN_563688,USR_00102,2023-10-17,2158.64,Pro Plan,completed,TikTok,East,tablet
TXN_159653,USR_00103,2023-10-30,7307.71,Enterprise Plan,completed,Google_Search,East,desktop
TXN_503159,USR_00103,2023-12-07,806.5,Basic Plan,refunded,Google_Search,East,desktop
TXN_625721,USR_00104,2023-10-25,1981.29,Pro Plan,completed,TikTok,North,mobile
TXN_629057,USR_00104,2023-11-17,9910.93,Enterprise Plan,completed,TikTok,North,tablet
TXN_648141,USR_00104,2023-12-18,4956.63,One-Time Purchase,refunded,TikTok,North,tablet
TXN_450905,USR_00105,2023-05-25,893.61,Basic Plan,failed,Organic,West,mobile
TXN_992931,USR_00105,2023-07-05,1634.49,One-Time Purchase,failed,Organic,West,tablet
TXN_832409,USR_00106,2023-06-20,6550.16,Enterprise Plan,failed,Google_Search,Central,tablet
TXN_774751,USR_00106,2023-08-04,653.79,Basic Plan,completed,Google_Search,Central,desktop
TXN_289019,USR_00107,2023-12-17,5090.15,Enterprise Plan,completed,TikTok,North,mobile
TXN_632351,USR_00108,2023-09-06,1614.75,Pro Plan,completed,Meta_Facebook,South,tablet
TXN_237414,USR_00108,2023-10-29,9380.96,Enterprise Plan,refunded,Meta_Facebook,South,tablet
TXN_948343,USR_00108,2023-12-12,2746.02,Pro Plan,refunded,Meta_Facebook,South,mobile
TXN_398768,USR_00109,2023-08-13,2953.38,Pro Plan,refunded,Google_Search,West,tablet
TXN_975679,USR_00109,2023-09-30,1963.2,Pro Plan,completed,Google_Search,West,mobile
TXN_269930,USR_00110,2023-10-20,2662.66,One-Time Purchase,completed,Organic,West,mobile
TXN_489244,USR_00110,2023-12-17,5259.9,Enterprise Plan,completed,Organic,West,tablet
TXN_254506,USR_00111,2023-09-22,1908.19,Pro Plan,refunded,Google_Search,East,desktop
TXN_492127,USR_00112,2023-04-24,549.31,One-Time Purchase,refunded,Organic,East,mobile
TXN_979940,USR_00113,2023-07-17,658.34,Basic Plan,completed,Google_Search,East,tablet
TXN_570392,USR_00114,2023-03-12,2637.26,Pro Plan,completed,Google_Search,East,tablet
TXN_349183,USR_00115,2023-01-10,821.58,One-Time Purchase,completed,Email,South,desktop
TXN_579318,USR_00115,2023-02-06,3302.07,One-Time Purchase,refunded,Email,South,mobile
TXN_550089,USR_00116,2023-09-13,2576.82,Pro Plan,completed,TikTok,Central,mobile
TXN_648913,USR_00117,2023-11-11,2495.56,Pro Plan,completed,Email,South,desktop
TXN_766549,USR_00118,2023-10-06,4403.66,One-Time Purchase,completed,TikTok,Central,desktop
TXN_789023,USR_00119,2023-07-11,671.4,Basic Plan,failed,Email,North,tablet
TXN_970720,USR_00120,2023-06-20,9066.54,Enterprise Plan,completed,Meta_Facebook,North,tablet
TXN_145934,USR_00121,2023-09-03,472.82,One-Time Purchase,completed,Meta_Facebook,South,mobile
TXN_596395,USR_00121,2023-09-25,7575.92,Enterprise Plan,refunded,Meta_Facebook,South,desktop
TXN_386488,USR_00122,2023-01-19,931.9,Basic Plan,completed,Meta_Facebook,East,mobile
TXN_455505,USR_00122,2023-03-03,3792.55,One-Time Purchase,completed,Meta_Facebook,East,mobile
TXN_962287,USR_00123,2023-07-08,669.96,One-Time Purchase,refunded,TikTok,East,mobile
TXN_410000,USR_00123,2023-08-31,539.03,Basic Plan,failed,TikTok,East,desktop
TXN_862120,USR_00124,2023-08-17,1951.27,One-Time Purchase,completed,TikTok,West,desktop
TXN_812413,USR_00125,2023-05-21,7564.43,Enterprise Plan,failed,Google_Search,North,mobile
TXN_347459,USR_00125,2023-06-11,462.56,One-Time Purchase,completed,Google_Search,North,tablet
TXN_571778,USR_00125,2023-07-24,801.55,Basic Plan,failed,Google_Search,North,desktop
TXN_361736,USR_00126,2023-02-09,1776.61,One-Time Purchase,completed,TikTok,South,mobile
TXN_567951,USR_00127,2023-09-13,8873.82,Enterprise Plan,failed,TikTok,West,mobile
TXN_994253,USR_00127,2023-11-11,1239.84,One-Time Purchase,completed,TikTok,West,mobile
TXN_168093,USR_00128,2023-08-20,8338.2,Enterprise Plan,failed,Meta_Facebook,West,tablet
TXN_844031,USR_00128,2023-10-13,9255.81,Enterprise Plan,failed,Meta_Facebook,West,tablet
TXN_348235,USR_00129,2023-11-23,991.57,Basic Plan,completed,Meta_Facebook,East,desktop
TXN_236074,USR_00129,2023-12-14,7336.03,Enterprise Plan,refunded,Meta_Facebook,East,tablet
TXN_601916,USR_00129,2024-01-08,4997.1,One-Time Purchase,failed,Meta_Facebook,East,tablet
TXN_642491,USR_00130,2023-10-22,723.99,Basic Plan,failed,Google_Search,South,desktop
TXN_971776,USR_00131,2023-10-10,2662.46,One-Time Purchase,completed,TikTok,South,mobile
TXN_336422,USR_00131,2023-12-02,1741.95,Pro Plan,failed,TikTok,South,desktop
TXN_659392,USR_00132,2023-02-10,2436.53,Pro Plan,refunded,Email,South,mobile
TXN_143195,USR_00133,2023-10-31,9211.65,Enterprise Plan,refunded,TikTok,South,mobile
TXN_536822,USR_00133,2023-11-25,8254.65,Enterprise Plan,refunded,TikTok,South,tablet
TXN_606404,USR_00133,2024-01-24,8208.54,Enterprise Plan,completed,TikTok,South,mobile
TXN_560959,USR_00134,2023-12-17,843.31,Basic Plan,completed,Organic,East,desktop
TXN_853258,USR_00134,2024-02-05,8032.3,Enterprise Plan,completed,Organic,East,desktop
TXN_380464,USR_00135,2023-03-08,6207.69,Enterprise Plan,completed,Email,Central,desktop
TXN_745270,USR_00135,2023-04-12,644.11,Basic Plan,completed,Email,Central,desktop
TXN_639728,USR_00136,2023-05-08,2643.68,Pro Plan,completed,Meta_Facebook,East,desktop
TXN_711680,USR_00137,2023-09-12,4842.43,One-Time Purchase,completed,Google_Search,North,desktop
TXN_805188,USR_00137,2023-10-05,3107.34,One-Time Purchase,failed,Google_Search,North,desktop
TXN_147440,USR_00138,2023-02-25,8818.28,Enterprise Plan,completed,Organic,South,desktop
TXN_901535,USR_00139,2023-04-10,692.17,Basic Plan,completed,Email,Central,tablet
TXN_684929,USR_00140,2023-11-16,695.95,Basic Plan,completed,TikTok,North,desktop
TXN_140804,USR_00140,2023-12-15,2649.37,One-Time Purchase,completed,TikTok,North,mobile
TXN_270395,USR_00141,2023-09-23,9655.84,Enterprise Plan,completed,Organic,South,desktop
TXN_486251,USR_00142,2023-06-03,7373.46,Enterprise Plan,completed,TikTok,East,desktop
TXN_705693,USR_00143,2023-10-26,9834.35,Enterprise Plan,refunded,Email,North,mobile
TXN_133104,USR_00144,2023-03-29,2731.49,Pro Plan,completed,TikTok,Central,tablet
TXN_533020,USR_00144,2023-04-25,1773.35,One-Time Purchase,completed,TikTok,Central,tablet
TXN_601608,USR_00145,2023-11-10,2340.33,Pro Plan,failed,Organic,North,tablet
TXN_458955,USR_00145,2023-12-24,2188.5,Pro Plan,refunded,Organic,North,tablet
TXN_685196,USR_00146,2023-12-15,2935.01,Pro Plan,completed,Email,Central,desktop
TXN_934042,USR_00147,2023-06-02,7398.02,Enterprise Plan,refunded,Email,South,tablet
TXN_958130,USR_00147,2023-07-09,4509.07,One-Time Purchase,completed,Email,South,desktop
TXN_463188,USR_00147,2023-08-07,9775.57,Enterprise Plan,completed,Email,South,desktop
TXN_876880,USR_00148,2023-04-20,5685.36,Enterprise Plan,refunded,Meta_Facebook,Central,tablet
TXN_205065,USR_00148,2023-05-25,2455.92,Pro Plan,completed,Meta_Facebook,Central,desktop
TXN_600641,USR_00149,2023-02-21,3367.6,One-Time Purchase,completed,Meta_Facebook,North,tablet
TXN_661147,USR_00150,2023-05-28,825.15,Basic Plan,completed,Email,East,tablet
TXN_926236,USR_00151,2023-01-20,997.59,Basic Plan,completed,Meta_Facebook,West,desktop
TXN_398384,USR_00152,2023-05-29,963.23,Basic Plan,completed,Google_Search,North,desktop
TXN_386090,USR_00152,2023-07-22,2775.59,Pro Plan,completed,Google_Search,North,mobile
TXN_295243,USR_00152,2023-08-18,3345.94,One-Time Purchase,failed,Google_Search,North,mobile
TXN_520304,USR_00153,2023-10-18,2720.82,One-Time Purchase,completed,Meta_Facebook,South,tablet
TXN_107161,USR_00153,2023-11-13,2215.18,Pro Plan,completed,Meta_Facebook,South,desktop
TXN_710754,USR_00153,2023-12-27,9769.17,Enterprise Plan,completed,Meta_Facebook,South,tablet
TXN_800224,USR_00153,2024-02-21,8462.84,Enterprise Plan,completed,Meta_Facebook,South,mobile
TXN_329772,USR_00154,2023-07-27,6836.72,Enterprise Plan,completed,TikTok,East,mobile
TXN_593699,USR_00154,2023-09-15,7078.23,Enterprise Plan,refunded,TikTok,East,tablet
TXN_181896,USR_00155,2023-12-07,2781.41,One-Time Purchase,completed,Meta_Facebook,South,tablet
TXN_272529,USR_00155,2024-01-03,2358.05,Pro Plan,completed,Meta_Facebook,South,desktop
TXN_567122,USR_00156,2023-09-24,726.43,One-Time Purchase,refunded,Organic,North,mobile
TXN_685941,USR_00156,2023-11-12,2445.95,One-Time Purchase,completed,Organic,North,desktop
TXN_834406,USR_00157,2023-07-22,521.64,Basic Plan,completed,Email,North,mobile
TXN_903028,USR_00158,2023-02-05,1144.91,One-Time Purchase,completed,Organic,North,tablet
TXN_493892,USR_00158,2023-03-23,2407.12,One-Time Purchase,completed,Organic,North,mobile
TXN_512151,USR_00158,2023-05-16,5592.17,Enterprise Plan,refunded,Organic,North,tablet
TXN_544730,USR_00159,2023-04-25,3464.45,One-Time Purchase,refunded,Google_Search,North,tablet
TXN_902674,USR_00160,2023-05-07,5941.4,Enterprise Plan,failed,Organic,East,mobile
TXN_135207,USR_00161,2023-08-03,1599.94,Pro Plan,refunded,TikTok,North,desktop
TXN_891030,USR_00162,2023-01-25,1400.39,One-Time Purchase,completed,Meta_Facebook,North,mobile
TXN_704095,USR_00162,2023-02-22,6169.81,Enterprise Plan,failed,Meta_Facebook,North,desktop
TXN_331780,USR_00163,2023-12-11,2977.54,Pro Plan,refunded,Email,South,desktop
TXN_682851,USR_00163,2024-01-19,2437.99,Pro Plan,completed,Email,South,desktop
TXN_494747,USR_00164,2023-11-26,2217.82,One-Time Purchase,completed,Organic,Central,mobile
TXN_251363,USR_00164,2024-01-19,1950.1,Pro Plan,failed,Organic,Central,desktop
TXN_446305,USR_00165,2023-08-02,1440.44,One-Time Purchase,completed,TikTok,Central,tablet
TXN_734356,USR_00166,2023-07-09,633.23,Basic Plan,failed,Google_Search,Central,tablet
TXN_417915,USR_00167,2023-04-07,1280.78,One-Time Purchase,completed,TikTok,Central,mobile
TXN_437237,USR_00168,2023-03-02,4600.09,One-Time Purchase,refunded,Organic,South,desktop
TXN_637727,USR_00168,2023-04-15,6541.11,Enterprise Plan,completed,Organic,South,desktop
TXN_312994,USR_00168,2023-06-03,3878.66,One-Time Purchase,completed,Organic,South,desktop
TXN_707275,USR_00169,2023-10-16,7765.56,Enterprise Plan,refunded,Meta_Facebook,South,tablet
TXN_973844,USR_00170,2023-08-02,6149.09,Enterprise Plan,refunded,Email,South,mobile
TXN_933592,USR_00171,2023-12-17,2464.9,One-Time Purchase,failed,Email,East,desktop
TXN_772985,USR_00171,2024-01-16,1164.02,One-Time Purchase,refunded,Email,East,mobile
TXN_150871,USR_00171,2024-03-09,971.59,Basic Plan,failed,Email,East,mobile
TXN_109585,USR_00171,2024-04-24,1600.95,Pro Plan,completed,Email,East,mobile
TXN_678440,USR_00172,2023-01-31,372.94,One-Time Purchase,refunded,TikTok,Central,desktop
TXN_117975,USR_00172,2023-02-20,7677.69,Enterprise Plan,completed,TikTok,Central,tablet
TXN_364679,USR_00173,2023-04-02,1786.9,Pro Plan,refunded,Google_Search,North,desktop
TXN_414546,USR_00174,2023-02-10,2984.35,Pro Plan,completed,Email,West,tablet
TXN_158840,USR_00175,2023-11-29,2071.7,One-Time Purchase,completed,Google_Search,North,tablet
TXN_340927,USR_00176,2023-02-12,946.4,Basic Plan,completed,Organic,West,mobile
TXN_393992,USR_00176,2023-04-09,961.08,Basic Plan,failed,Organic,West,tablet
TXN_960778,USR_00177,2023-04-02,2627.38,Pro Plan,failed,Email,North,desktop
TXN_809922,USR_00177,2023-04-26,2349.04,Pro Plan,completed,Email,North,tablet
TXN_979414,USR_00178,2023-03-13,547.84,Basic Plan,completed,Google_Search,Central,mobile
TXN_614435,USR_00179,2023-11-11,816.06,Basic Plan,completed,TikTok,West,mobile
TXN_936821,USR_00180,2023-07-12,885.08,Basic Plan,completed,Organic,South,mobile
TXN_261771,USR_00180,2023-08-05,2069.0,Pro Plan,failed,Organic,South,tablet
TXN_566339,USR_00180,2023-09-18,544.76,Basic Plan,completed,Organic,South,desktop
TXN_684041,USR_00180,2023-10-25,592.7,Basic Plan,completed,Organic,South,tablet
TXN_406024,USR_00181,2023-01-14,9317.59,Enterprise Plan,completed,Google_Search,East,desktop
TXN_415759,USR_00182,2023-10-14,1095.66,One-Time Purchase,completed,Meta_Facebook,Central,desktop
TXN_414313,USR_00182,2023-12-04,2151.01,Pro Plan,completed,Meta_Facebook,Central,desktop
TXN_722651,USR_00182,2023-12-28,2580.35,Pro Plan,completed,Meta_Facebook,Central,tablet
TXN_448354,USR_00183,2023-04-11,5032.84,Enterprise Plan,completed,Organic,North,tablet
TXN_829066,USR_00184,2023-06-18,1949.65,Pro Plan,refunded,Organic,East,mobile
TXN_870571,USR_00184,2023-08-07,4852.01,One-Time Purchase,completed,Organic,East,tablet
TXN_482746,USR_00185,2023-10-22,9081.47,Enterprise Plan,completed,Meta_Facebook,East,mobile
TXN_128223,USR_00185,2023-12-17,2521.57,Pro Plan,refunded,Meta_Facebook,East,tablet
TXN_764100,USR_00186,2023-04-18,3461.99,One-Time Purchase,completed,Organic,East,desktop
TXN_177558,USR_00186,2023-05-23,2571.85,Pro Plan,completed,Organic,East,desktop
TXN_835716,USR_00187,2023-11-03,2854.13,One-Time Purchase,completed,Organic,Central,tablet
TXN_690579,USR_00188,2023-02-13,2469.5,Pro Plan,completed,Google_Search,South,tablet
TXN_883132,USR_00189,2023-06-19,628.37,Basic Plan,refunded,Organic,North,tablet
TXN_909859,USR_00190,2023-10-13,2057.36,One-Time Purchase,completed,TikTok,Central,tablet
TXN_221707,USR_00191,2023-03-19,646.72,Basic Plan,completed,Email,North,tablet
TXN_646428,USR_00191,2023-04-17,7275.66,Enterprise Plan,completed,Email,North,desktop
TXN_220675,USR_00192,2023-08-13,5222.42,Enterprise Plan,failed,Organic,East,mobile
TXN_584498,USR_00193,2023-12-13,1995.48,Pro Plan,completed,Meta_Facebook,South,mobile
TXN_507723,USR_00194,2023-04-06,2173.36,Pro Plan,completed,Organic,West,mobile
TXN_296041,USR_00195,2023-12-27,787.67,Basic Plan,refunded,Meta_Facebook,South,desktop
TXN_653349,USR_00195,2024-02-05,630.18,Basic Plan,completed,Meta_Facebook,South,tablet
TXN_747351,USR_00196,2023-11-09,6758.92,Enterprise Plan,completed,Organic,Central,mobile
TXN_291936,USR_00197,2023-10-30,618.29,Basic Plan,completed,Google_Search,South,desktop
TXN_502349,USR_00197,2023-11-28,3102.2,One-Time Purchase,refunded,Google_Search,South,desktop
TXN_429861,USR_00198,2023-10-03,1656.52,One-Time Purchase,completed,Meta_Facebook,Central,desktop
TXN_243167,USR_00198,2023-12-01,9758.21,Enterprise Plan,completed,Meta_Facebook,Central,mobile
TXN_612438,USR_00199,2023-09-16,3636.67,One-Time Purchase,completed,Organic,West,mobile
TXN_918665,USR_00200,2023-04-23,2305.41,Pro Plan,completed,Email,North,desktop
TXN_963274,USR_00201,2023-09-11,632.94,Basic Plan,refunded,TikTok,Central,desktop
TXN_887842,USR_00202,2023-01-22,780.36,One-Time Purchase,failed,Organic,Central,mobile
TXN_913308,USR_00203,2023-01-17,718.53,Basic Plan,completed,Organic,East,mobile
TXN_953047,USR_00204,2023-10-29,2423.23,Pro Plan,completed,Email,Central,mobile
TXN_403387,USR_00205,2023-09-30,9894.0,Enterprise Plan,completed,Email,Central,tablet
TXN_233051,USR_00206,2023-09-21,995.24,Basic Plan,failed,Google_Search,South,tablet
TXN_511776,USR_00206,2023-10-19,9141.41,Enterprise Plan,failed,Google_Search,South,desktop
TXN_522419,USR_00207,2023-05-18,815.81,Basic Plan,completed,Organic,West,tablet
TXN_197666,USR_00208,2023-07-08,933.45,Basic Plan,failed,Organic,West,tablet
TXN_618746,USR_00209,2023-12-24,2951.19,Pro Plan,completed,Email,North,desktop
TXN_899281,USR_00210,2023-06-22,4004.03,One-Time Purchase,failed,TikTok,Central,mobile
TXN_562721,USR_00210,2023-07-14,375.52,One-Time Purchase,completed,TikTok,Central,desktop
TXN_197874,USR_00211,2023-08-08,2810.64,Pro Plan,completed,Meta_Facebook,South,tablet
TXN_273565,USR_00211,2023-09-20,8321.54,Enterprise Plan,failed,Meta_Facebook,South,mobile
TXN_181724,USR_00212,2023-12-25,499.54,Basic Plan,completed,Meta_Facebook,West,mobile
TXN_460263,USR_00212,2024-02-20,342.65,One-Time Purchase,failed,Meta_Facebook,West,mobile
TXN_945106,USR_00213,2023-08-05,2073.6,Pro Plan,failed,Meta_Facebook,West,mobile
TXN_772741,USR_00213,2023-08-31,5684.65,Enterprise Plan,completed,Meta_Facebook,West,tablet
TXN_323404,USR_00214,2023-03-15,2159.15,Pro Plan,failed,Google_Search,Central,tablet
TXN_246814,USR_00215,2023-03-19,1629.03,Pro Plan,completed,Organic,Central,mobile
TXN_360221,USR_00216,2023-06-29,1914.45,Pro Plan,completed,Organic,East,tablet
TXN_297810,USR_00217,2023-11-08,2275.62,Pro Plan,refunded,Email,North,tablet
TXN_618927,USR_00217,2023-12-23,890.9,Basic Plan,completed,Email,North,desktop
TXN_478638,USR_00217,2024-01-19,763.14,Basic Plan,completed,Email,North,desktop
TXN_117500,USR_00218,2023-10-19,4784.93,One-Time Purchase,completed,Organic,East,tablet
TXN_927630,USR_00218,2023-11-12,1558.74,Pro Plan,completed,Organic,East,desktop
TXN_186431,USR_00218,2024-01-03,2289.8,One-Time Purchase,completed,Organic,East,tablet
TXN_636141,USR_00219,2023-10-02,5416.99,Enterprise Plan,completed,TikTok,Central,mobile
TXN_814138,USR_00219,2023-10-31,3055.25,One-Time Purchase,failed,TikTok,Central,tablet
TXN_160718,USR_00219,2023-11-24,3729.8,One-Time Purchase,completed,TikTok,Central,mobile
TXN_790017,USR_00220,2023-02-14,653.65,Basic Plan,failed,Organic,North,tablet
TXN_620526,USR_00220,2023-03-17,2551.25,Pro Plan,completed,Organic,North,desktop
TXN_908903,USR_00221,2023-05-13,8663.68,Enterprise Plan,completed,Meta_Facebook,East,mobile
TXN_477617,USR_00222,2023-05-20,747.07,Basic Plan,refunded,TikTok,North,mobile
TXN_857888,USR_00223,2023-03-27,946.13,Basic Plan,failed,Email,South,mobile
TXN_257375,USR_00224,2023-01-02,734.88,Basic Plan,completed,Google_Search,North,mobile
TXN_435476,USR_00225,2024-01-01,2123.38,Pro Plan,failed,Organic,South,desktop
TXN_520400,USR_00226,2023-03-03,2705.51,Pro Plan,completed,TikTok,North,mobile
TXN_691194,USR_00227,2023-06-09,683.46,Basic Plan,completed,Email,North,desktop
TXN_910143,USR_00227,2023-08-07,7957.45,Enterprise Plan,completed,Email,North,mobile
TXN_766833,USR_00228,2023-05-06,615.5,Basic Plan,completed,Meta_Facebook,North,tablet
TXN_540208,USR_00229,2023-01-01,2293.72,Pro Plan,completed,Organic,East,desktop
TXN_533121,USR_00230,2023-03-14,2844.93,Pro Plan,refunded,Email,North,tablet
TXN_178465,USR_00231,2023-07-10,2454.82,Pro Plan,completed,Organic,North,tablet
TXN_992247,USR_00231,2023-09-04,1854.16,Pro Plan,completed,Organic,North,desktop
TXN_242723,USR_00232,2023-07-21,6167.06,Enterprise Plan,completed,Email,East,tablet
TXN_526259,USR_00232,2023-08-16,2173.35,Pro Plan,completed,Email,East,mobile
TXN_377880,USR_00232,2023-10-09,2176.88,Pro Plan,completed,Email,East,mobile
TXN_732608,USR_00232,2023-11-03,9130.93,Enterprise Plan,failed,Email,East,mobile
TXN_810078,USR_00233,2023-06-17,6980.22,Enterprise Plan,completed,Meta_Facebook,North,desktop
TXN_942946,USR_00234,2023-03-31,1641.09,Pro Plan,completed,Google_Search,West,mobile
TXN_490321,USR_00234,2023-04-27,1695.07,Pro Plan,completed,Google_Search,West,tablet
TXN_307356,USR_00235,2023-02-13,509.9,Basic Plan,completed,TikTok,Central,tablet
TXN_554197,USR_00236,2023-02-17,537.0,One-Time Purchase,refunded,Email,North,tablet
TXN_296242,USR_00237,2023-07-22,1111.19,One-Time Purchase,completed,Organic,North,desktop
TXN_746947,USR_00237,2023-08-28,1550.97,Pro Plan,refunded,Organic,North,mobile
TXN_309146,USR_00238,2023-10-09,6914.08,Enterprise Plan,completed,Organic,North,tablet
TXN_476556,USR_00238,2023-12-01,993.7,Basic Plan,failed,Organic,North,desktop
TXN_434367,USR_00239,2023-10-06,1570.05,One-Time Purchase,completed,Organic,East,tablet
TXN_655149,USR_00239,2023-11-09,5291.96,Enterprise Plan,completed,Organic,East,desktop
TXN_158624,USR_00240,2023-03-23,7667.45,Enterprise Plan,failed,Google_Search,South,mobile
TXN_831514,USR_00241,2023-07-18,2387.78,Pro Plan,failed,Email,South,desktop
TXN_249005,USR_00241,2023-09-13,9736.79,Enterprise Plan,refunded,Email,South,tablet
TXN_343923,USR_00242,2023-09-10,477.43,One-Time Purchase,completed,TikTok,East,tablet
TXN_311250,USR_00242,2023-10-14,302.21,One-Time Purchase,refunded,TikTok,East,mobile
TXN_482614,USR_00243,2023-06-15,2660.55,Pro Plan,refunded,Google_Search,North,mobile
TXN_265154,USR_00244,2023-12-06,6507.83,Enterprise Plan,completed,Organic,Central,tablet
TXN_496764,USR_00245,2023-09-07,2497.3,Pro Plan,completed,Email,South,desktop
TXN_510623,USR_00245,2023-10-15,973.39,Basic Plan,refunded,Email,South,tablet
TXN_331625,USR_00245,2023-11-06,9604.19,Enterprise Plan,refunded,Email,South,tablet
TXN_181586,USR_00245,2024-01-01,960.02,One-Time Purchase,failed,Email,South,mobile
TXN_826847,USR_00246,2023-03-27,631.61,Basic Plan,completed,Google_Search,East,mobile
TXN_504684,USR_00246,2023-05-08,859.21,Basic Plan,completed,Google_Search,East,desktop
TXN_927043,USR_00247,2023-07-31,775.71,One-Time Purchase,completed,Organic,West,tablet
TXN_409234,USR_00247,2023-09-03,898.6,Basic Plan,completed,Organic,West,mobile
TXN_493696,USR_00247,2023-10-13,536.1,Basic Plan,completed,Organic,West,mobile
TXN_273012,USR_00248,2023-02-17,714.66,Basic Plan,failed,Email,Central,tablet
TXN_529161,USR_00248,2023-04-05,664.55,Basic Plan,completed,Email,Central,tablet
TXN_699544,USR_00249,2023-10-04,1642.87,Pro Plan,completed,Email,East,tablet
TXN_408857,USR_00249,2023-11-24,5018.08,Enterprise Plan,completed,Email,East,tablet
TXN_596574,USR_00250,2023-04-13,2456.29,Pro Plan,completed,Google_Search,North,mobile
TXN_487345,USR_00251,2023-08-30,1167.94,One-Time Purchase,completed,Organic,East,mobile
TXN_977740,USR_00251,2023-10-17,2484.77,One-Time Purchase,completed,Organic,East,desktop
TXN_534096,USR_00252,2023-10-16,833.07,Basic Plan,refunded,Google_Search,South,tablet
TXN_513982,USR_00253,2023-07-18,2213.39,Pro Plan,completed,TikTok,West,tablet
TXN_281276,USR_00253,2023-08-09,1679.42,Pro Plan,completed,TikTok,West,mobile
TXN_255061,USR_00254,2023-03-06,1248.02,One-Time Purchase,failed,Google_Search,West,tablet
TXN_516656,USR_00254,2023-04-11,542.51,Basic Plan,refunded,Google_Search,West,tablet
TXN_716118,USR_00255,2023-06-16,892.28,Basic Plan,refunded,Email,Central,tablet
TXN_710981,USR_00255,2023-08-01,1721.3,Pro Plan,refunded,Email,Central,mobile
TXN_609172,USR_00256,2023-02-21,1540.44,One-Time Purchase,failed,Email,Central,tablet
TXN_748276,USR_00256,2023-04-20,1912.12,Pro Plan,completed,Email,Central,tablet
TXN_881975,USR_00256,2023-06-04,8451.57,Enterprise Plan,completed,Email,Central,desktop
TXN_818119,USR_00257,2023-01-11,9213.23,Enterprise Plan,failed,Email,East,mobile
TXN_382507,USR_00257,2023-02-14,3936.95,One-Time Purchase,completed,Email,East,tablet
TXN_492073,USR_00258,2023-02-15,3781.44,One-Time Purchase,refunded,Meta_Facebook,West,mobile
TXN_696296,USR_00259,2023-02-03,2669.77,Pro Plan,refunded,Email,Central,mobile
TXN_134677,USR_00259,2023-03-06,2754.47,Pro Plan,completed,Email,Central,desktop
TXN_229890,USR_00260,2023-12-27,2673.09,One-Time Purchase,failed,Meta_Facebook,East,tablet
TXN_597635,USR_00260,2024-01-17,3091.0,One-Time Purchase,completed,Meta_Facebook,East,tablet
TXN_885342,USR_00260,2024-03-12,2755.48,Pro Plan,completed,Meta_Facebook,East,tablet
TXN_917711,USR_00260,2024-04-06,532.36,One-Time Purchase,refunded,Meta_Facebook,East,mobile
TXN_109330,USR_00261,2023-12-13,931.31,Basic Plan,failed,Meta_Facebook,East,desktop
TXN_773962,USR_00262,2023-11-04,8562.7,Enterprise Plan,failed,Google_Search,South,desktop
TXN_964352,USR_00263,2023-06-28,1719.08,One-Time Purchase,refunded,Organic,East,tablet
TXN_166938,USR_00264,2023-01-04,8421.07,Enterprise Plan,completed,TikTok,East,desktop
TXN_159532,USR_00265,2023-05-22,2274.94,Pro Plan,completed,Email,East,tablet
TXN_524252,USR_00266,2023-12-15,6296.13,Enterprise Plan,completed,Meta_Facebook,North,desktop
TXN_475911,USR_00267,2023-10-20,4559.67,One-Time Purchase,failed,Meta_Facebook,East,tablet
TXN_371216,USR_00268,2023-12-03,734.39,Basic Plan,failed,TikTok,South,tablet
TXN_540897,USR_00269,2023-04-04,6115.64,Enterprise Plan,completed,Email,North,desktop
TXN_593393,USR_00269,2023-05-17,7317.8,Enterprise Plan,completed,Email,North,mobile
TXN_655575,USR_00270,2023-11-14,932.75,Basic Plan,completed,Google_Search,West,desktop
TXN_459315,USR_00270,2023-12-30,1705.05,Pro Plan,completed,Google_Search,West,desktop
TXN_285413,USR_00271,2023-08-23,742.79,Basic Plan,failed,Meta_Facebook,East,desktop
TXN_704272,USR_00271,2023-10-22,1584.58,One-Time Purchase,completed,Meta_Facebook,East,mobile
TXN_501936,USR_00272,2023-02-15,2194.95,One-Time Purchase,completed,Meta_Facebook,Central,mobile
TXN_893612,USR_00272,2023-03-09,9749.34,Enterprise Plan,completed,Meta_Facebook,Central,tablet
TXN_337256,USR_00272,2023-04-10,812.34,Basic Plan,completed,Meta_Facebook,Central,tablet
TXN_412687,USR_00273,2023-02-22,1596.93,Pro Plan,completed,Organic,Central,desktop
TXN_476701,USR_00274,2023-11-02,2013.1,Pro Plan,completed,TikTok,East,mobile
TXN_718337,USR_00275,2023-07-26,1815.79,Pro Plan,completed,Google_Search,South,tablet
TXN_368214,USR_00275,2023-08-25,686.6,Basic Plan,failed,Google_Search,South,tablet
TXN_976735,USR_00275,2023-10-23,829.98,Basic Plan,failed,Google_Search,South,mobile
TXN_315477,USR_00276,2023-08-02,7370.98,Enterprise Plan,completed,Organic,West,tablet
TXN_645583,USR_00276,2023-10-01,3408.82,One-Time Purchase,failed,Organic,West,desktop
TXN_223453,USR_00277,2023-11-15,754.79,Basic Plan,refunded,TikTok,South,desktop
TXN_475308,USR_00278,2023-09-12,9156.49,Enterprise Plan,completed,Meta_Facebook,Central,tablet
TXN_821634,USR_00278,2023-10-28,773.07,Basic Plan,completed,Meta_Facebook,Central,desktop
TXN_975804,USR_00278,2023-12-08,834.82,Basic Plan,completed,Meta_Facebook,Central,tablet
TXN_858711,USR_00278,2024-01-28,888.76,Basic Plan,completed,Meta_Facebook,Central,tablet
TXN_204657,USR_00279,2023-02-21,6319.63,Enterprise Plan,completed,Email,South,mobile
TXN_110142,USR_00280,2023-07-04,924.62,Basic Plan,completed,Email,West,mobile
TXN_868677,USR_00280,2023-08-03,4787.92,One-Time Purchase,completed,Email,West,mobile
TXN_385037,USR_00281,2023-07-10,2180.18,One-Time Purchase,completed,Email,South,desktop
TXN_208751,USR_00282,2023-11-29,989.78,Basic Plan,completed,Meta_Facebook,North,desktop
TXN_917012,USR_00282,2024-01-25,1150.92,One-Time Purchase,completed,Meta_Facebook,North,desktop
TXN_218423,USR_00282,2024-03-24,2223.62,Pro Plan,completed,Meta_Facebook,North,desktop
TXN_650311,USR_00283,2023-08-14,5060.8,Enterprise Plan,failed,Google_Search,North,tablet
TXN_605339,USR_00284,2023-04-25,3409.05,One-Time Purchase,completed,Email,Central,desktop
TXN_630126,USR_00284,2023-06-08,504.82,Basic Plan,completed,Email,Central,desktop
TXN_152796,USR_00285,2023-09-11,6203.46,Enterprise Plan,completed,Meta_Facebook,North,tablet
TXN_569865,USR_00286,2023-07-13,2386.69,One-Time Purchase,refunded,Organic,South,mobile
TXN_785111,USR_00286,2023-09-02,989.34,Basic Plan,failed,Organic,South,mobile
TXN_749137,USR_00287,2023-02-22,911.95,Basic Plan,refunded,Organic,West,tablet
TXN_965401,USR_00288,2023-06-05,4765.67,One-Time Purchase,completed,TikTok,Central,mobile
TXN_202170,USR_00289,2023-06-19,8578.57,Enterprise Plan,completed,TikTok,Central,tablet
TXN_674295,USR_00289,2023-07-23,9148.42,Enterprise Plan,completed,TikTok,Central,tablet
TXN_305438,USR_00290,2023-01-24,801.72,One-Time Purchase,refunded,Meta_Facebook,West,mobile
TXN_148759,USR_00291,2023-07-21,5537.83,Enterprise Plan,completed,Meta_Facebook,West,tablet
TXN_628689,USR_00291,2023-09-16,2448.72,One-Time Purchase,refunded,Meta_Facebook,West,mobile
TXN_979562,USR_00291,2023-11-06,775.61,Basic Plan,completed,Meta_Facebook,West,tablet
TXN_735605,USR_00292,2023-04-01,692.7,Basic Plan,refunded,TikTok,South,desktop
TXN_574843,USR_00293,2023-08-03,4827.89,One-Time Purchase,completed,TikTok,South,mobile
TXN_429159,USR_00293,2023-08-31,9214.37,Enterprise Plan,refunded,TikTok,South,tablet
TXN_844904,USR_00294,2023-04-13,9604.96,Enterprise Plan,completed,Meta_Facebook,Central,tablet
TXN_689593,USR_00294,2023-05-14,8550.76,Enterprise Plan,completed,Meta_Facebook,Central,desktop
TXN_211642,USR_00295,2023-12-08,4098.03,One-Time Purchase,refunded,Organic,Central,mobile
TXN_400538,USR_00295,2024-01-21,598.95,Basic Plan,completed,Organic,Central,tablet
TXN_313910,USR_00295,2024-02-26,844.3,Basic Plan,completed,Organic,Central,tablet
TXN_401610,USR_00296,2023-08-20,1415.7,One-Time Purchase,failed,Google_Search,Central,tablet
TXN_750706,USR_00297,2023-07-18,870.83,Basic Plan,completed,Organic,East,desktop
TXN_815819,USR_00298,2023-04-26,1940.27,Pro Plan,completed,Email,Central,mobile
TXN_236384,USR_00299,2023-09-21,1610.83,One-Time Purchase,completed,Google_Search,West,mobile
TXN_141880,USR_00300,2023-10-27,3634.54,One-Time Purchase,completed,Email,North,mobile
TXN_433299,USR_00301,2023-11-17,5363.4,Enterprise Plan,failed,TikTok,East,tablet
TXN_196411,USR_00302,2023-09-24,2851.48,One-Time Purchase,completed,Google_Search,Central,desktop
TXN_656268,USR_00303,2023-12-06,6091.23,Enterprise Plan,refunded,Email,East,desktop
TXN_743512,USR_00304,2023-11-29,1428.64,One-Time Purchase,failed,Google_Search,North,tablet
TXN_396567,USR_00305,2023-12-16,1504.98,One-Time Purchase,failed,Email,West,mobile
TXN_301863,USR_00306,2023-07-11,505.1,One-Time Purchase,failed,TikTok,Central,desktop
TXN_659106,USR_00306,2023-09-01,582.7,Basic Plan,refunded,TikTok,Central,mobile
TXN_976258,USR_00306,2023-10-31,2796.43,Pro Plan,completed,TikTok,Central,mobile
TXN_139726,USR_00307,2023-12-26,728.61,Basic Plan,completed,Organic,North,mobile
TXN_961530,USR_00307,2024-01-19,7789.42,Enterprise Plan,refunded,Organic,North,mobile
TXN_660814,USR_00308,2023-08-19,693.75,Basic Plan,completed,Organic,West,mobile
TXN_475075,USR_00308,2023-10-17,849.44,Basic Plan,completed,Organic,West,tablet
TXN_902448,USR_00308,2023-11-12,8031.83,Enterprise Plan,completed,Organic,West,desktop
TXN_935474,USR_00309,2023-12-05,1703.57,Pro Plan,completed,Google_Search,West,tablet
TXN_700538,USR_00310,2023-03-15,1683.85,Pro Plan,completed,Email,East,tablet
TXN_861200,USR_00311,2023-07-21,6049.26,Enterprise Plan,failed,TikTok,Central,desktop
TXN_746850,USR_00311,2023-08-23,1740.43,Pro Plan,completed,TikTok,Central,desktop
TXN_404771,USR_00312,2023-04-10,3328.97,One-Time Purchase,completed,Google_Search,South,tablet
TXN_234443,USR_00313,2023-02-04,4771.24,One-Time Purchase,completed,Email,North,tablet
TXN_609462,USR_00313,2023-03-11,949.06,Basic Plan,completed,Email,North,desktop
TXN_105066,USR_00314,2023-06-06,9792.29,Enterprise Plan,completed,TikTok,South,desktop
TXN_603268,USR_00315,2023-12-31,2518.37,Pro Plan,completed,Organic,East,desktop
TXN_284308,USR_00315,2024-02-17,7433.86,Enterprise Plan,completed,Organic,East,tablet
TXN_664781,USR_00315,2024-04-15,9292.57,Enterprise Plan,completed,Organic,East,mobile
TXN_524814,USR_00316,2023-11-17,905.32,Basic Plan,refunded,Google_Search,North,tablet
TXN_483588,USR_00317,2023-04-19,3372.37,One-Time Purchase,completed,Google_Search,Central,desktop
TXN_111106,USR_00318,2023-10-29,697.39,Basic Plan,refunded,Email,South,tablet
TXN_693297,USR_00319,2023-11-11,1047.35,One-Time Purchase,refunded,Meta_Facebook,Central,tablet
TXN_487380,USR_00320,2023-09-05,1388.22,One-Time Purchase,completed,Email,North,mobile
TXN_780027,USR_00321,2023-09-23,4442.29,One-Time Purchase,completed,Email,West,desktop
TXN_716225,USR_00322,2023-09-24,3371.27,One-Time Purchase,completed,Email,East,tablet
TXN_641455,USR_00322,2023-10-18,4870.57,One-Time Purchase,completed,Email,East,desktop
TXN_180832,USR_00323,2023-06-26,2158.85,Pro Plan,completed,Organic,West,tablet
TXN_852146,USR_00324,2023-11-26,1735.04,Pro Plan,refunded,Email,South,mobile
TXN_808029,USR_00324,2023-12-30,8600.28,Enterprise Plan,completed,Email,South,desktop
TXN_123536,USR_00324,2024-02-18,2469.89,Pro Plan,completed,Email,South,mobile
TXN_700067,USR_00325,2023-01-23,2443.31,Pro Plan,completed,Meta_Facebook,Central,mobile
TXN_728471,USR_00325,2023-02-15,2273.96,Pro Plan,completed,Meta_Facebook,Central,tablet
TXN_571023,USR_00325,2023-04-16,9735.27,Enterprise Plan,completed,Meta_Facebook,Central,tablet
TXN_960307,USR_00326,2023-08-30,3122.94,One-Time Purchase,refunded,Organic,South,mobile
TXN_238635,USR_00327,2023-05-16,613.91,Basic Plan,completed,Meta_Facebook,East,mobile
TXN_200976,USR_00327,2023-06-06,4183.62,One-Time Purchase,refunded,Meta_Facebook,East,mobile
TXN_732789,USR_00328,2023-11-04,740.12,Basic Plan,completed,Google_Search,Central,tablet
TXN_655552,USR_00329,2023-12-14,9373.12,Enterprise Plan,failed,Organic,Central,desktop
TXN_903061,USR_00330,2023-09-04,928.25,One-Time Purchase,completed,Organic,East,mobile
TXN_843596,USR_00330,2023-09-29,1510.68,One-Time Purchase,completed,Organic,East,tablet
TXN_821175,USR_00331,2023-01-04,686.51,Basic Plan,completed,TikTok,Central,desktop
TXN_365953,USR_00331,2023-02-19,2138.11,Pro Plan,refunded,TikTok,Central,desktop
TXN_891645,USR_00332,2023-10-02,9957.99,Enterprise Plan,completed,Organic,Central,mobile
TXN_705711,USR_00333,2023-10-13,1491.75,One-Time Purchase,completed,Organic,South,desktop
TXN_520018,USR_00334,2023-12-04,1649.42,Pro Plan,refunded,Google_Search,South,desktop
TXN_594580,USR_00335,2023-12-17,901.18,Basic Plan,completed,Google_Search,South,tablet
TXN_738613,USR_00335,2024-02-02,6107.85,Enterprise Plan,completed,Google_Search,South,mobile
TXN_771394,USR_00336,2023-07-25,971.86,Basic Plan,completed,TikTok,Central,desktop
TXN_635348,USR_00336,2023-09-11,5972.73,Enterprise Plan,refunded,TikTok,Central,tablet
TXN_389340,USR_00337,2023-12-12,986.82,Basic Plan,completed,Google_Search,East,desktop
TXN_398313,USR_00338,2023-07-27,958.59,Basic Plan,refunded,TikTok,South,tablet
TXN_576849,USR_00339,2023-10-14,6130.48,Enterprise Plan,completed,TikTok,East,desktop
TXN_685766,USR_00339,2023-12-09,2109.7,Pro Plan,completed,TikTok,East,mobile
TXN_664032,USR_00339,2024-01-30,900.47,Basic Plan,completed,TikTok,East,tablet
TXN_814703,USR_00340,2023-07-13,9805.19,Enterprise Plan,completed,TikTok,West,desktop
TXN_809794,USR_00341,2023-09-04,3277.21,One-Time Purchase,completed,Google_Search,East,tablet
TXN_518309,USR_00342,2023-07-31,6240.29,Enterprise Plan,completed,Email,Central,tablet
TXN_701581,USR_00343,2023-06-25,1774.2,One-Time Purchase,completed,Google_Search,Central,desktop
TXN_316823,USR_00344,2023-12-16,2602.14,Pro Plan,completed,Meta_Facebook,West,mobile
TXN_795650,USR_00345,2023-11-13,959.09,Basic Plan,failed,Email,South,desktop
TXN_750817,USR_00345,2024-01-11,923.01,Basic Plan,completed,Email,South,desktop
TXN_393880,USR_00346,2023-09-10,2975.59,Pro Plan,refunded,TikTok,East,desktop
TXN_626883,USR_00347,2023-03-07,4715.38,One-Time Purchase,completed,Google_Search,Central,desktop
TXN_806848,USR_00348,2023-03-31,8445.05,Enterprise Plan,completed,Organic,North,mobile
TXN_382495,USR_00349,2023-06-16,2321.85,Pro Plan,completed,Email,Central,desktop
TXN_539450,USR_00349,2023-08-14,2247.16,Pro Plan,completed,Email,Central,tablet
TXN_699166,USR_00349,2023-09-26,1613.26,One-Time Purchase,completed,Email,Central,mobile
TXN_256812,USR_00350,2023-02-21,1220.5,One-Time Purchase,failed,Email,South,desktop
TXN_642121,USR_00350,2023-03-13,931.02,One-Time Purchase,failed,Email,South,tablet
TXN_162952,USR_00351,2023-06-03,764.18,One-Time Purchase,completed,Email,Central,mobile
TXN_687569,USR_00352,2023-05-11,6297.85,Enterprise Plan,completed,Organic,North,tablet
TXN_734992,USR_00352,2023-06-16,868.82,One-Time Purchase,failed,Organic,North,mobile
TXN_611174,USR_00353,2023-11-29,6624.45,Enterprise Plan,refunded,TikTok,South,tablet
TXN_946952,USR_00354,2023-07-15,2801.39,Pro Plan,failed,TikTok,East,desktop
TXN_432270,USR_00355,2023-10-20,2014.44,Pro Plan,completed,Organic,North,tablet
TXN_572161,USR_00356,2023-11-06,8738.48,Enterprise Plan,refunded,Organic,East,desktop
TXN_794180,USR_00356,2023-12-06,561.52,Basic Plan,completed,Organic,East,desktop
TXN_596171,USR_00356,2023-12-31,783.14,One-Time Purchase,completed,Organic,East,tablet
TXN_208976,USR_00356,2024-01-23,2761.72,One-Time Purchase,completed,Organic,East,desktop
TXN_873422,USR_00356,2024-03-22,1753.04,One-Time Purchase,completed,Organic,East,desktop
TXN_599284,USR_00357,2023-03-09,830.77,Basic Plan,completed,TikTok,South,desktop
TXN_665484,USR_00358,2023-10-04,2953.31,Pro Plan,failed,Email,Central,mobile
TXN_943797,USR_00359,2023-11-20,7407.26,Enterprise Plan,completed,TikTok,West,mobile
TXN_111068,USR_00359,2024-01-07,1520.09,One-Time Purchase,completed,TikTok,West,mobile
TXN_892170,USR_00360,2023-03-11,842.88,Basic Plan,completed,Email,East,desktop
TXN_342446,USR_00360,2023-04-19,4049.43,One-Time Purchase,refunded,Email,East,mobile
TXN_513927,USR_00360,2023-06-13,4445.16,One-Time Purchase,completed,Email,East,mobile
TXN_351198,USR_00361,2023-11-27,5395.05,Enterprise Plan,failed,Organic,West,tablet
TXN_291267,USR_00362,2023-12-17,1182.6,One-Time Purchase,completed,Email,East,mobile
TXN_834498,USR_00362,2024-01-24,3202.33,One-Time Purchase,completed,Email,East,tablet
TXN_123205,USR_00362,2024-03-15,575.07,Basic Plan,refunded,Email,East,mobile
TXN_108602,USR_00362,2024-04-10,2571.79,Pro Plan,failed,Email,East,mobile
TXN_426711,USR_00362,2024-05-05,1319.78,One-Time Purchase,completed,Email,East,desktop
TXN_158760,USR_00363,2023-07-10,920.77,Basic Plan,completed,Organic,North,desktop
TXN_956949,USR_00363,2023-08-24,1152.54,One-Time Purchase,completed,Organic,North,desktop
TXN_359168,USR_00363,2023-09-13,2076.2,Pro Plan,completed,Organic,North,tablet
TXN_595793,USR_00363,2023-10-05,759.57,Basic Plan,completed,Organic,North,desktop
TXN_308376,USR_00364,2023-03-23,7405.15,Enterprise Plan,completed,Google_Search,Central,desktop
TXN_713099,USR_00365,2023-04-22,5074.34,Enterprise Plan,completed,Google_Search,South,mobile
TXN_360804,USR_00366,2023-01-05,2056.1,Pro Plan,completed,Google_Search,Central,mobile
TXN_162969,USR_00366,2023-02-25,9653.24,Enterprise Plan,failed,Google_Search,Central,mobile
TXN_926867,USR_00367,2023-12-26,1392.57,One-Time Purchase,refunded,TikTok,North,tablet
TXN_141406,USR_00368,2023-08-13,8621.0,Enterprise Plan,completed,Meta_Facebook,North,desktop
TXN_388698,USR_00369,2023-10-05,6617.4,Enterprise Plan,completed,Organic,South,tablet
TXN_667915,USR_00369,2023-11-29,2173.08,Pro Plan,completed,Organic,South,desktop
TXN_749838,USR_00369,2024-01-17,3747.19,One-Time Purchase,completed,Organic,South,desktop
TXN_621718,USR_00370,2023-11-14,1191.39,One-Time Purchase,failed,Meta_Facebook,East,tablet
TXN_145903,USR_00371,2023-06-15,760.6,Basic Plan,completed,Organic,East,mobile
TXN_976923,USR_00372,2023-04-14,514.91,Basic Plan,failed,Google_Search,West,desktop
TXN_735388,USR_00372,2023-06-04,5244.43,Enterprise Plan,completed,Google_Search,West,tablet
TXN_590795,USR_00372,2023-06-28,2482.62,Pro Plan,completed,Google_Search,West,tablet
TXN_181721,USR_00373,2023-08-01,866.15,Basic Plan,completed,Email,North,mobile
TXN_302500,USR_00373,2023-09-23,2296.49,Pro Plan,completed,Email,North,tablet
TXN_475351,USR_00374,2023-04-02,882.14,Basic Plan,refunded,TikTok,Central,tablet
TXN_265860,USR_00375,2023-08-07,2671.06,One-Time Purchase,failed,Google_Search,South,tablet
TXN_440424,USR_00375,2023-10-04,9511.42,Enterprise Plan,refunded,Google_Search,South,desktop
TXN_880746,USR_00376,2023-08-09,2061.59,Pro Plan,refunded,Email,Central,desktop
TXN_241647,USR_00377,2023-08-18,7977.81,Enterprise Plan,refunded,Organic,North,desktop
TXN_962283,USR_00378,2023-01-04,5107.51,Enterprise Plan,failed,Email,South,desktop
TXN_472932,USR_00378,2023-02-28,1640.43,Pro Plan,completed,Email,South,mobile
TXN_196369,USR_00378,2023-03-28,1848.49,Pro Plan,completed,Email,South,tablet
TXN_836989,USR_00379,2023-04-22,2231.41,Pro Plan,failed,Google_Search,East,tablet
TXN_464831,USR_00380,2023-06-03,889.06,Basic Plan,completed,Google_Search,Central,desktop
TXN_143182,USR_00381,2023-03-03,553.4,One-Time Purchase,refunded,Meta_Facebook,Central,desktop
TXN_867115,USR_00382,2023-10-04,1728.8,Pro Plan,failed,TikTok,South,desktop
TXN_255202,USR_00383,2023-10-22,1660.98,One-Time Purchase,completed,TikTok,North,mobile
TXN_189211,USR_00383,2023-12-02,773.08,Basic Plan,completed,TikTok,North,desktop
TXN_699083,USR_00384,2023-12-24,2230.79,Pro Plan,failed,Meta_Facebook,South,mobile
TXN_817999,USR_00385,2023-09-26,8882.86,Enterprise Plan,completed,Meta_Facebook,South,tablet
TXN_299742,USR_00385,2023-10-21,2289.64,One-Time Purchase,completed,Meta_Facebook,South,desktop
TXN_961493,USR_00386,2023-06-26,2980.48,Pro Plan,refunded,TikTok,North,desktop
TXN_309385,USR_00386,2023-08-24,961.11,Basic Plan,completed,TikTok,North,tablet
TXN_354854,USR_00386,2023-10-06,555.19,Basic Plan,completed,TikTok,North,tablet
TXN_447997,USR_00387,2023-05-28,7249.31,Enterprise Plan,completed,Google_Search,East,mobile
TXN_865380,USR_00387,2023-07-21,7743.0,Enterprise Plan,refunded,Google_Search,East,mobile
TXN_310445,USR_00388,2023-12-22,5850.6,Enterprise Plan,completed,Google_Search,West,tablet
TXN_384489,USR_00389,2023-11-13,532.3,Basic Plan,failed,Email,North,tablet
TXN_204442,USR_00390,2023-01-10,2689.14,One-Time Purchase,failed,Email,West,desktop
TXN_122532,USR_00391,2023-09-30,2934.23,One-Time Purchase,failed,Google_Search,South,mobile
TXN_469007,USR_00392,2023-06-06,1526.56,Pro Plan,failed,Email,West,desktop
TXN_370196,USR_00392,2023-08-05,9058.46,Enterprise Plan,failed,Email,West,desktop
TXN_865344,USR_00393,2023-05-24,3386.58,One-Time Purchase,completed,Meta_Facebook,South,desktop
TXN_734775,USR_00394,2023-11-10,2138.7,Pro Plan,completed,Meta_Facebook,West,desktop
TXN_667650,USR_00394,2023-12-28,2477.71,Pro Plan,refunded,Meta_Facebook,West,tablet
TXN_265725,USR_00395,2023-06-08,2483.35,Pro Plan,refunded,TikTok,South,desktop
TXN_531228,USR_00396,2023-03-02,881.72,Basic Plan,completed,Meta_Facebook,East,desktop
TXN_899484,USR_00397,2023-11-23,564.77,Basic Plan,completed,Email,South,tablet
TXN_820767,USR_00397,2024-01-21,2393.54,Pro Plan,completed,Email,South,mobile
TXN_591534,USR_00397,2024-03-03,929.21,One-Time Purchase,refunded,Email,South,tablet
TXN_271742,USR_00397,2024-04-15,2608.79,One-Time Purchase,completed,Email,South,mobile
TXN_878427,USR_00398,2023-04-26,9749.99,Enterprise Plan,completed,Google_Search,West,tablet
TXN_821276,USR_00399,2023-04-14,4374.51,One-Time Purchase,completed,Meta_Facebook,North,desktop
TXN_699716,USR_00400,2023-08-07,6969.75,Enterprise Plan,failed,Organic,North,tablet
TXN_579094,USR_00400,2023-09-30,759.32,Basic Plan,completed,Organic,North,mobile
TXN_517375,USR_00401,2023-07-22,593.93,Basic Plan,completed,Google_Search,Central,desktop
TXN_823468,USR_00401,2023-08-29,1682.77,One-Time Purchase,completed,Google_Search,Central,tablet
TXN_672949,USR_00402,2023-11-27,2667.1,Pro Plan,failed,Organic,North,mobile
TXN_718990,USR_00402,2024-01-11,416.09,One-Time Purchase,completed,Organic,North,tablet
TXN_935176,USR_00403,2023-04-14,8457.59,Enterprise Plan,failed,Organic,North,mobile
TXN_649262,USR_00403,2023-05-11,3279.14,One-Time Purchase,completed,Organic,North,tablet
TXN_451475,USR_00404,2023-09-19,505.36,One-Time Purchase,completed,TikTok,South,tablet
TXN_153802,USR_00404,2023-10-18,1767.3,Pro Plan,failed,TikTok,South,desktop
TXN_223264,USR_00404,2023-11-26,1656.27,One-Time Purchase,completed,TikTok,South,mobile
TXN_996963,USR_00404,2023-12-28,5060.04,Enterprise Plan,completed,TikTok,South,desktop
TXN_183262,USR_00405,2023-11-08,2431.57,One-Time Purchase,completed,Organic,South,tablet
TXN_959959,USR_00405,2024-01-05,8097.83,Enterprise Plan,refunded,Organic,South,mobile
TXN_252436,USR_00405,2024-01-28,825.64,Basic Plan,completed,Organic,South,mobile
TXN_269172,USR_00406,2023-06-02,707.48,Basic Plan,completed,Email,North,tablet
TXN_137581,USR_00407,2023-05-26,3820.87,One-Time Purchase,completed,TikTok,Central,mobile
TXN_984274,USR_00407,2023-07-04,4154.24,One-Time Purchase,completed,TikTok,Central,tablet
TXN_445200,USR_00407,2023-07-28,1682.03,Pro Plan,completed,TikTok,Central,tablet
TXN_759531,USR_00408,2023-07-31,553.65,Basic Plan,failed,TikTok,South,tablet
TXN_372273,USR_00408,2023-08-25,7134.27,Enterprise Plan,completed,TikTok,South,tablet
TXN_739008,USR_00409,2023-07-01,2613.77,One-Time Purchase,completed,Meta_Facebook,Central,mobile
TXN_938403,USR_00410,2023-01-01,867.73,Basic Plan,completed,Google_Search,North,tablet
TXN_322652,USR_00410,2023-02-16,6747.25,Enterprise Plan,failed,Google_Search,North,mobile
TXN_422722,USR_00410,2023-04-17,6271.09,Enterprise Plan,completed,Google_Search,North,desktop
TXN_130531,USR_00411,2023-01-04,3703.66,One-Time Purchase,refunded,Google_Search,East,mobile
TXN_597549,USR_00411,2023-02-05,9610.4,Enterprise Plan,completed,Google_Search,East,mobile
TXN_878656,USR_00412,2023-11-18,3983.75,One-Time Purchase,completed,Organic,Central,mobile
TXN_318379,USR_00412,2024-01-10,7774.89,Enterprise Plan,completed,Organic,Central,tablet
TXN_756944,USR_00413,2023-07-01,668.58,Basic Plan,completed,Google_Search,South,tablet
TXN_844321,USR_00414,2023-07-19,8525.33,Enterprise Plan,completed,Meta_Facebook,Central,mobile
TXN_573858,USR_00414,2023-08-25,4421.13,One-Time Purchase,completed,Meta_Facebook,Central,desktop
TXN_915572,USR_00415,2023-04-21,686.11,Basic Plan,completed,TikTok,East,mobile
TXN_261562,USR_00415,2023-05-16,898.51,Basic Plan,refunded,TikTok,East,mobile
TXN_809589,USR_00416,2023-09-26,910.07,Basic Plan,refunded,Email,East,mobile
TXN_820426,USR_00417,2023-08-24,654.49,Basic Plan,completed,Organic,Central,tablet
TXN_881770,USR_00417,2023-09-18,550.55,Basic Plan,failed,Organic,Central,desktop
TXN_390088,USR_00418,2023-01-12,6001.78,Enterprise Plan,completed,TikTok,East,tablet
TXN_753205,USR_00419,2023-12-10,1909.46,Pro Plan,completed,Google_Search,East,tablet
TXN_248433,USR_00419,2024-01-31,7745.83,Enterprise Plan,completed,Google_Search,East,tablet
TXN_593602,USR_00420,2023-03-29,537.41,One-Time Purchase,completed,Google_Search,East,tablet
TXN_287677,USR_00420,2023-04-21,542.06,Basic Plan,completed,Google_Search,East,tablet
TXN_847528,USR_00421,2023-11-19,6660.66,Enterprise Plan,completed,Organic,Central,tablet
TXN_952336,USR_00421,2024-01-12,2967.61,One-Time Purchase,completed,Organic,Central,tablet
TXN_903726,USR_00421,2024-03-01,8421.39,Enterprise Plan,failed,Organic,Central,desktop
TXN_370587,USR_00421,2024-04-20,1714.58,Pro Plan,refunded,Organic,Central,desktop
TXN_575301,USR_00421,2024-06-04,8942.89,Enterprise Plan,completed,Organic,Central,desktop
TXN_986850,USR_00421,2024-06-25,674.72,Basic Plan,completed,Organic,Central,mobile
TXN_935461,USR_00422,2023-05-25,701.84,Basic Plan,failed,Email,Central,mobile
TXN_751034,USR_00423,2023-02-06,3074.52,One-Time Purchase,completed,Email,Central,mobile
TXN_318353,USR_00423,2023-04-02,2102.94,One-Time Purchase,completed,Email,Central,tablet
TXN_875282,USR_00424,2023-08-11,2492.92,Pro Plan,completed,TikTok,East,tablet
TXN_284731,USR_00425,2023-02-28,7774.44,Enterprise Plan,completed,TikTok,Central,desktop
TXN_908812,USR_00425,2023-04-14,841.75,Basic Plan,refunded,TikTok,Central,desktop
TXN_949178,USR_00426,2023-12-05,2829.89,Pro Plan,failed,Google_Search,North,mobile
TXN_431976,USR_00427,2023-08-20,1218.63,One-Time Purchase,failed,TikTok,East,desktop
TXN_635218,USR_00428,2023-12-14,790.36,Basic Plan,refunded,Email,West,desktop
TXN_215027,USR_00429,2023-02-01,850.68,Basic Plan,completed,Email,Central,desktop
TXN_500099,USR_00430,2023-01-16,8557.87,Enterprise Plan,completed,Meta_Facebook,West,desktop
TXN_682401,USR_00430,2023-03-11,2211.31,Pro Plan,completed,Meta_Facebook,West,desktop
TXN_250990,USR_00431,2023-03-20,534.87,Basic Plan,completed,Email,South,tablet
TXN_733790,USR_00432,2023-03-11,4498.84,One-Time Purchase,failed,Google_Search,South,desktop
TXN_503402,USR_00432,2023-05-09,2893.64,One-Time Purchase,completed,Google_Search,South,desktop
TXN_348250,USR_00432,2023-06-12,787.97,Basic Plan,failed,Google_Search,South,tablet
TXN_695748,USR_00432,2023-08-03,5166.31,Enterprise Plan,completed,Google_Search,South,desktop
TXN_248989,USR_00432,2023-09-15,4819.17,One-Time Purchase,completed,Google_Search,South,tablet
TXN_877714,USR_00433,2023-05-24,621.62,Basic Plan,failed,Organic,Central,tablet
TXN_591644,USR_00434,2023-10-04,7674.17,Enterprise Plan,completed,TikTok,East,desktop
TXN_403257,USR_00435,2023-09-20,1957.7,One-Time Purchase,completed,Organic,Central,mobile
TXN_277292,USR_00436,2023-11-02,813.65,Basic Plan,refunded,Email,Central,tablet
TXN_180595,USR_00437,2023-05-30,686.8,One-Time Purchase,refunded,TikTok,North,desktop
TXN_114892,USR_00437,2023-07-05,6375.09,Enterprise Plan,completed,TikTok,North,tablet
TXN_347669,USR_00438,2023-10-30,1890.88,Pro Plan,failed,Meta_Facebook,West,desktop
TXN_907789,USR_00439,2023-01-17,2755.42,Pro Plan,completed,Email,North,desktop
TXN_155074,USR_00440,2023-11-23,820.13,Basic Plan,completed,Meta_Facebook,South,mobile
TXN_345011,USR_00440,2024-01-11,7380.33,Enterprise Plan,refunded,Meta_Facebook,South,desktop
TXN_500560,USR_00441,2023-03-16,9635.11,Enterprise Plan,completed,TikTok,West,tablet
TXN_740140,USR_00442,2023-06-11,9779.92,Enterprise Plan,completed,TikTok,North,tablet
TXN_786128,USR_00442,2023-07-18,9010.58,Enterprise Plan,completed,TikTok,North,tablet
TXN_428487,USR_00443,2023-07-20,8387.59,Enterprise Plan,completed,Organic,South,tablet
TXN_330074,USR_00444,2023-02-04,841.75,Basic Plan,completed,Google_Search,West,tablet
TXN_159645,USR_00444,2023-03-14,510.85,Basic Plan,completed,Google_Search,West,tablet
TXN_236217,USR_00445,2023-12-03,542.19,Basic Plan,refunded,Meta_Facebook,Central,desktop
TXN_769809,USR_00446,2023-04-05,7333.78,Enterprise Plan,completed,Google_Search,South,desktop
TXN_501393,USR_00447,2023-12-21,637.64,Basic Plan,completed,Email,East,desktop
TXN_739947,USR_00448,2023-05-13,744.86,Basic Plan,completed,Email,South,desktop
TXN_563031,USR_00449,2023-02-25,2419.95,Pro Plan,completed,Meta_Facebook,Central,tablet
TXN_362769,USR_00449,2023-04-02,534.21,Basic Plan,failed,Meta_Facebook,Central,desktop
TXN_510339,USR_00450,2023-03-18,5757.04,Enterprise Plan,completed,Google_Search,North,tablet
TXN_985049,USR_00450,2023-04-07,2546.26,One-Time Purchase,completed,Google_Search,North,tablet
TXN_520075,USR_00451,2023-01-02,6666.2,Enterprise Plan,completed,Organic,West,mobile
TXN_779259,USR_00452,2023-11-28,919.59,Basic Plan,completed,Google_Search,East,mobile
TXN_610135,USR_00453,2023-07-16,814.31,Basic Plan,completed,Meta_Facebook,East,mobile
TXN_126596,USR_00453,2023-09-14,1708.91,Pro Plan,completed,Meta_Facebook,East,tablet
TXN_774661,USR_00453,2023-11-10,595.07,One-Time Purchase,refunded,Meta_Facebook,East,desktop
TXN_144894,USR_00454,2023-08-19,667.86,Basic Plan,failed,Google_Search,North,desktop
TXN_256189,USR_00454,2023-09-15,4717.42,One-Time Purchase,refunded,Google_Search,North,tablet
TXN_612643,USR_00454,2023-11-11,517.44,Basic Plan,completed,Google_Search,North,tablet
TXN_422266,USR_00455,2023-11-13,585.12,Basic Plan,completed,Google_Search,South,mobile
TXN_331287,USR_00456,2023-10-30,3095.39,One-Time Purchase,refunded,Google_Search,North,mobile
TXN_703945,USR_00456,2023-12-01,1822.9,One-Time Purchase,failed,Google_Search,North,tablet
TXN_387198,USR_00457,2023-03-12,2002.26,Pro Plan,completed,Email,South,mobile
TXN_142675,USR_00458,2023-08-01,1444.13,One-Time Purchase,refunded,Meta_Facebook,East,mobile
TXN_106658,USR_00459,2023-11-20,938.81,Basic Plan,completed,TikTok,West,mobile
TXN_250038,USR_00460,2023-12-28,3553.08,One-Time Purchase,completed,TikTok,East,tablet
TXN_740195,USR_00460,2024-02-03,1423.49,One-Time Purchase,completed,TikTok,East,tablet
TXN_347085,USR_00461,2023-09-13,7092.93,Enterprise Plan,refunded,TikTok,North,mobile
TXN_318217,USR_00462,2023-02-18,3919.56,One-Time Purchase,failed,TikTok,East,desktop
TXN_621682,USR_00462,2023-03-13,2526.87,Pro Plan,completed,TikTok,East,mobile
TXN_746781,USR_00463,2023-01-23,2151.01,Pro Plan,completed,Google_Search,East,desktop
TXN_265722,USR_00463,2023-02-14,961.43,Basic Plan,completed,Google_Search,East,mobile
TXN_441505,USR_00464,2023-02-06,1233.13,One-Time Purchase,failed,Meta_Facebook,West,mobile
TXN_309668,USR_00464,2023-03-05,617.56,Basic Plan,completed,Meta_Facebook,West,desktop
TXN_251981,USR_00464,2023-04-08,554.39,One-Time Purchase,completed,Meta_Facebook,West,mobile
TXN_312033,USR_00465,2023-07-18,2447.03,Pro Plan,completed,Email,South,desktop
TXN_993021,USR_00465,2023-08-15,639.3,Basic Plan,completed,Email,South,desktop
TXN_996536,USR_00466,2023-06-25,2366.18,Pro Plan,refunded,Meta_Facebook,East,mobile
TXN_720317,USR_00466,2023-07-20,4351.34,One-Time Purchase,completed,Meta_Facebook,East,desktop
TXN_359870,USR_00466,2023-09-07,3759.04,One-Time Purchase,completed,Meta_Facebook,East,desktop
TXN_142004,USR_00467,2023-08-11,707.89,Basic Plan,completed,TikTok,South,desktop
TXN_961186,USR_00467,2023-10-02,2551.57,One-Time Purchase,failed,TikTok,South,mobile
TXN_350675,USR_00468,2023-02-12,1698.07,Pro Plan,completed,TikTok,North,tablet
TXN_999596,USR_00468,2023-03-09,5808.01,Enterprise Plan,completed,TikTok,North,tablet
TXN_837290,USR_00468,2023-05-05,2478.68,One-Time Purchase,completed,TikTok,North,desktop
TXN_656710,USR_00469,2023-07-09,4498.14,One-Time Purchase,completed,Organic,North,mobile
TXN_668784,USR_00469,2023-08-16,8489.27,Enterprise Plan,refunded,Organic,North,tablet
TXN_481671,USR_00470,2023-04-17,756.37,Basic Plan,failed,Google_Search,Central,mobile
TXN_484232,USR_00470,2023-05-14,3208.93,One-Time Purchase,completed,Google_Search,Central,mobile
TXN_601736,USR_00471,2023-10-15,2308.45,Pro Plan,failed,Meta_Facebook,South,tablet
TXN_813269,USR_00472,2023-12-26,9488.67,Enterprise Plan,refunded,Meta_Facebook,South,desktop
TXN_625808,USR_00472,2024-02-01,6725.13,Enterprise Plan,completed,Meta_Facebook,South,tablet
TXN_948083,USR_00473,2023-09-30,8998.52,Enterprise Plan,failed,TikTok,East,mobile
TXN_214677,USR_00474,2023-08-23,1931.56,Pro Plan,completed,Google_Search,North,mobile
TXN_645980,USR_00474,2023-09-29,2243.49,Pro Plan,completed,Google_Search,North,tablet
TXN_565420,USR_00474,2023-10-20,2209.86,Pro Plan,completed,Google_Search,North,tablet
TXN_975505,USR_00474,2023-11-10,510.02,Basic Plan,completed,Google_Search,North,tablet
TXN_927691,USR_00475,2023-06-25,1728.19,One-Time Purchase,completed,Email,West,desktop
TXN_578073,USR_00476,2023-04-27,573.17,Basic Plan,completed,Organic,East,mobile
TXN_798724,USR_00477,2023-12-31,2758.0,Pro Plan,failed,TikTok,East,mobile
TXN_232617,USR_00477,2024-01-30,995.89,Basic Plan,refunded,TikTok,East,desktop
TXN_797883,USR_00477,2024-03-06,2342.73,Pro Plan,completed,TikTok,East,desktop
TXN_126135,USR_00478,2023-06-26,2299.46,Pro Plan,completed,Meta_Facebook,East,desktop
TXN_596931,USR_00479,2023-08-23,8235.22,Enterprise Plan,completed,Email,South,desktop
TXN_602248,USR_00480,2023-10-21,8444.73,Enterprise Plan,failed,Meta_Facebook,Central,mobile
TXN_442220,USR_00481,2023-03-01,2167.96,Pro Plan,completed,Email,North,mobile
TXN_990714,USR_00482,2023-10-26,1532.82,Pro Plan,refunded,TikTok,South,desktop
TXN_516869,USR_00483,2023-07-21,953.22,Basic Plan,completed,Meta_Facebook,West,mobile
TXN_468422,USR_00483,2023-09-06,5059.95,Enterprise Plan,completed,Meta_Facebook,West,desktop
TXN_544420,USR_00484,2023-02-14,1655.58,One-Time Purchase,failed,Meta_Facebook,West,tablet
TXN_597667,USR_00484,2023-04-01,570.82,Basic Plan,completed,Meta_Facebook,West,tablet
TXN_769836,USR_00484,2023-05-12,714.71,One-Time Purchase,completed,Meta_Facebook,West,desktop
TXN_308936,USR_00484,2023-06-27,3637.16,One-Time Purchase,completed,Meta_Facebook,West,mobile
TXN_335426,USR_00485,2023-09-09,2927.62,One-Time Purchase,completed,Google_Search,East,mobile
TXN_595495,USR_00485,2023-09-29,9779.13,Enterprise Plan,failed,Google_Search,East,mobile
TXN_727983,USR_00486,2023-09-09,7464.25,Enterprise Plan,completed,Meta_Facebook,North,tablet
TXN_703207,USR_00487,2023-10-17,685.6,Basic Plan,failed,Organic,East,mobile
TXN_826959,USR_00487,2023-11-22,572.07,Basic Plan,completed,Organic,East,mobile
TXN_473276,USR_00487,2024-01-03,6804.82,Enterprise Plan,failed,Organic,East,mobile
TXN_292148,USR_00487,2024-02-10,755.93,Basic Plan,failed,Organic,East,mobile
TXN_480132,USR_00488,2023-10-06,8426.22,Enterprise Plan,failed,Email,East,mobile
TXN_456844,USR_00489,2023-03-15,8893.04,Enterprise Plan,completed,Google_Search,South,mobile
TXN_743226,USR_00489,2023-04-10,2746.36,Pro Plan,refunded,Google_Search,South,tablet
TXN_958620,USR_00490,2023-12-31,4604.35,One-Time Purchase,completed,TikTok,North,mobile
TXN_956727,USR_00490,2024-01-21,8454.25,Enterprise Plan,completed,TikTok,North,desktop
TXN_249274,USR_00491,2023-06-25,610.18,Basic Plan,failed,Meta_Facebook,East,tablet
TXN_824375,USR_00492,2023-04-27,2970.66,Pro Plan,completed,Email,South,mobile
TXN_305888,USR_00492,2023-05-21,3858.47,One-Time Purchase,completed,Email,South,mobile
TXN_169465,USR_00493,2023-09-20,953.26,Basic Plan,completed,TikTok,North,desktop
TXN_195189,USR_00494,2023-03-05,2504.9,Pro Plan,completed,TikTok,South,mobile
TXN_900319,USR_00495,2023-06-28,548.55,Basic Plan,refunded,Email,South,mobile
TXN_890645,USR_00495,2023-08-20,2945.4,Pro Plan,completed,Email,South,tablet
TXN_561023,USR_00496,2023-02-20,8489.66,Enterprise Plan,completed,Meta_Facebook,Central,tablet
TXN_324682,USR_00496,2023-03-18,9905.51,Enterprise Plan,completed,Meta_Facebook,Central,tablet
TXN_838963,USR_00497,2023-06-10,2242.72,Pro Plan,completed,Google_Search,West,desktop
TXN_871934,USR_00498,2023-02-12,1631.97,One-Time Purchase,refunded,Email,West,desktop
TXN_297955,USR_00498,2023-04-01,1664.77,One-Time Purchase,completed,Email,West,mobile
TXN_559337,USR_00499,2023-09-01,3457.85,One-Time Purchase,completed,Email,South,tablet
TXN_206663,USR_00500,2023-12-04,2181.93,One-Time Purchase,refunded,Google_Search,North,tablet
TXN_985029,USR_00500,2024-01-03,2006.95,Pro Plan,refunded,Google_Search,North,desktop
TXN_901968,USR_00500,2024-01-30,3707.44,One-Time Purchase,completed,Google_Search,North,tablet
TXN_524089,USR_00501,2023-10-25,7378.13,Enterprise Plan,refunded,TikTok,East,desktop
TXN_613111,USR_00501,2023-12-16,806.77,One-Time Purchase,completed,TikTok,East,desktop
TXN_287795,USR_00502,2023-03-10,748.07,Basic Plan,completed,Google_Search,North,desktop
TXN_888119,USR_00503,2023-11-06,879.09,Basic Plan,failed,Email,South,tablet
TXN_673172,USR_00504,2023-04-14,7711.19,Enterprise Plan,refunded,Email,West,mobile
TXN_134455,USR_00505,2023-03-02,2379.01,One-Time Purchase,completed,Organic,West,mobile
TXN_611133,USR_00506,2023-06-05,1967.69,Pro Plan,completed,Meta_Facebook,West,mobile
TXN_631297,USR_00507,2023-12-04,2941.6,One-Time Purchase,completed,TikTok,Central,mobile
TXN_903702,USR_00507,2024-01-18,3198.62,One-Time Purchase,completed,TikTok,Central,desktop
TXN_465823,USR_00507,2024-02-27,563.1,Basic Plan,completed,TikTok,Central,tablet
TXN_461908,USR_00507,2024-04-24,6901.87,Enterprise Plan,completed,TikTok,Central,desktop
TXN_168681,USR_00508,2023-12-05,7961.66,Enterprise Plan,failed,Meta_Facebook,South,desktop
TXN_583298,USR_00508,2024-01-01,768.21,Basic Plan,completed,Meta_Facebook,South,tablet
TXN_698059,USR_00509,2023-08-04,991.88,Basic Plan,completed,Email,North,desktop
TXN_456032,USR_00510,2023-09-08,2662.01,One-Time Purchase,failed,Google_Search,South,mobile
TXN_988494,USR_00510,2023-11-06,1247.27,One-Time Purchase,failed,Google_Search,South,mobile
TXN_521556,USR_00510,2023-12-30,5236.66,Enterprise Plan,refunded,Google_Search,South,mobile
TXN_598355,USR_00511,2023-02-17,5335.35,Enterprise Plan,refunded,TikTok,North,desktop
TXN_629152,USR_00511,2023-03-22,824.77,Basic Plan,completed,TikTok,North,desktop
TXN_804181,USR_00512,2023-06-10,8123.82,Enterprise Plan,completed,Meta_Facebook,West,tablet
TXN_589994,USR_00513,2023-11-18,2490.21,Pro Plan,failed,TikTok,South,desktop
TXN_757203,USR_00513,2024-01-17,4691.79,One-Time Purchase,failed,TikTok,South,mobile
TXN_882692,USR_00513,2024-03-10,993.4,One-Time Purchase,completed,TikTok,South,tablet
TXN_777424,USR_00514,2023-07-30,1553.59,One-Time Purchase,completed,Email,North,mobile
TXN_935762,USR_00515,2023-05-01,1786.87,Pro Plan,completed,Organic,South,desktop
TXN_311802,USR_00515,2023-06-19,2282.49,One-Time Purchase,completed,Organic,South,mobile
TXN_775591,USR_00516,2023-05-20,8292.35,Enterprise Plan,completed,Meta_Facebook,North,mobile
TXN_481088,USR_00517,2023-01-29,949.29,Basic Plan,completed,Google_Search,East,tablet
TXN_870158,USR_00517,2023-02-23,1853.06,Pro Plan,refunded,Google_Search,East,tablet
TXN_910749,USR_00518,2023-10-25,618.04,Basic Plan,completed,TikTok,East,desktop
TXN_387883,USR_00519,2023-07-19,1659.22,Pro Plan,completed,Meta_Facebook,West,desktop
TXN_833602,USR_00519,2023-09-03,744.18,Basic Plan,completed,Meta_Facebook,West,mobile
TXN_961264,USR_00520,2023-09-01,7375.11,Enterprise Plan,completed,Meta_Facebook,East,desktop
TXN_769986,USR_00521,2023-11-07,7762.64,Enterprise Plan,completed,Google_Search,North,tablet
TXN_367946,USR_00522,2023-12-17,2124.81,One-Time Purchase,completed,Google_Search,Central,desktop
TXN_526024,USR_00523,2023-05-01,3266.36,One-Time Purchase,failed,Email,South,mobile
TXN_964446,USR_00524,2023-09-09,4419.78,One-Time Purchase,completed,Organic,West,mobile
TXN_952941,USR_00524,2023-10-15,7103.35,Enterprise Plan,failed,Organic,West,tablet
TXN_758816,USR_00525,2023-01-15,1503.61,Pro Plan,completed,Google_Search,South,desktop
TXN_573421,USR_00526,2023-02-26,4024.42,One-Time Purchase,completed,Meta_Facebook,South,desktop
TXN_188498,USR_00526,2023-03-26,8996.64,Enterprise Plan,completed,Meta_Facebook,South,desktop
TXN_335391,USR_00526,2023-05-08,4739.36,One-Time Purchase,refunded,Meta_Facebook,South,mobile
TXN_374499,USR_00527,2023-01-12,986.06,Basic Plan,completed,TikTok,Central,tablet
TXN_193387,USR_00527,2023-02-11,3120.85,One-Time Purchase,completed,TikTok,Central,desktop
TXN_224269,USR_00528,2023-03-02,4187.11,One-Time Purchase,completed,Google_Search,Central,mobile
TXN_500633,USR_00528,2023-04-04,6438.81,Enterprise Plan,completed,Google_Search,Central,mobile
TXN_130170,USR_00529,2023-11-04,1146.74,One-Time Purchase,completed,Meta_Facebook,East,desktop
TXN_711218,USR_00529,2023-12-10,4563.44,One-Time Purchase,completed,Meta_Facebook,East,tablet
TXN_826687,USR_00529,2024-01-28,925.06,One-Time Purchase,completed,Meta_Facebook,East,desktop
TXN_154644,USR_00530,2023-12-29,546.64,Basic Plan,completed,Organic,Central,desktop
TXN_941218,USR_00530,2024-02-02,9982.7,Enterprise Plan,failed,Organic,Central,tablet
TXN_803869,USR_00530,2024-02-24,1720.78,One-Time Purchase,completed,Organic,Central,desktop
TXN_455652,USR_00531,2023-10-14,5848.33,Enterprise Plan,completed,Google_Search,Central,desktop
TXN_428486,USR_00531,2023-11-11,965.44,One-Time Purchase,completed,Google_Search,Central,mobile
TXN_642085,USR_00532,2023-05-24,8063.66,Enterprise Plan,completed,Email,West,desktop
TXN_341026,USR_00533,2023-06-11,593.46,Basic Plan,completed,Organic,South,mobile
TXN_221660,USR_00533,2023-07-03,2557.94,Pro Plan,completed,Organic,South,desktop
TXN_255245,USR_00534,2023-12-30,827.71,One-Time Purchase,failed,TikTok,West,mobile
TXN_886365,USR_00534,2024-02-10,5902.27,Enterprise Plan,completed,TikTok,West,tablet
TXN_358114,USR_00535,2023-12-06,2123.63,Pro Plan,completed,TikTok,South,desktop
TXN_227916,USR_00536,2023-12-13,8405.56,Enterprise Plan,failed,Google_Search,East,desktop
TXN_971051,USR_00537,2023-07-11,1542.31,Pro Plan,completed,TikTok,North,tablet
TXN_445429,USR_00537,2023-08-30,7970.02,Enterprise Plan,completed,TikTok,North,mobile
TXN_438869,USR_00538,2023-06-16,899.78,Basic Plan,completed,TikTok,South,mobile
TXN_286657,USR_00538,2023-07-10,733.99,One-Time Purchase,completed,TikTok,South,mobile
TXN_398776,USR_00538,2023-08-24,1743.41,Pro Plan,completed,TikTok,South,tablet
TXN_945522,USR_00538,2023-09-22,4064.17,One-Time Purchase,failed,TikTok,South,desktop
TXN_309580,USR_00539,2023-12-17,915.03,Basic Plan,refunded,TikTok,South,desktop
TXN_743687,USR_00540,2023-09-01,877.25,Basic Plan,completed,Email,Central,mobile
TXN_819571,USR_00541,2023-02-17,3478.27,One-Time Purchase,failed,Google_Search,Central,tablet
TXN_414985,USR_00542,2023-09-27,2354.57,One-Time Purchase,completed,TikTok,North,mobile
TXN_180250,USR_00543,2023-06-03,7841.68,Enterprise Plan,refunded,Meta_Facebook,Central,mobile
TXN_792956,USR_00543,2023-07-25,2240.19,One-Time Purchase,completed,Meta_Facebook,Central,tablet
TXN_585363,USR_00544,2023-07-01,555.97,Basic Plan,failed,Email,Central,mobile
TXN_894143,USR_00545,2023-01-24,7935.04,Enterprise Plan,completed,Google_Search,West,tablet
TXN_371914,USR_00546,2023-05-16,1616.33,Pro Plan,refunded,Email,South,tablet
TXN_113950,USR_00546,2023-06-11,501.92,Basic Plan,completed,Email,South,mobile
TXN_807896,USR_00547,2023-07-27,8452.31,Enterprise Plan,failed,TikTok,West,desktop
TXN_955604,USR_00547,2023-09-04,1519.81,Pro Plan,completed,TikTok,West,mobile
TXN_300188,USR_00548,2023-04-18,4256.82,One-Time Purchase,refunded,Organic,South,mobile
TXN_874668,USR_00549,2023-03-17,582.05,Basic Plan,completed,Organic,West,tablet
TXN_409153,USR_00550,2023-08-16,3049.56,One-Time Purchase,completed,Organic,West,tablet
TXN_552762,USR_00551,2023-07-20,814.2,Basic Plan,failed,Google_Search,East,desktop
TXN_638292,USR_00552,2023-09-11,742.75,Basic Plan,completed,TikTok,Central,tablet
TXN_166595,USR_00553,2023-09-07,3008.1,One-Time Purchase,refunded,Meta_Facebook,North,desktop
TXN_463608,USR_00554,2023-11-28,3225.67,One-Time Purchase,failed,Organic,West,desktop
TXN_460550,USR_00554,2024-01-14,8630.05,Enterprise Plan,completed,Organic,West,desktop
TXN_858115,USR_00555,2023-04-29,915.45,One-Time Purchase,completed,TikTok,South,tablet
TXN_190378,USR_00556,2023-12-11,1922.69,Pro Plan,failed,Email,West,tablet
TXN_205805,USR_00556,2024-01-30,1733.47,Pro Plan,completed,Email,West,desktop
TXN_476215,USR_00556,2024-03-21,2334.25,Pro Plan,completed,Email,West,desktop
TXN_747561,USR_00557,2023-07-02,667.87,Basic Plan,completed,Meta_Facebook,South,mobile
TXN_906747,USR_00558,2023-03-03,9967.31,Enterprise Plan,completed,TikTok,South,mobile
TXN_733643,USR_00558,2023-04-27,2779.11,Pro Plan,refunded,TikTok,South,tablet
TXN_631948,USR_00559,2023-08-13,910.81,Basic Plan,completed,Organic,North,mobile
TXN_868136,USR_00560,2023-04-16,3880.23,One-Time Purchase,completed,Email,South,mobile
TXN_357232,USR_00561,2023-06-21,4856.29,One-Time Purchase,completed,Meta_Facebook,North,desktop
TXN_849941,USR_00561,2023-08-01,1626.85,Pro Plan,completed,Meta_Facebook,North,desktop
TXN_533491,USR_00562,2023-05-06,1705.99,Pro Plan,completed,Meta_Facebook,Central,desktop
TXN_945411,USR_00563,2023-09-22,2654.23,Pro Plan,failed,Email,North,tablet
TXN_555157,USR_00563,2023-10-16,7007.25,Enterprise Plan,completed,Email,North,mobile
TXN_834831,USR_00564,2023-12-05,7095.53,Enterprise Plan,failed,Meta_Facebook,Central,tablet
TXN_253995,USR_00565,2023-06-05,9500.04,Enterprise Plan,refunded,Email,East,tablet
TXN_524154,USR_00566,2023-07-26,9437.37,Enterprise Plan,failed,Organic,South,mobile
TXN_876000,USR_00566,2023-09-03,6948.97,Enterprise Plan,failed,Organic,South,mobile
TXN_124559,USR_00567,2023-05-26,8784.23,Enterprise Plan,completed,Meta_Facebook,North,mobile
TXN_757446,USR_00568,2023-05-04,919.79,Basic Plan,completed,Email,West,tablet
TXN_872652,USR_00568,2023-06-15,723.37,Basic Plan,refunded,Email,West,mobile
TXN_922911,USR_00569,2023-08-21,6495.01,Enterprise Plan,failed,Email,South,tablet
TXN_301908,USR_00570,2024-01-01,662.92,Basic Plan,refunded,Organic,Central,desktop
TXN_196729,USR_00570,2024-02-19,4192.66,One-Time Purchase,completed,Organic,Central,mobile
TXN_716813,USR_00571,2023-09-01,8383.11,Enterprise Plan,completed,Meta_Facebook,West,tablet
TXN_867260,USR_00572,2023-05-16,3537.38,One-Time Purchase,completed,TikTok,West,desktop
TXN_235670,USR_00572,2023-06-15,2226.15,Pro Plan,completed,TikTok,West,tablet
TXN_487272,USR_00573,2023-03-02,872.25,Basic Plan,refunded,Meta_Facebook,West,mobile
TXN_489511,USR_00574,2023-02-26,760.39,Basic Plan,completed,Google_Search,East,desktop
TXN_249044,USR_00574,2023-04-10,430.5,One-Time Purchase,completed,Google_Search,East,tablet
TXN_291970,USR_00574,2023-05-26,9444.29,Enterprise Plan,completed,Google_Search,East,tablet
TXN_537859,USR_00574,2023-07-16,5336.82,Enterprise Plan,completed,Google_Search,East,desktop
TXN_767376,USR_00575,2023-08-20,2641.93,Pro Plan,refunded,Email,West,desktop
TXN_455465,USR_00576,2023-03-18,1393.26,One-Time Purchase,completed,Email,North,tablet
TXN_423850,USR_00577,2023-08-15,785.0,Basic Plan,failed,Email,North,tablet
TXN_119570,USR_00578,2023-02-13,2624.84,Pro Plan,refunded,Meta_Facebook,Central,mobile
TXN_969993,USR_00579,2023-12-04,8932.79,Enterprise Plan,completed,TikTok,South,tablet
TXN_124393,USR_00580,2023-10-24,3066.8,One-Time Purchase,completed,Organic,North,desktop
TXN_500567,USR_00580,2023-12-10,928.82,Basic Plan,completed,Organic,North,desktop
TXN_251030,USR_00580,2024-01-04,769.89,Basic Plan,completed,Organic,North,mobile
TXN_290272,USR_00581,2023-03-20,806.24,Basic Plan,completed,Email,West,mobile
TXN_439966,USR_00581,2023-04-12,659.02,Basic Plan,completed,Email,West,desktop
TXN_503752,USR_00582,2023-03-03,2238.47,Pro Plan,refunded,Google_Search,South,mobile
TXN_607690,USR_00582,2023-04-09,2898.67,One-Time Purchase,completed,Google_Search,South,mobile
TXN_923356,USR_00583,2023-01-10,2643.47,Pro Plan,failed,Email,Central,mobile
TXN_920011,USR_00584,2023-08-17,2058.96,Pro Plan,completed,Google_Search,Central,mobile
TXN_403300,USR_00585,2023-10-12,4816.24,One-Time Purchase,refunded,Organic,North,tablet
TXN_498619,USR_00586,2023-03-27,7988.34,Enterprise Plan,failed,Google_Search,North,desktop
TXN_660033,USR_00586,2023-05-26,5226.42,Enterprise Plan,failed,Google_Search,North,tablet
TXN_860294,USR_00586,2023-06-19,3581.62,One-Time Purchase,completed,Google_Search,North,tablet
TXN_574709,USR_00587,2023-04-18,8174.85,Enterprise Plan,failed,TikTok,Central,desktop
TXN_240221,USR_00588,2023-06-14,5078.37,Enterprise Plan,failed,Email,South,tablet
TXN_185090,USR_00589,2023-01-03,3882.59,One-Time Purchase,refunded,Google_Search,South,tablet
TXN_952262,USR_00589,2023-01-27,3458.56,One-Time Purchase,completed,Google_Search,South,desktop
TXN_108840,USR_00589,2023-03-26,2757.72,Pro Plan,failed,Google_Search,South,mobile
TXN_843647,USR_00590,2023-04-09,878.21,Basic Plan,failed,Organic,North,desktop
TXN_345637,USR_00590,2023-05-11,9041.07,Enterprise Plan,completed,Organic,North,desktop
TXN_735465,USR_00590,2023-06-23,4550.19,One-Time Purchase,failed,Organic,North,mobile
TXN_696746,USR_00590,2023-07-13,820.45,One-Time Purchase,completed,Organic,North,tablet
TXN_882209,USR_00591,2023-09-10,1597.04,Pro Plan,completed,Meta_Facebook,Central,mobile
TXN_920251,USR_00591,2023-10-08,2820.5,Pro Plan,failed,Meta_Facebook,Central,desktop
TXN_772101,USR_00592,2023-01-12,308.19,One-Time Purchase,completed,TikTok,Central,tablet
TXN_619647,USR_00593,2023-06-15,839.09,Basic Plan,completed,Organic,West,desktop
TXN_304061,USR_00594,2023-04-25,1785.34,One-Time Purchase,completed,Google_Search,East,desktop
TXN_425903,USR_00595,2023-01-13,1794.32,Pro Plan,completed,Meta_Facebook,West,mobile
TXN_213079,USR_00596,2023-01-15,9201.54,Enterprise Plan,completed,Organic,West,desktop
TXN_749662,USR_00597,2023-05-03,2914.32,Pro Plan,refunded,Email,North,desktop
TXN_168187,USR_00598,2023-10-24,687.7,Basic Plan,failed,Google_Search,North,mobile
TXN_158500,USR_00599,2023-02-01,608.21,One-Time Purchase,failed,Organic,North,tablet
TXN_888490,USR_00599,2023-02-24,2186.91,One-Time Purchase,refunded,Organic,North,desktop
TXN_750338,USR_00600,2023-12-04,2480.78,One-Time Purchase,completed,TikTok,North,tablet
TXN_716366,USR_00600,2023-12-30,726.04,Basic Plan,completed,TikTok,North,mobile
TXN_701056,USR_00600,2024-01-25,795.44,Basic Plan,completed,TikTok,North,mobile
TXN_163429,USR_00601,2023-07-01,1863.73,Pro Plan,completed,Organic,West,mobile
TXN_459557,USR_00602,2023-09-20,2203.29,Pro Plan,refunded,Email,East,desktop
TXN_157259,USR_00603,2023-09-23,2259.66,Pro Plan,refunded,TikTok,South,desktop
TXN_598833,USR_00604,2023-06-26,669.78,Basic Plan,failed,Meta_Facebook,South,tablet
TXN_209940,USR_00605,2023-06-19,7092.48,Enterprise Plan,completed,TikTok,Central,desktop
TXN_341459,USR_00605,2023-07-11,818.38,Basic Plan,failed,TikTok,Central,desktop
TXN_946485,USR_00605,2023-09-08,3751.56,One-Time Purchase,completed,TikTok,Central,tablet
TXN_480441,USR_00605,2023-10-22,2738.13,Pro Plan,completed,TikTok,Central,mobile
TXN_902719,USR_00606,2023-10-12,1212.7,One-Time Purchase,refunded,Google_Search,South,desktop
TXN_282750,USR_00607,2023-04-12,2827.07,Pro Plan,failed,Meta_Facebook,East,desktop
TXN_206105,USR_00607,2023-06-06,1531.24,Pro Plan,completed,Meta_Facebook,East,mobile
TXN_419891,USR_00607,2023-07-04,668.19,Basic Plan,completed,Meta_Facebook,East,desktop
TXN_224249,USR_00608,2023-05-03,4427.42,One-Time Purchase,completed,Email,East,mobile
TXN_356428,USR_00609,2023-04-09,7996.75,Enterprise Plan,failed,TikTok,West,mobile
TXN_232601,USR_00610,2023-10-02,1578.89,Pro Plan,completed,Email,South,tablet
TXN_887623,USR_00611,2023-04-18,2261.92,Pro Plan,failed,Google_Search,West,tablet
TXN_492040,USR_00611,2023-05-31,1140.29,One-Time Purchase,failed,Google_Search,West,tablet
TXN_929029,USR_00612,2023-12-22,7904.93,Enterprise Plan,failed,Organic,West,tablet
TXN_515131,USR_00612,2024-01-13,2177.12,Pro Plan,completed,Organic,West,mobile
TXN_888133,USR_00613,2023-07-13,7751.76,Enterprise Plan,completed,TikTok,South,mobile
TXN_587853,USR_00613,2023-08-20,6149.89,Enterprise Plan,completed,TikTok,South,tablet
TXN_485364,USR_00613,2023-10-18,2496.49,One-Time Purchase,completed,TikTok,South,desktop
TXN_378527,USR_00613,2023-11-27,588.78,Basic Plan,completed,TikTok,South,tablet
TXN_224348,USR_00614,2023-02-12,9632.03,Enterprise Plan,completed,Email,Central,mobile
TXN_445234,USR_00614,2023-03-27,1999.64,Pro Plan,failed,Email,Central,desktop
TXN_395536,USR_00615,2023-06-04,5041.67,Enterprise Plan,completed,Email,South,desktop
TXN_885527,USR_00616,2023-10-24,1368.62,One-Time Purchase,failed,Google_Search,West,mobile
TXN_457207,USR_00616,2023-12-13,3694.8,One-Time Purchase,completed,Google_Search,West,mobile
TXN_492901,USR_00617,2023-08-08,4307.84,One-Time Purchase,completed,Organic,South,mobile
TXN_819074,USR_00618,2023-06-06,6126.45,Enterprise Plan,completed,Google_Search,West,desktop
TXN_245893,USR_00618,2023-07-30,782.79,Basic Plan,completed,Google_Search,West,mobile
TXN_166803,USR_00619,2023-11-05,1258.76,One-Time Purchase,completed,TikTok,Central,tablet
TXN_770043,USR_00619,2023-12-19,663.42,Basic Plan,completed,TikTok,Central,desktop
TXN_732672,USR_00619,2024-01-13,1547.09,Pro Plan,failed,TikTok,Central,desktop
TXN_397604,USR_00619,2024-02-03,954.67,Basic Plan,completed,TikTok,Central,mobile
TXN_442645,USR_00620,2023-09-26,7591.66,Enterprise Plan,completed,Google_Search,West,desktop
TXN_507888,USR_00621,2023-07-20,2546.78,One-Time Purchase,completed,Meta_Facebook,North,mobile
TXN_851589,USR_00622,2023-06-08,7936.46,Enterprise Plan,refunded,Organic,West,tablet
TXN_167077,USR_00622,2023-07-27,994.54,Basic Plan,completed,Organic,West,desktop
TXN_873105,USR_00623,2023-09-27,2473.67,One-Time Purchase,completed,Email,Central,mobile
TXN_747743,USR_00624,2023-08-22,2121.58,Pro Plan,completed,Email,East,tablet
TXN_512668,USR_00624,2023-10-08,2546.78,Pro Plan,completed,Email,East,tablet
TXN_663858,USR_00624,2023-10-30,1909.66,Pro Plan,failed,Email,East,desktop
TXN_628896,USR_00625,2023-04-22,5381.67,Enterprise Plan,completed,Organic,West,desktop
TXN_584617,USR_00625,2023-06-07,6035.86,Enterprise Plan,completed,Organic,West,mobile
TXN_139609,USR_00626,2023-02-07,4321.13,One-Time Purchase,completed,Organic,West,mobile
TXN_586796,USR_00626,2023-03-15,1989.67,Pro Plan,failed,Organic,West,desktop
TXN_247068,USR_00626,2023-05-03,2569.37,Pro Plan,completed,Organic,West,desktop
TXN_877462,USR_00627,2023-03-29,1940.22,Pro Plan,refunded,Google_Search,Central,desktop
TXN_562063,USR_00627,2023-04-28,837.69,Basic Plan,completed,Google_Search,Central,desktop
TXN_950931,USR_00628,2023-04-02,3573.69,One-Time Purchase,failed,Meta_Facebook,North,tablet
TXN_104892,USR_00628,2023-04-28,7218.93,Enterprise Plan,refunded,Meta_Facebook,North,mobile
TXN_115267,USR_00629,2023-05-08,507.02,Basic Plan,completed,Email,South,desktop
TXN_212914,USR_00630,2023-02-02,1565.02,Pro Plan,refunded,Meta_Facebook,North,desktop
TXN_211028,USR_00631,2023-04-08,866.78,One-Time Purchase,completed,TikTok,South,desktop
TXN_508091,USR_00631,2023-05-18,3372.77,One-Time Purchase,completed,TikTok,South,mobile
TXN_146073,USR_00631,2023-07-06,8248.72,Enterprise Plan,completed,TikTok,South,mobile
TXN_440110,USR_00632,2023-11-03,9794.17,Enterprise Plan,refunded,Organic,North,tablet
TXN_605550,USR_00633,2023-12-22,9889.11,Enterprise Plan,failed,Meta_Facebook,East,mobile
TXN_877848,USR_00633,2024-02-01,2096.15,One-Time Purchase,failed,Meta_Facebook,East,mobile
TXN_894029,USR_00634,2023-01-07,6180.98,Enterprise Plan,completed,Meta_Facebook,North,mobile
TXN_311824,USR_00634,2023-03-07,2060.79,Pro Plan,completed,Meta_Facebook,North,mobile
TXN_240789,USR_00635,2023-07-12,3773.5,One-Time Purchase,completed,Meta_Facebook,North,desktop
TXN_447362,USR_00636,2023-01-21,613.51,Basic Plan,failed,TikTok,West,desktop
TXN_360401,USR_00636,2023-02-25,952.32,Basic Plan,failed,TikTok,West,tablet
TXN_615524,USR_00637,2023-07-15,3258.98,One-Time Purchase,completed,TikTok,East,mobile
TXN_196216,USR_00637,2023-08-16,2906.41,Pro Plan,completed,TikTok,East,mobile
TXN_272132,USR_00638,2023-04-15,3706.45,One-Time Purchase,completed,Meta_Facebook,Central,tablet
TXN_399214,USR_00638,2023-05-17,2407.78,Pro Plan,completed,Meta_Facebook,Central,tablet
TXN_517589,USR_00639,2023-08-18,974.51,Basic Plan,completed,Meta_Facebook,East,desktop
TXN_554484,USR_00639,2023-09-17,2673.88,One-Time Purchase,failed,Meta_Facebook,East,mobile
TXN_895720,USR_00639,2023-11-06,2307.77,One-Time Purchase,completed,Meta_Facebook,East,desktop
TXN_493370,USR_00640,2023-10-11,1736.48,One-Time Purchase,completed,Meta_Facebook,East,tablet
TXN_305222,USR_00640,2023-12-08,5682.28,Enterprise Plan,completed,Meta_Facebook,East,mobile
TXN_513820,USR_00640,2024-01-09,7456.27,Enterprise Plan,completed,Meta_Facebook,East,tablet
TXN_503519,USR_00641,2023-06-07,995.24,Basic Plan,completed,TikTok,North,tablet
TXN_465511,USR_00641,2023-07-07,4797.36,One-Time Purchase,failed,TikTok,North,tablet
TXN_952624,USR_00642,2023-07-08,1862.53,Pro Plan,completed,Google_Search,West,desktop
TXN_706435,USR_00643,2023-01-15,1880.43,Pro Plan,refunded,Meta_Facebook,East,tablet
TXN_516983,USR_00643,2023-02-14,821.2,Basic Plan,completed,Meta_Facebook,East,tablet
TXN_825443,USR_00644,2023-02-11,2743.62,Pro Plan,completed,TikTok,South,desktop
TXN_193190,USR_00645,2023-12-04,3835.57,One-Time Purchase,failed,Organic,Central,mobile
TXN_276578,USR_00646,2023-06-26,3584.34,One-Time Purchase,completed,Meta_Facebook,East,desktop
TXN_402346,USR_00646,2023-07-16,2766.32,One-Time Purchase,failed,Meta_Facebook,East,tablet
TXN_307639,USR_00646,2023-09-01,5931.0,Enterprise Plan,completed,Meta_Facebook,East,desktop
TXN_291605,USR_00647,2023-02-26,1800.41,Pro Plan,failed,Organic,Central,mobile
TXN_496077,USR_00648,2023-07-29,1618.71,Pro Plan,completed,Organic,Central,mobile
TXN_608763,USR_00648,2023-09-04,791.82,Basic Plan,completed,Organic,Central,tablet
TXN_201546,USR_00649,2023-02-21,831.66,Basic Plan,completed,Google_Search,North,mobile
TXN_733729,USR_00650,2023-07-12,2523.19,One-Time Purchase,completed,TikTok,Central,desktop
TXN_478756,USR_00650,2023-08-22,9996.23,Enterprise Plan,completed,TikTok,Central,tablet
TXN_945435,USR_00650,2023-10-06,986.65,Basic Plan,completed,TikTok,Central,mobile
TXN_833232,USR_00651,2023-12-24,933.5,Basic Plan,completed,Organic,South,mobile
TXN_769068,USR_00652,2023-07-08,3402.07,One-Time Purchase,completed,Organic,Central,desktop
TXN_932527,USR_00653,2023-01-24,2179.78,One-Time Purchase,refunded,Email,West,mobile
TXN_205335,USR_00653,2023-03-07,4937.3,One-Time Purchase,failed,Email,West,tablet
TXN_699672,USR_00653,2023-04-20,2566.91,Pro Plan,refunded,Email,West,tablet
TXN_972786,USR_00653,2023-06-11,4044.06,One-Time Purchase,completed,Email,West,tablet
TXN_352603,USR_00654,2023-10-08,740.08,Basic Plan,refunded,Organic,South,mobile
TXN_130641,USR_00654,2023-11-10,551.73,Basic Plan,failed,Organic,South,mobile
TXN_764323,USR_00655,2023-05-24,831.74,Basic Plan,refunded,Meta_Facebook,East,tablet
TXN_903562,USR_00655,2023-07-14,9358.7,Enterprise Plan,refunded,Meta_Facebook,East,tablet
TXN_405110,USR_00656,2023-07-13,1834.33,Pro Plan,completed,Organic,Central,mobile
TXN_700665,USR_00656,2023-08-09,2615.93,Pro Plan,completed,Organic,Central,desktop
TXN_988268,USR_00657,2023-07-14,794.03,Basic Plan,completed,TikTok,North,desktop
TXN_644998,USR_00657,2023-08-30,8986.59,Enterprise Plan,completed,TikTok,North,tablet
TXN_977885,USR_00658,2023-02-24,5722.5,Enterprise Plan,completed,Organic,North,mobile
TXN_626781,USR_00659,2023-03-17,798.44,Basic Plan,completed,TikTok,East,tablet
TXN_619071,USR_00659,2023-04-13,3265.06,One-Time Purchase,completed,TikTok,East,desktop
TXN_320843,USR_00659,2023-05-27,5762.51,Enterprise Plan,failed,TikTok,East,tablet
TXN_989735,USR_00660,2023-04-26,1704.78,One-Time Purchase,failed,Google_Search,South,mobile
TXN_465226,USR_00660,2023-05-17,7111.19,Enterprise Plan,completed,Google_Search,South,desktop
TXN_835165,USR_00660,2023-07-01,6410.82,Enterprise Plan,completed,Google_Search,South,tablet
TXN_944178,USR_00660,2023-08-15,8760.33,Enterprise Plan,refunded,Google_Search,South,mobile
TXN_319955,USR_00661,2023-03-25,1667.08,One-Time Purchase,completed,TikTok,South,mobile
TXN_812449,USR_00662,2023-01-05,2063.83,Pro Plan,completed,Email,Central,mobile
TXN_223047,USR_00662,2023-01-28,1143.27,One-Time Purchase,completed,Email,Central,tablet
TXN_356902,USR_00663,2023-11-29,2439.46,Pro Plan,completed,Email,Central,mobile
TXN_280865,USR_00663,2023-12-26,1721.64,One-Time Purchase,refunded,Email,Central,tablet
TXN_485166,USR_00664,2023-12-10,8160.67,Enterprise Plan,completed,Google_Search,West,mobile
TXN_634510,USR_00664,2024-01-06,743.61,Basic Plan,failed,Google_Search,West,mobile
TXN_836873,USR_00665,2023-10-21,2074.94,Pro Plan,failed,Organic,East,desktop
TXN_512925,USR_00666,2023-02-20,4119.48,One-Time Purchase,completed,Email,North,tablet
TXN_289440,USR_00667,2023-09-29,2947.52,Pro Plan,completed,Organic,North,tablet
TXN_141044,USR_00667,2023-10-30,4061.41,One-Time Purchase,completed,Organic,North,mobile
TXN_188720,USR_00668,2023-10-22,9256.25,Enterprise Plan,completed,Meta_Facebook,South,mobile
TXN_100089,USR_00668,2023-12-13,2133.58,Pro Plan,failed,Meta_Facebook,South,mobile
TXN_828866,USR_00669,2023-06-03,956.32,One-Time Purchase,completed,Google_Search,Central,desktop
TXN_348617,USR_00670,2023-06-30,830.31,Basic Plan,completed,TikTok,Central,mobile
TXN_678888,USR_00670,2023-08-01,2935.13,Pro Plan,refunded,TikTok,Central,mobile
TXN_177971,USR_00670,2023-09-27,2592.66,Pro Plan,completed,TikTok,Central,tablet
TXN_366526,USR_00670,2023-11-02,2099.09,Pro Plan,completed,TikTok,Central,tablet
TXN_763874,USR_00671,2023-08-06,813.78,Basic Plan,completed,Meta_Facebook,Central,tablet
TXN_926051,USR_00672,2023-10-16,4160.37,One-Time Purchase,completed,TikTok,Central,desktop
TXN_657286,USR_00672,2023-11-29,1615.29,Pro Plan,completed,TikTok,Central,mobile
TXN_386939,USR_00673,2023-06-18,5730.65,Enterprise Plan,completed,Google_Search,East,mobile
TXN_920755,USR_00673,2023-07-14,2066.95,Pro Plan,completed,Google_Search,East,mobile
TXN_678333,USR_00674,2023-06-06,8501.28,Enterprise Plan,completed,TikTok,West,desktop
TXN_289448,USR_00674,2023-08-03,584.37,Basic Plan,completed,TikTok,West,desktop
TXN_109958,USR_00675,2023-12-14,3082.86,One-Time Purchase,completed,TikTok,Central,tablet
TXN_770242,USR_00676,2023-12-03,5263.32,Enterprise Plan,failed,Meta_Facebook,South,desktop
TXN_400752,USR_00677,2023-08-03,8991.34,Enterprise Plan,refunded,Organic,South,desktop
TXN_420509,USR_00677,2023-09-19,1956.78,Pro Plan,completed,Organic,South,desktop
TXN_188693,USR_00678,2023-11-21,581.56,Basic Plan,completed,Google_Search,North,tablet
TXN_809649,USR_00679,2023-09-10,2638.68,One-Time Purchase,failed,Google_Search,West,tablet
TXN_107644,USR_00679,2023-10-07,2865.33,Pro Plan,failed,Google_Search,West,tablet
TXN_900808,USR_00680,2023-06-26,4832.84,One-Time Purchase,failed,Meta_Facebook,Central,tablet
TXN_543256,USR_00681,2023-04-26,2269.53,Pro Plan,completed,Meta_Facebook,North,desktop
TXN_361897,USR_00681,2023-06-09,667.98,Basic Plan,failed,Meta_Facebook,North,tablet
TXN_102342,USR_00681,2023-07-06,1678.66,One-Time Purchase,completed,Meta_Facebook,North,tablet
TXN_160289,USR_00682,2023-04-22,4493.72,One-Time Purchase,completed,Email,Central,desktop
TXN_466709,USR_00683,2023-01-04,6768.46,Enterprise Plan,completed,TikTok,West,tablet
TXN_307140,USR_00683,2023-02-04,549.67,Basic Plan,completed,TikTok,West,mobile
TXN_362285,USR_00684,2023-03-20,576.82,Basic Plan,failed,Organic,North,mobile
TXN_662484,USR_00684,2023-05-09,6821.48,Enterprise Plan,completed,Organic,North,desktop
TXN_476687,USR_00685,2023-12-03,8734.46,Enterprise Plan,completed,Organic,South,tablet
TXN_541508,USR_00685,2024-01-04,5200.28,Enterprise Plan,completed,Organic,South,tablet
TXN_619640,USR_00686,2023-03-24,709.55,Basic Plan,refunded,Meta_Facebook,West,tablet
TXN_984015,USR_00686,2023-04-21,2657.74,One-Time Purchase,failed,Meta_Facebook,West,desktop
TXN_263097,USR_00686,2023-05-19,895.36,Basic Plan,completed,Meta_Facebook,West,desktop
TXN_550536,USR_00686,2023-07-10,1577.06,Pro Plan,completed,Meta_Facebook,West,tablet
TXN_864672,USR_00687,2023-05-29,1463.41,One-Time Purchase,completed,Email,West,tablet
TXN_359369,USR_00687,2023-06-29,931.08,Basic Plan,failed,Email,West,tablet
TXN_759457,USR_00688,2023-08-08,1782.0,Pro Plan,refunded,Meta_Facebook,West,tablet
TXN_301512,USR_00688,2023-09-06,2100.92,Pro Plan,completed,Meta_Facebook,West,mobile
TXN_527082,USR_00689,2023-08-07,931.18,Basic Plan,completed,Google_Search,Central,tablet
TXN_775149,USR_00690,2023-04-29,587.34,One-Time Purchase,completed,Meta_Facebook,East,mobile
TXN_846151,USR_00690,2023-06-07,6401.78,Enterprise Plan,completed,Meta_Facebook,East,desktop
TXN_154662,USR_00690,2023-07-12,589.88,Basic Plan,completed,Meta_Facebook,East,tablet
TXN_205656,USR_00690,2023-08-21,1615.75,One-Time Purchase,refunded,Meta_Facebook,East,desktop
TXN_816137,USR_00691,2023-09-09,547.44,Basic Plan,completed,Email,East,tablet
TXN_654552,USR_00691,2023-10-07,8713.66,Enterprise Plan,refunded,Email,East,tablet
TXN_191468,USR_00691,2023-11-19,6049.17,Enterprise Plan,completed,Email,East,mobile
TXN_178516,USR_00692,2023-11-05,2555.99,Pro Plan,completed,Google_Search,North,tablet
TXN_659475,USR_00692,2024-01-03,4950.33,One-Time Purchase,completed,Google_Search,North,tablet
TXN_364792,USR_00692,2024-02-01,2126.32,Pro Plan,failed,Google_Search,North,tablet
TXN_929303,USR_00693,2023-08-18,2268.32,One-Time Purchase,refunded,Google_Search,West,mobile
TXN_299429,USR_00694,2023-12-23,896.2,Basic Plan,failed,Meta_Facebook,East,tablet
TXN_502810,USR_00695,2023-07-23,2155.62,Pro Plan,refunded,Organic,Central,tablet
TXN_267775,USR_00695,2023-09-05,6033.62,Enterprise Plan,completed,Organic,Central,tablet
TXN_410759,USR_00696,2023-04-22,6516.05,Enterprise Plan,completed,TikTok,North,tablet
TXN_391248,USR_00697,2023-03-29,5194.45,Enterprise Plan,completed,Meta_Facebook,North,mobile
TXN_734555,USR_00698,2023-01-27,823.32,Basic Plan,failed,Meta_Facebook,South,desktop
TXN_741185,USR_00698,2023-03-08,8609.4,Enterprise Plan,completed,Meta_Facebook,South,desktop
TXN_285320,USR_00699,2023-06-16,2594.72,Pro Plan,completed,Google_Search,North,desktop
TXN_500536,USR_00699,2023-07-07,860.3,Basic Plan,failed,Google_Search,North,tablet
TXN_313824,USR_00700,2023-11-21,1336.0,One-Time Purchase,completed,TikTok,Central,tablet
TXN_198242,USR_00701,2023-07-22,2031.61,One-Time Purchase,completed,Meta_Facebook,West,desktop
TXN_864915,USR_00701,2023-08-22,1782.29,Pro Plan,completed,Meta_Facebook,West,mobile
TXN_820756,USR_00701,2023-09-29,2826.88,Pro Plan,completed,Meta_Facebook,West,tablet
TXN_776456,USR_00701,2023-10-31,712.2,Basic Plan,completed,Meta_Facebook,West,desktop
TXN_215380,USR_00702,2023-02-21,687.94,Basic Plan,completed,TikTok,South,mobile
TXN_728765,USR_00703,2023-11-26,632.83,Basic Plan,failed,Google_Search,South,mobile
TXN_565909,USR_00704,2023-02-24,1707.85,Pro Plan,refunded,TikTok,East,mobile
TXN_825657,USR_00704,2023-04-04,1864.71,Pro Plan,refunded,TikTok,East,desktop
TXN_207548,USR_00705,2023-11-18,550.41,Basic Plan,completed,TikTok,North,tablet
TXN_254535,USR_00706,2023-08-01,612.34,Basic Plan,completed,Meta_Facebook,North,desktop
TXN_962752,USR_00706,2023-09-08,3526.8,One-Time Purchase,failed,Meta_Facebook,North,mobile
TXN_474664,USR_00706,2023-10-29,611.26,Basic Plan,completed,Meta_Facebook,North,mobile
TXN_728738,USR_00707,2023-07-04,2141.94,Pro Plan,completed,Google_Search,North,mobile
TXN_465308,USR_00707,2023-08-20,8122.79,Enterprise Plan,completed,Google_Search,North,mobile
TXN_915565,USR_00708,2023-12-05,929.86,Basic Plan,completed,Email,East,tablet
TXN_954222,USR_00708,2024-01-03,2398.47,One-Time Purchase,completed,Email,East,mobile
TXN_290706,USR_00709,2023-02-27,1634.67,Pro Plan,completed,TikTok,West,desktop
TXN_730973,USR_00709,2023-04-10,2561.06,One-Time Purchase,completed,TikTok,West,tablet
TXN_621249,USR_00709,2023-05-21,2073.78,Pro Plan,refunded,TikTok,West,tablet
TXN_950701,USR_00710,2023-10-02,2775.65,One-Time Purchase,failed,Meta_Facebook,West,tablet
TXN_240082,USR_00711,2023-05-01,680.2,Basic Plan,completed,Email,North,mobile
TXN_541531,USR_00712,2023-07-04,2751.88,Pro Plan,refunded,Meta_Facebook,East,mobile
TXN_545339,USR_00713,2023-01-29,3744.48,One-Time Purchase,failed,Meta_Facebook,North,desktop
TXN_248140,USR_00714,2023-12-06,1544.28,Pro Plan,completed,TikTok,North,mobile
TXN_592584,USR_00714,2024-01-10,1002.67,One-Time Purchase,completed,TikTok,North,tablet
TXN_829019,USR_00715,2023-12-24,7218.87,Enterprise Plan,failed,Email,West,mobile
TXN_733521,USR_00715,2024-01-31,939.58,Basic Plan,completed,Email,West,mobile
TXN_576364,USR_00715,2024-03-23,4212.6,One-Time Purchase,failed,Email,West,tablet
TXN_646833,USR_00716,2023-09-14,1906.74,Pro Plan,completed,Email,South,desktop
TXN_686462,USR_00717,2023-07-25,1162.36,One-Time Purchase,failed,TikTok,North,tablet
TXN_778058,USR_00718,2023-08-28,1073.67,One-Time Purchase,completed,Organic,East,desktop
TXN_916628,USR_00718,2023-09-29,537.9,Basic Plan,refunded,Organic,East,desktop
TXN_322203,USR_00718,2023-10-20,2311.35,Pro Plan,completed,Organic,East,tablet
TXN_697817,USR_00719,2023-06-08,619.17,Basic Plan,completed,Meta_Facebook,Central,tablet
TXN_473973,USR_00720,2023-09-05,970.75,Basic Plan,completed,Google_Search,North,desktop
TXN_473122,USR_00720,2023-10-20,8758.21,Enterprise Plan,failed,Google_Search,North,mobile
TXN_124835,USR_00720,2023-11-15,750.09,Basic Plan,completed,Google_Search,North,tablet
TXN_197822,USR_00721,2023-01-20,669.14,One-Time Purchase,failed,Email,South,tablet
TXN_404969,USR_00722,2023-12-15,3990.15,One-Time Purchase,completed,Meta_Facebook,South,desktop
TXN_178641,USR_00723,2023-08-09,2994.51,Pro Plan,refunded,Google_Search,West,mobile
TXN_623147,USR_00724,2023-09-12,7734.68,Enterprise Plan,completed,Google_Search,North,mobile
TXN_704516,USR_00724,2023-10-31,5806.36,Enterprise Plan,completed,Google_Search,North,desktop
TXN_370473,USR_00724,2023-12-12,2564.98,Pro Plan,completed,Google_Search,North,desktop
TXN_520415,USR_00725,2023-05-12,485.09,One-Time Purchase,completed,Organic,South,desktop
TXN_630519,USR_00726,2023-03-08,5416.45,Enterprise Plan,completed,Organic,East,desktop
TXN_108328,USR_00727,2023-12-16,2548.62,Pro Plan,refunded,Google_Search,Central,mobile
TXN_507081,USR_00728,2023-02-23,4312.0,One-Time Purchase,completed,Email,West,desktop
TXN_214419,USR_00728,2023-03-20,3318.68,One-Time Purchase,completed,Email,West,mobile
TXN_733727,USR_00729,2023-07-23,5321.36,Enterprise Plan,completed,Organic,South,desktop
TXN_252582,USR_00730,2023-09-01,771.54,Basic Plan,completed,Google_Search,East,tablet
TXN_165431,USR_00730,2023-10-04,992.91,Basic Plan,completed,Google_Search,East,desktop
TXN_284660,USR_00731,2023-04-20,1567.29,One-Time Purchase,failed,Google_Search,South,mobile
TXN_573349,USR_00732,2023-03-14,648.17,Basic Plan,failed,Google_Search,East,desktop
TXN_196931,USR_00732,2023-05-06,5919.39,Enterprise Plan,completed,Google_Search,East,desktop
TXN_822291,USR_00733,2023-06-02,2562.64,One-Time Purchase,refunded,Meta_Facebook,South,mobile
TXN_921110,USR_00733,2023-07-19,4167.17,One-Time Purchase,refunded,Meta_Facebook,South,tablet
TXN_878920,USR_00733,2023-08-20,1984.6,Pro Plan,failed,Meta_Facebook,South,tablet
TXN_431777,USR_00733,2023-09-29,4687.95,One-Time Purchase,completed,Meta_Facebook,South,mobile
TXN_296772,USR_00734,2023-01-02,517.24,Basic Plan,failed,Organic,South,desktop
TXN_704856,USR_00735,2023-11-04,2927.57,Pro Plan,failed,Organic,South,mobile
TXN_534166,USR_00736,2023-01-09,3348.88,One-Time Purchase,completed,Email,East,desktop
TXN_218887,USR_00736,2023-02-20,2757.9,One-Time Purchase,completed,Email,East,mobile
TXN_398873,USR_00737,2023-08-23,2313.14,Pro Plan,completed,Organic,East,tablet
TXN_746195,USR_00738,2023-12-26,543.82,Basic Plan,completed,TikTok,North,desktop
TXN_709467,USR_00738,2024-01-21,815.76,Basic Plan,refunded,TikTok,North,mobile
TXN_499591,USR_00739,2023-12-08,2664.32,Pro Plan,refunded,Email,West,mobile
TXN_920192,USR_00740,2023-03-05,334.74,One-Time Purchase,completed,Email,West,mobile
TXN_806007,USR_00740,2023-04-26,6535.98,Enterprise Plan,completed,Email,West,mobile
TXN_959868,USR_00741,2023-08-01,2684.77,Pro Plan,refunded,Google_Search,North,tablet
TXN_302019,USR_00742,2023-11-04,1435.61,One-Time Purchase,completed,Email,East,tablet
TXN_642404,USR_00743,2023-10-23,2103.68,Pro Plan,completed,Organic,South,mobile
TXN_704958,USR_00743,2023-12-09,2255.39,Pro Plan,failed,Organic,South,desktop
TXN_112098,USR_00744,2023-10-11,545.63,Basic Plan,completed,Meta_Facebook,East,tablet
TXN_878399,USR_00744,2023-12-07,784.9,Basic Plan,completed,Meta_Facebook,East,tablet
TXN_981282,USR_00745,2023-11-21,1944.38,Pro Plan,refunded,Email,South,mobile
TXN_707497,USR_00746,2023-12-04,2440.16,Pro Plan,failed,Google_Search,East,mobile
TXN_374721,USR_00746,2023-12-31,552.54,Basic Plan,completed,Google_Search,East,mobile
TXN_934080,USR_00747,2023-02-17,2085.2,Pro Plan,completed,Google_Search,West,mobile
TXN_493482,USR_00747,2023-04-04,604.15,Basic Plan,completed,Google_Search,West,desktop
TXN_736123,USR_00748,2023-03-24,2488.5,Pro Plan,failed,Meta_Facebook,East,mobile
TXN_366863,USR_00749,2023-03-02,578.19,Basic Plan,failed,Email,East,mobile
TXN_327496,USR_00750,2023-10-02,2799.31,Pro Plan,completed,Google_Search,Central,mobile
TXN_380589,USR_00750,2023-11-11,862.87,Basic Plan,completed,Google_Search,Central,desktop
TXN_783592,USR_00750,2023-12-31,673.28,Basic Plan,refunded,Google_Search,Central,desktop
TXN_820431,USR_00751,2023-08-28,1874.14,Pro Plan,completed,Organic,West,tablet
TXN_611528,USR_00752,2023-02-22,2690.15,Pro Plan,failed,TikTok,Central,desktop
TXN_212783,USR_00752,2023-04-11,9078.46,Enterprise Plan,refunded,TikTok,Central,tablet
TXN_636196,USR_00753,2023-10-18,1085.07,One-Time Purchase,completed,Email,East,desktop
TXN_288643,USR_00753,2023-12-14,6990.53,Enterprise Plan,completed,Email,East,desktop
TXN_490032,USR_00754,2023-08-08,606.59,Basic Plan,completed,Meta_Facebook,East,mobile
TXN_444844,USR_00754,2023-09-17,8440.46,Enterprise Plan,failed,Meta_Facebook,East,mobile
TXN_652874,USR_00755,2023-06-14,1631.99,One-Time Purchase,completed,Meta_Facebook,Central,mobile
TXN_307775,USR_00756,2023-11-08,1792.58,One-Time Purchase,completed,Google_Search,Central,mobile
TXN_730645,USR_00757,2023-09-13,561.05,Basic Plan,completed,Google_Search,East,desktop
TXN_921355,USR_00757,2023-11-09,641.52,Basic Plan,failed,Google_Search,East,tablet
TXN_172827,USR_00758,2023-05-26,667.69,Basic Plan,completed,Meta_Facebook,West,desktop
TXN_183641,USR_00759,2023-02-18,8767.46,Enterprise Plan,completed,Organic,East,tablet
TXN_576663,USR_00759,2023-03-30,695.66,Basic Plan,failed,Organic,East,desktop
TXN_210242,USR_00760,2023-11-13,911.73,Basic Plan,completed,Google_Search,North,desktop
TXN_955792,USR_00760,2023-12-30,594.58,Basic Plan,completed,Google_Search,North,tablet
TXN_376537,USR_00761,2023-01-27,972.57,Basic Plan,completed,Email,North,desktop
TXN_255190,USR_00762,2023-07-14,862.54,One-Time Purchase,completed,Email,South,tablet
TXN_437548,USR_00763,2023-12-09,3406.96,One-Time Purchase,completed,Google_Search,Central,tablet
TXN_186816,USR_00763,2024-01-28,8830.01,Enterprise Plan,failed,Google_Search,Central,desktop
TXN_803069,USR_00764,2023-05-05,582.25,One-Time Purchase,completed,Meta_Facebook,North,mobile
TXN_638891,USR_00765,2023-04-07,2719.99,Pro Plan,refunded,Organic,North,desktop
TXN_504305,USR_00766,2023-12-02,1827.18,Pro Plan,completed,Meta_Facebook,Central,desktop
TXN_543646,USR_00766,2024-01-30,1182.38,One-Time Purchase,completed,Meta_Facebook,Central,mobile
TXN_881216,USR_00767,2023-12-18,2190.43,Pro Plan,completed,Email,Central,mobile
TXN_599374,USR_00767,2024-01-22,1178.04,One-Time Purchase,completed,Email,Central,tablet
TXN_471643,USR_00768,2023-09-29,962.46,Basic Plan,completed,Organic,East,desktop
TXN_562779,USR_00768,2023-11-01,2686.26,One-Time Purchase,completed,Organic,East,desktop
TXN_303352,USR_00768,2023-12-14,3739.41,One-Time Purchase,completed,Organic,East,desktop
TXN_777741,USR_00769,2023-11-01,812.17,One-Time Purchase,completed,Email,Central,mobile
TXN_379108,USR_00769,2023-11-28,946.53,Basic Plan,refunded,Email,Central,mobile
TXN_869575,USR_00770,2023-05-22,2145.56,One-Time Purchase,completed,Meta_Facebook,Central,tablet
TXN_767837,USR_00770,2023-06-28,2677.59,Pro Plan,completed,Meta_Facebook,Central,desktop
TXN_834497,USR_00770,2023-08-25,546.12,Basic Plan,refunded,Meta_Facebook,Central,tablet
TXN_577328,USR_00771,2023-12-19,582.32,Basic Plan,completed,Meta_Facebook,South,mobile
TXN_812195,USR_00772,2023-08-08,9405.29,Enterprise Plan,completed,Email,North,mobile
TXN_359533,USR_00772,2023-10-05,3039.85,One-Time Purchase,completed,Email,North,desktop
TXN_975937,USR_00772,2023-11-01,782.63,Basic Plan,completed,Email,North,mobile
TXN_451983,USR_00773,2023-09-26,549.0,Basic Plan,failed,TikTok,South,desktop
TXN_415761,USR_00774,2023-10-07,7292.75,Enterprise Plan,completed,Email,West,tablet
TXN_770879,USR_00775,2023-12-06,8427.92,Enterprise Plan,failed,TikTok,West,mobile
TXN_829605,USR_00776,2023-04-23,621.18,Basic Plan,failed,Meta_Facebook,East,desktop
TXN_769760,USR_00776,2023-06-05,595.92,Basic Plan,completed,Meta_Facebook,East,mobile
TXN_447283,USR_00777,2023-12-14,9550.64,Enterprise Plan,completed,TikTok,West,desktop
TXN_707667,USR_00777,2024-02-09,6545.62,Enterprise Plan,completed,TikTok,West,tablet
TXN_623162,USR_00778,2023-03-04,5549.95,Enterprise Plan,completed,Organic,West,tablet
TXN_754096,USR_00778,2023-04-02,2283.78,Pro Plan,completed,Organic,West,tablet
TXN_116349,USR_00778,2023-05-02,5322.08,Enterprise Plan,completed,Organic,West,desktop
TXN_105337,USR_00778,2023-05-24,525.6,Basic Plan,completed,Organic,West,desktop
TXN_797644,USR_00779,2023-01-01,9392.61,Enterprise Plan,refunded,Google_Search,East,tablet
TXN_404928,USR_00780,2024-01-01,3049.56,One-Time Purchase,completed,Email,South,mobile
TXN_767989,USR_00780,2024-01-23,6242.64,Enterprise Plan,failed,Email,South,desktop
TXN_438144,USR_00781,2023-02-20,2344.86,Pro Plan,failed,Email,East,tablet
TXN_411777,USR_00782,2023-04-13,1950.59,Pro Plan,completed,Email,South,tablet
TXN_200707,USR_00782,2023-06-12,2062.95,Pro Plan,completed,Email,South,mobile
TXN_530187,USR_00783,2023-06-10,7137.35,Enterprise Plan,completed,TikTok,East,desktop
TXN_637087,USR_00784,2023-01-14,8932.16,Enterprise Plan,refunded,Organic,North,desktop
TXN_585289,USR_00785,2023-10-17,2103.41,Pro Plan,completed,Email,North,tablet
TXN_692910,USR_00786,2023-02-13,7970.7,Enterprise Plan,completed,Google_Search,East,desktop
TXN_876390,USR_00787,2023-03-04,2273.4,Pro Plan,refunded,TikTok,Central,desktop
TXN_944750,USR_00788,2023-03-11,8594.71,Enterprise Plan,completed,Meta_Facebook,South,desktop
TXN_314217,USR_00789,2023-02-28,758.91,Basic Plan,completed,Google_Search,North,mobile
TXN_414492,USR_00789,2023-04-19,2135.36,One-Time Purchase,completed,Google_Search,North,desktop
TXN_122709,USR_00790,2023-05-01,715.18,Basic Plan,failed,TikTok,East,mobile
TXN_799961,USR_00791,2023-12-03,2557.19,One-Time Purchase,completed,Meta_Facebook,South,mobile
TXN_938708,USR_00791,2024-01-29,6954.95,Enterprise Plan,failed,Meta_Facebook,South,mobile
TXN_111554,USR_00792,2023-08-06,863.59,One-Time Purchase,completed,Meta_Facebook,North,tablet
TXN_246070,USR_00792,2023-09-14,499.37,One-Time Purchase,completed,Meta_Facebook,North,desktop
TXN_321018,USR_00792,2023-11-02,2035.62,Pro Plan,refunded,Meta_Facebook,North,desktop
TXN_391860,USR_00793,2023-02-02,7296.41,Enterprise Plan,completed,Meta_Facebook,South,tablet
TXN_913063,USR_00794,2023-02-04,2363.06,Pro Plan,refunded,Organic,West,tablet
TXN_465004,USR_00794,2023-03-29,7943.26,Enterprise Plan,refunded,Organic,West,tablet
TXN_623694,USR_00795,2023-02-04,1643.81,Pro Plan,completed,Google_Search,North,tablet
TXN_934252,USR_00795,2023-03-26,2970.99,Pro Plan,failed,Google_Search,North,mobile
TXN_139235,USR_00796,2023-03-31,804.95,Basic Plan,completed,Organic,West,tablet
TXN_282522,USR_00796,2023-04-24,8031.67,Enterprise Plan,completed,Organic,West,desktop
TXN_558767,USR_00797,2023-02-25,1792.58,Pro Plan,completed,Organic,West,tablet
TXN_947954,USR_00797,2023-04-04,2150.09,Pro Plan,refunded,Organic,West,mobile
TXN_912002,USR_00798,2023-11-19,2838.94,Pro Plan,completed,Google_Search,South,desktop
TXN_773429,USR_00799,2023-10-18,2522.54,Pro Plan,failed,TikTok,North,tablet
TXN_625179,USR_00799,2023-12-08,2354.56,Pro Plan,completed,TikTok,North,desktop
TXN_696799,USR_00800,2023-10-14,3238.71,One-Time Purchase,completed,Meta_Facebook,North,mobile
TXN_446994,USR_00801,2023-06-02,1576.22,Pro Plan,refunded,Google_Search,North,mobile
TXN_402062,USR_00802,2023-05-29,935.22,Basic Plan,completed,Email,West,mobile
TXN_831400,USR_00803,2023-09-23,3206.63,One-Time Purchase,refunded,TikTok,Central,mobile
TXN_454466,USR_00803,2023-11-19,8265.16,Enterprise Plan,completed,TikTok,Central,desktop
TXN_956437,USR_00803,2023-12-25,568.64,Basic Plan,refunded,TikTok,Central,tablet
TXN_739633,USR_00804,2023-12-06,901.83,Basic Plan,refunded,Google_Search,South,tablet
TXN_875201,USR_00804,2023-12-28,973.95,Basic Plan,refunded,Google_Search,South,tablet
TXN_336186,USR_00805,2023-09-03,516.8,Basic Plan,refunded,Meta_Facebook,East,tablet
TXN_127633,USR_00806,2023-06-29,1531.16,Pro Plan,completed,Organic,West,mobile
TXN_829222,USR_00807,2023-07-14,692.56,Basic Plan,completed,Google_Search,Central,mobile
TXN_468877,USR_00808,2023-10-09,947.57,Basic Plan,completed,Meta_Facebook,North,mobile
TXN_717210,USR_00808,2023-11-19,618.09,Basic Plan,completed,Meta_Facebook,North,mobile
TXN_159406,USR_00809,2023-10-02,2717.93,Pro Plan,completed,TikTok,North,mobile
TXN_356108,USR_00810,2023-08-13,6747.34,Enterprise Plan,failed,Meta_Facebook,East,desktop
TXN_362352,USR_00811,2023-03-08,827.3,Basic Plan,completed,TikTok,West,tablet
TXN_565087,USR_00811,2023-04-10,9487.2,Enterprise Plan,completed,TikTok,West,tablet
TXN_209448,USR_00812,2023-10-10,8487.86,Enterprise Plan,refunded,Email,South,mobile
TXN_982298,USR_00813,2023-12-28,600.78,Basic Plan,completed,TikTok,West,tablet
TXN_956036,USR_00813,2024-01-31,1683.12,Pro Plan,failed,TikTok,West,mobile
TXN_383428,USR_00814,2023-12-24,748.45,Basic Plan,completed,Organic,West,desktop
TXN_502586,USR_00814,2024-02-19,528.86,Basic Plan,refunded,Organic,West,desktop
TXN_293385,USR_00815,2023-01-10,611.22,Basic Plan,completed,Organic,West,tablet
TXN_127254,USR_00815,2023-02-26,5155.53,Enterprise Plan,completed,Organic,West,tablet
TXN_555161,USR_00816,2023-05-15,8627.93,Enterprise Plan,refunded,TikTok,South,desktop
TXN_586017,USR_00817,2023-01-30,9291.57,Enterprise Plan,refunded,Google_Search,Central,desktop
TXN_238278,USR_00818,2023-09-23,3803.48,One-Time Purchase,completed,Email,South,mobile
TXN_745448,USR_00819,2023-05-21,7854.41,Enterprise Plan,completed,Google_Search,South,desktop
TXN_112938,USR_00819,2023-07-03,8911.13,Enterprise Plan,refunded,Google_Search,South,mobile
TXN_589097,USR_00820,2023-06-14,380.15,One-Time Purchase,completed,Email,South,mobile
TXN_183410,USR_00820,2023-07-26,2111.92,Pro Plan,refunded,Email,South,desktop
TXN_233402,USR_00821,2023-02-02,6296.7,Enterprise Plan,completed,Organic,South,mobile
TXN_140372,USR_00821,2023-04-03,615.34,Basic Plan,failed,Organic,South,mobile
TXN_369950,USR_00822,2023-10-24,974.85,Basic Plan,completed,Email,North,mobile
TXN_214466,USR_00822,2023-12-05,799.29,Basic Plan,completed,Email,North,mobile
TXN_536175,USR_00823,2023-09-19,7850.83,Enterprise Plan,failed,Google_Search,South,mobile
TXN_492917,USR_00824,2023-03-15,9874.49,Enterprise Plan,failed,Google_Search,East,desktop
TXN_211392,USR_00825,2023-03-24,2866.81,Pro Plan,completed,Email,North,tablet
TXN_134183,USR_00826,2023-09-19,2067.26,Pro Plan,refunded,TikTok,Central,tablet
TXN_692867,USR_00826,2023-10-18,976.59,Basic Plan,completed,TikTok,Central,tablet
TXN_562440,USR_00827,2023-08-03,3397.23,One-Time Purchase,refunded,TikTok,North,desktop
TXN_342106,USR_00828,2023-05-18,1992.03,Pro Plan,completed,Meta_Facebook,Central,desktop
TXN_630205,USR_00829,2023-03-01,5397.45,Enterprise Plan,refunded,Meta_Facebook,West,mobile
TXN_663731,USR_00830,2023-11-06,2353.01,Pro Plan,completed,Meta_Facebook,West,mobile
TXN_185465,USR_00831,2023-12-07,6706.86,Enterprise Plan,completed,Meta_Facebook,Central,desktop
TXN_910176,USR_00831,2024-01-22,2363.02,Pro Plan,failed,Meta_Facebook,Central,mobile
TXN_592684,USR_00832,2023-01-08,8826.55,Enterprise Plan,failed,Meta_Facebook,North,tablet
TXN_823566,USR_00832,2023-02-03,915.93,Basic Plan,completed,Meta_Facebook,North,mobile
TXN_233644,USR_00832,2023-02-27,4549.02,One-Time Purchase,completed,Meta_Facebook,North,desktop
TXN_720209,USR_00832,2023-04-23,5594.15,Enterprise Plan,completed,Meta_Facebook,North,tablet
TXN_570700,USR_00832,2023-06-21,535.88,Basic Plan,completed,Meta_Facebook,North,desktop
TXN_959943,USR_00833,2023-08-12,2584.56,Pro Plan,refunded,Email,West,tablet
TXN_806642,USR_00833,2023-09-06,795.78,Basic Plan,completed,Email,West,tablet
TXN_716647,USR_00833,2023-10-25,1129.59,One-Time Purchase,failed,Email,West,desktop
TXN_650705,USR_00834,2023-02-19,5240.44,Enterprise Plan,refunded,Meta_Facebook,East,tablet
TXN_143971,USR_00835,2023-08-07,8785.5,Enterprise Plan,completed,Email,East,tablet
TXN_429638,USR_00835,2023-09-09,7874.69,Enterprise Plan,refunded,Email,East,mobile
TXN_560237,USR_00835,2023-10-21,642.92,Basic Plan,completed,Email,East,mobile
TXN_342928,USR_00835,2023-11-20,9943.03,Enterprise Plan,completed,Email,East,tablet
TXN_891533,USR_00835,2023-12-27,2327.25,Pro Plan,refunded,Email,East,mobile
TXN_487491,USR_00836,2023-01-21,743.18,Basic Plan,completed,TikTok,Central,mobile
TXN_851043,USR_00837,2023-10-20,1685.23,One-Time Purchase,completed,Organic,West,tablet
TXN_243464,USR_00837,2023-11-16,2617.3,One-Time Purchase,completed,Organic,West,desktop
TXN_575491,USR_00838,2023-02-10,2259.59,Pro Plan,completed,Meta_Facebook,North,tablet
TXN_432951,USR_00839,2023-02-07,965.18,Basic Plan,refunded,Email,North,mobile
TXN_806056,USR_00840,2023-11-17,2378.52,Pro Plan,completed,Google_Search,North,mobile
TXN_620855,USR_00840,2023-12-23,4124.18,One-Time Purchase,failed,Google_Search,North,desktop
TXN_885851,USR_00840,2024-01-20,974.42,Basic Plan,failed,Google_Search,North,mobile
TXN_375852,USR_00841,2023-09-09,1557.22,Pro Plan,failed,TikTok,Central,tablet
TXN_800423,USR_00842,2023-05-01,9202.46,Enterprise Plan,completed,Email,West,desktop
TXN_891634,USR_00843,2023-07-20,5481.67,Enterprise Plan,completed,TikTok,East,desktop
TXN_792702,USR_00844,2023-06-16,2196.1,Pro Plan,completed,Meta_Facebook,West,mobile
TXN_405062,USR_00845,2023-12-27,3528.94,One-Time Purchase,completed,Meta_Facebook,West,desktop
TXN_374312,USR_00845,2024-02-17,584.78,One-Time Purchase,completed,Meta_Facebook,West,tablet
TXN_329583,USR_00846,2023-08-15,633.16,Basic Plan,failed,Organic,West,desktop
TXN_215674,USR_00847,2023-06-07,2303.02,Pro Plan,failed,Organic,West,tablet
TXN_941390,USR_00847,2023-08-05,974.14,Basic Plan,completed,Organic,West,desktop
TXN_661483,USR_00848,2023-06-20,758.32,Basic Plan,completed,Email,Central,mobile
TXN_679811,USR_00849,2023-07-22,6656.51,Enterprise Plan,completed,Meta_Facebook,East,tablet
TXN_264569,USR_00850,2023-01-19,4018.31,One-Time Purchase,completed,Google_Search,Central,desktop
TXN_229648,USR_00850,2023-02-27,1549.67,Pro Plan,failed,Google_Search,Central,desktop
TXN_857190,USR_00851,2023-12-02,537.26,Basic Plan,refunded,Organic,South,tablet
TXN_931122,USR_00851,2024-01-17,1642.34,Pro Plan,refunded,Organic,South,desktop
TXN_204521,USR_00852,2023-06-09,6369.25,Enterprise Plan,completed,Email,West,desktop
TXN_526068,USR_00853,2023-12-02,7146.67,Enterprise Plan,completed,TikTok,West,tablet
TXN_862899,USR_00853,2024-01-08,2072.61,Pro Plan,completed,TikTok,West,desktop
TXN_568802,USR_00854,2024-01-01,697.67,Basic Plan,completed,Google_Search,West,desktop
TXN_317770,USR_00855,2023-11-26,546.69,Basic Plan,completed,Email,East,desktop
TXN_648830,USR_00855,2024-01-22,2103.79,Pro Plan,completed,Email,East,tablet
TXN_138283,USR_00856,2023-01-31,8701.56,Enterprise Plan,completed,Organic,East,desktop
TXN_347190,USR_00857,2023-01-03,1770.18,One-Time Purchase,failed,Email,South,desktop
TXN_233465,USR_00858,2023-09-21,3585.5,One-Time Purchase,completed,TikTok,North,mobile
TXN_219185,USR_00858,2023-10-21,582.1,Basic Plan,completed,TikTok,North,mobile
TXN_538459,USR_00859,2023-08-06,2622.49,Pro Plan,refunded,Organic,South,desktop
TXN_809553,USR_00859,2023-08-26,4979.0,One-Time Purchase,failed,Organic,South,desktop
TXN_248391,USR_00859,2023-10-18,7818.05,Enterprise Plan,completed,Organic,South,desktop
TXN_883039,USR_00860,2023-11-11,2474.54,One-Time Purchase,completed,Email,Central,tablet
TXN_287931,USR_00860,2023-12-09,345.16,One-Time Purchase,completed,Email,Central,mobile
TXN_308947,USR_00860,2024-01-28,654.92,Basic Plan,completed,Email,Central,tablet
TXN_686317,USR_00861,2023-06-19,1599.16,Pro Plan,failed,Google_Search,North,mobile
TXN_367124,USR_00862,2023-04-09,6835.37,Enterprise Plan,completed,Email,East,tablet
TXN_286987,USR_00863,2023-04-14,864.33,Basic Plan,completed,Google_Search,Central,desktop
TXN_734152,USR_00863,2023-06-09,1850.75,One-Time Purchase,refunded,Google_Search,Central,desktop
TXN_942377,USR_00864,2023-08-31,2982.63,Pro Plan,completed,Meta_Facebook,South,tablet
TXN_243628,USR_00865,2023-03-17,660.67,Basic Plan,completed,Meta_Facebook,South,tablet
TXN_896925,USR_00865,2023-05-04,1836.32,One-Time Purchase,refunded,Meta_Facebook,South,mobile
TXN_656464,USR_00866,2023-07-13,9192.25,Enterprise Plan,completed,Organic,West,mobile
TXN_818660,USR_00867,2023-03-27,2602.44,One-Time Purchase,completed,Email,South,mobile
TXN_462798,USR_00868,2023-11-30,9275.86,Enterprise Plan,failed,Email,South,tablet
TXN_111190,USR_00869,2023-08-06,2057.77,One-Time Purchase,failed,Meta_Facebook,Central,mobile
TXN_444406,USR_00869,2023-09-23,1507.42,Pro Plan,completed,Meta_Facebook,Central,mobile
TXN_601989,USR_00870,2023-09-15,822.61,Basic Plan,failed,Google_Search,Central,desktop
TXN_737058,USR_00871,2023-12-27,930.59,Basic Plan,completed,Email,East,tablet
TXN_742693,USR_00872,2023-08-21,518.1,Basic Plan,completed,Organic,South,tablet
TXN_845108,USR_00873,2023-04-01,527.02,Basic Plan,failed,Meta_Facebook,North,mobile
TXN_786927,USR_00873,2023-05-11,9916.02,Enterprise Plan,completed,Meta_Facebook,North,tablet
TXN_715354,USR_00873,2023-06-01,9487.68,Enterprise Plan,completed,Meta_Facebook,North,tablet
TXN_254679,USR_00874,2023-12-07,595.47,Basic Plan,refunded,Organic,West,tablet
TXN_822171,USR_00875,2023-05-17,636.76,Basic Plan,completed,Google_Search,South,tablet
TXN_467719,USR_00875,2023-07-02,654.58,Basic Plan,refunded,Google_Search,South,mobile
TXN_291366,USR_00876,2023-12-23,557.13,Basic Plan,completed,Google_Search,Central,tablet
TXN_328092,USR_00876,2024-01-17,882.36,Basic Plan,completed,Google_Search,Central,tablet
TXN_401021,USR_00877,2023-05-07,5265.68,Enterprise Plan,failed,Email,South,mobile
TXN_386050,USR_00877,2023-06-13,7068.91,Enterprise Plan,completed,Email,South,mobile
TXN_465805,USR_00878,2023-05-13,1968.22,One-Time Purchase,completed,Organic,East,tablet
TXN_504415,USR_00878,2023-07-05,1554.1,Pro Plan,refunded,Organic,East,mobile
TXN_934951,USR_00879,2023-10-03,8229.04,Enterprise Plan,failed,TikTok,South,desktop
TXN_370756,USR_00879,2023-11-05,5452.79,Enterprise Plan,completed,TikTok,South,mobile
TXN_295481,USR_00879,2023-12-24,757.51,Basic Plan,failed,TikTok,South,desktop
TXN_760049,USR_00880,2023-06-15,660.19,Basic Plan,completed,Email,Central,desktop
TXN_205075,USR_00880,2023-07-05,1872.15,One-Time Purchase,failed,Email,Central,mobile
TXN_560333,USR_00880,2023-08-16,2868.86,One-Time Purchase,completed,Email,Central,tablet
TXN_730133,USR_00881,2023-12-22,1877.86,Pro Plan,completed,Organic,West,desktop
TXN_705540,USR_00882,2023-06-03,2300.7,One-Time Purchase,completed,Google_Search,South,desktop
TXN_831519,USR_00882,2023-07-30,2882.53,Pro Plan,refunded,Google_Search,South,tablet
TXN_194789,USR_00883,2023-04-12,8941.85,Enterprise Plan,completed,TikTok,South,desktop
TXN_280426,USR_00884,2023-08-23,828.3,Basic Plan,completed,Organic,South,desktop
TXN_194546,USR_00884,2023-10-01,2785.64,Pro Plan,completed,Organic,South,tablet
TXN_461456,USR_00884,2023-11-05,5023.72,Enterprise Plan,completed,Organic,South,mobile
TXN_506400,USR_00885,2023-07-21,3618.25,One-Time Purchase,completed,Meta_Facebook,West,mobile
TXN_175137,USR_00886,2023-03-10,3104.61,One-Time Purchase,refunded,Organic,East,desktop
TXN_625814,USR_00887,2023-10-28,2052.7,Pro Plan,completed,Google_Search,South,mobile
TXN_416604,USR_00888,2023-07-23,1182.46,One-Time Purchase,completed,Google_Search,South,desktop
TXN_426203,USR_00888,2023-08-17,2137.57,Pro Plan,completed,Google_Search,South,desktop
TXN_815485,USR_00888,2023-10-06,1142.73,One-Time Purchase,completed,Google_Search,South,tablet
TXN_942583,USR_00889,2023-02-24,826.93,Basic Plan,completed,Organic,North,mobile
TXN_609754,USR_00889,2023-03-26,3524.6,One-Time Purchase,completed,Organic,North,tablet
TXN_626449,USR_00890,2023-01-28,800.82,Basic Plan,completed,Email,West,desktop
TXN_807494,USR_00891,2023-10-01,2798.04,One-Time Purchase,completed,Email,North,mobile
TXN_862974,USR_00891,2023-10-30,5987.07,Enterprise Plan,refunded,Email,North,desktop
TXN_582607,USR_00891,2023-12-16,5198.22,Enterprise Plan,completed,Email,North,desktop
TXN_904083,USR_00892,2023-01-26,1885.07,One-Time Purchase,completed,TikTok,East,mobile
TXN_568472,USR_00892,2023-03-21,6783.43,Enterprise Plan,completed,TikTok,East,desktop
TXN_660972,USR_00893,2023-11-02,1467.55,One-Time Purchase,completed,Google_Search,East,mobile
TXN_822460,USR_00894,2023-03-06,6725.93,Enterprise Plan,completed,Meta_Facebook,West,tablet
TXN_253878,USR_00895,2023-09-26,662.29,Basic Plan,completed,TikTok,West,tablet
TXN_416655,USR_00896,2023-11-23,9636.2,Enterprise Plan,failed,Google_Search,West,desktop
TXN_183134,USR_00896,2024-01-07,8606.97,Enterprise Plan,failed,Google_Search,West,desktop
TXN_995739,USR_00897,2023-03-01,8076.91,Enterprise Plan,refunded,Meta_Facebook,Central,mobile
TXN_388134,USR_00897,2023-03-24,1310.48,One-Time Purchase,completed,Meta_Facebook,Central,tablet
TXN_811152,USR_00897,2023-04-24,801.31,Basic Plan,completed,Meta_Facebook,Central,desktop
TXN_789137,USR_00897,2023-05-31,1527.08,Pro Plan,completed,Meta_Facebook,Central,mobile
TXN_331795,USR_00898,2023-11-03,1526.11,Pro Plan,completed,Email,North,mobile
TXN_724144,USR_00898,2024-01-01,3062.2,One-Time Purchase,failed,Email,North,desktop
TXN_259151,USR_00899,2023-10-13,6730.83,Enterprise Plan,completed,Google_Search,East,desktop
TXN_522511,USR_00899,2023-12-03,2508.48,Pro Plan,completed,Google_Search,East,mobile
TXN_487125,USR_00900,2023-11-20,602.78,Basic Plan,refunded,Organic,Central,desktop
TXN_552492,USR_00901,2023-08-20,2435.4,Pro Plan,refunded,Organic,North,desktop
TXN_496811,USR_00902,2023-05-26,4628.53,One-Time Purchase,completed,TikTok,West,tablet
TXN_698469,USR_00902,2023-06-22,1815.96,Pro Plan,completed,TikTok,West,desktop
TXN_392426,USR_00903,2023-07-25,2126.27,Pro Plan,refunded,TikTok,West,desktop
TXN_893591,USR_00904,2023-12-07,2787.58,Pro Plan,completed,Email,Central,desktop
TXN_899995,USR_00905,2023-08-19,5015.69,Enterprise Plan,completed,Meta_Facebook,South,desktop
TXN_130451,USR_00906,2023-02-20,2227.38,One-Time Purchase,failed,Organic,Central,tablet
TXN_528631,USR_00906,2023-03-26,798.78,Basic Plan,failed,Organic,Central,mobile
TXN_928249,USR_00907,2023-03-27,5112.6,Enterprise Plan,refunded,TikTok,West,tablet
TXN_309490,USR_00908,2023-04-09,1761.82,Pro Plan,failed,Meta_Facebook,West,desktop
TXN_581498,USR_00908,2023-05-07,602.5,Basic Plan,completed,Meta_Facebook,West,mobile
TXN_356757,USR_00909,2023-05-04,9359.43,Enterprise Plan,completed,Meta_Facebook,West,desktop
TXN_645015,USR_00909,2023-05-28,840.01,Basic Plan,completed,Meta_Facebook,West,desktop
TXN_778522,USR_00910,2023-07-17,856.9,Basic Plan,refunded,Google_Search,West,tablet
TXN_968543,USR_00910,2023-08-07,645.48,Basic Plan,completed,Google_Search,West,tablet
TXN_208656,USR_00910,2023-08-29,2313.37,One-Time Purchase,completed,Google_Search,West,mobile
TXN_354875,USR_00911,2023-10-24,3384.72,One-Time Purchase,completed,Google_Search,South,desktop
TXN_580501,USR_00911,2023-11-26,8209.18,Enterprise Plan,completed,Google_Search,South,tablet
TXN_370450,USR_00912,2023-05-14,8935.87,Enterprise Plan,failed,Email,East,tablet
TXN_690913,USR_00913,2023-03-13,609.51,Basic Plan,completed,Meta_Facebook,Central,desktop
TXN_598372,USR_00913,2023-04-20,2350.46,Pro Plan,completed,Meta_Facebook,Central,tablet
TXN_129365,USR_00914,2023-03-21,1508.34,One-Time Purchase,completed,Meta_Facebook,South,mobile
TXN_633296,USR_00914,2023-05-17,628.71,Basic Plan,failed,Meta_Facebook,South,tablet
TXN_608817,USR_00915,2023-11-13,7615.69,Enterprise Plan,completed,Meta_Facebook,East,tablet
TXN_458997,USR_00916,2023-09-04,833.37,Basic Plan,completed,Meta_Facebook,West,mobile
TXN_927614,USR_00916,2023-10-13,1916.47,Pro Plan,failed,Meta_Facebook,West,mobile
TXN_112793,USR_00916,2023-11-14,2975.22,One-Time Purchase,failed,Meta_Facebook,West,tablet
TXN_170461,USR_00917,2023-04-14,975.01,Basic Plan,refunded,Email,North,desktop
TXN_291558,USR_00918,2023-10-03,1866.04,Pro Plan,failed,Google_Search,North,tablet
TXN_378673,USR_00918,2023-11-07,1132.92,One-Time Purchase,refunded,Google_Search,North,tablet
TXN_238987,USR_00918,2023-12-14,2599.01,Pro Plan,completed,Google_Search,North,tablet
TXN_600466,USR_00918,2024-01-22,1864.91,Pro Plan,refunded,Google_Search,North,desktop
TXN_599159,USR_00919,2023-01-27,846.11,One-Time Purchase,completed,Email,North,mobile
TXN_696985,USR_00919,2023-02-22,2396.44,Pro Plan,completed,Email,North,mobile
TXN_730565,USR_00920,2023-02-27,624.87,Basic Plan,completed,Organic,South,desktop
TXN_361118,USR_00921,2023-06-18,6320.0,Enterprise Plan,refunded,TikTok,West,desktop
TXN_634299,USR_00922,2023-09-15,2230.37,Pro Plan,completed,Email,West,desktop
TXN_419439,USR_00922,2023-11-05,879.22,Basic Plan,failed,Email,West,mobile
TXN_323573,USR_00923,2023-08-15,2667.19,Pro Plan,completed,Email,Central,desktop
TXN_739135,USR_00923,2023-10-06,782.71,One-Time Purchase,completed,Email,Central,mobile
TXN_794776,USR_00924,2023-06-15,2777.54,Pro Plan,refunded,Meta_Facebook,South,mobile
TXN_997830,USR_00925,2023-08-31,2898.27,Pro Plan,completed,TikTok,West,desktop
TXN_430664,USR_00925,2023-10-13,8632.55,Enterprise Plan,failed,TikTok,West,desktop
TXN_777162,USR_00926,2023-07-21,983.34,Basic Plan,completed,Organic,North,mobile
TXN_437479,USR_00927,2023-01-10,9161.76,Enterprise Plan,completed,Meta_Facebook,South,desktop
TXN_627374,USR_00927,2023-02-23,2695.21,Pro Plan,refunded,Meta_Facebook,South,desktop
TXN_602983,USR_00927,2023-04-01,1739.63,Pro Plan,failed,Meta_Facebook,South,tablet
TXN_493235,USR_00928,2023-01-24,9933.65,Enterprise Plan,refunded,Organic,West,mobile
TXN_559406,USR_00928,2023-02-19,6379.23,Enterprise Plan,completed,Organic,West,desktop
TXN_309709,USR_00929,2023-02-07,2383.71,Pro Plan,refunded,Email,West,tablet
TXN_373383,USR_00929,2023-03-04,7862.67,Enterprise Plan,failed,Email,West,tablet
TXN_910237,USR_00930,2023-12-20,9785.0,Enterprise Plan,completed,Google_Search,South,desktop
TXN_449188,USR_00930,2024-01-22,1369.11,One-Time Purchase,completed,Google_Search,South,mobile
TXN_548088,USR_00931,2023-12-13,1677.79,Pro Plan,completed,Email,East,desktop
TXN_133642,USR_00932,2023-09-07,5080.01,Enterprise Plan,completed,Google_Search,Central,tablet
TXN_179222,USR_00933,2023-06-17,8170.87,Enterprise Plan,failed,TikTok,West,tablet
TXN_888432,USR_00934,2023-02-27,3166.15,One-Time Purchase,completed,TikTok,South,mobile
TXN_456316,USR_00935,2023-08-27,589.84,Basic Plan,refunded,Organic,South,desktop
TXN_119788,USR_00936,2023-08-10,810.84,Basic Plan,completed,Google_Search,West,mobile
TXN_712763,USR_00936,2023-09-13,1887.28,Pro Plan,completed,Google_Search,West,tablet
TXN_316157,USR_00937,2023-12-01,1782.27,Pro Plan,completed,Meta_Facebook,Central,desktop
TXN_465449,USR_00937,2024-01-01,888.73,Basic Plan,refunded,Meta_Facebook,Central,mobile
TXN_344296,USR_00938,2023-04-28,2135.43,Pro Plan,completed,Meta_Facebook,South,mobile
TXN_126658,USR_00938,2023-06-09,877.62,One-Time Purchase,completed,Meta_Facebook,South,desktop
TXN_954064,USR_00939,2023-08-17,2655.48,Pro Plan,refunded,Organic,West,mobile
TXN_612867,USR_00940,2023-09-17,2633.91,Pro Plan,completed,TikTok,Central,tablet
TXN_195201,USR_00940,2023-11-14,7074.64,Enterprise Plan,completed,TikTok,Central,tablet
TXN_942438,USR_00941,2023-07-04,374.88,One-Time Purchase,completed,Organic,East,desktop
TXN_415300,USR_00942,2023-02-21,716.07,Basic Plan,failed,Email,East,mobile
TXN_285973,USR_00943,2023-07-19,5225.85,Enterprise Plan,completed,Organic,North,tablet
TXN_899316,USR_00943,2023-08-08,1709.33,Pro Plan,completed,Organic,North,mobile
TXN_643791,USR_00944,2023-04-18,2127.86,Pro Plan,completed,Email,East,mobile
TXN_621724,USR_00944,2023-05-19,892.28,Basic Plan,completed,Email,East,mobile
TXN_129881,USR_00945,2023-07-11,890.63,Basic Plan,completed,Email,Central,desktop
TXN_465603,USR_00946,2023-03-15,1736.26,Pro Plan,completed,Organic,North,mobile
TXN_586993,USR_00946,2023-04-09,555.21,Basic Plan,completed,Organic,North,desktop
TXN_234425,USR_00947,2023-11-05,4526.88,One-Time Purchase,completed,Google_Search,East,desktop
TXN_971460,USR_00947,2023-12-29,737.89,Basic Plan,failed,Google_Search,East,tablet
TXN_336508,USR_00947,2024-01-30,2707.17,Pro Plan,completed,Google_Search,East,tablet
TXN_865492,USR_00948,2023-07-26,1838.34,Pro Plan,completed,Email,Central,tablet
TXN_642013,USR_00948,2023-09-03,3440.27,One-Time Purchase,refunded,Email,Central,tablet
TXN_872182,USR_00949,2023-05-17,8305.01,Enterprise Plan,refunded,Meta_Facebook,East,mobile
TXN_269748,USR_00950,2023-04-12,916.69,Basic Plan,completed,Meta_Facebook,North,desktop
TXN_296868,USR_00950,2023-05-22,2573.07,One-Time Purchase,completed,Meta_Facebook,North,tablet
TXN_787300,USR_00951,2023-04-20,852.75,One-Time Purchase,completed,Organic,Central,tablet
TXN_909508,USR_00951,2023-05-31,1881.93,Pro Plan,completed,Organic,Central,tablet
TXN_773492,USR_00952,2023-12-09,889.98,Basic Plan,completed,Email,Central,mobile
TXN_226120,USR_00952,2024-02-01,2961.63,Pro Plan,completed,Email,Central,tablet
TXN_680175,USR_00952,2024-03-10,6534.15,Enterprise Plan,completed,Email,Central,mobile
TXN_332634,USR_00952,2024-05-01,1711.56,Pro Plan,failed,Email,Central,mobile
TXN_665661,USR_00953,2023-07-01,899.13,Basic Plan,completed,TikTok,Central,mobile
TXN_765748,USR_00953,2023-08-23,1649.21,Pro Plan,completed,TikTok,Central,tablet
TXN_544612,USR_00953,2023-10-21,2310.23,Pro Plan,refunded,TikTok,Central,mobile
TXN_599694,USR_00954,2023-05-23,4533.5,One-Time Purchase,completed,Google_Search,West,desktop
TXN_842749,USR_00954,2023-07-02,5000.77,Enterprise Plan,completed,Google_Search,West,tablet
TXN_247118,USR_00954,2023-08-10,528.61,Basic Plan,completed,Google_Search,West,mobile
TXN_974857,USR_00955,2023-05-05,3078.66,One-Time Purchase,completed,Organic,South,desktop
TXN_229469,USR_00955,2023-05-29,5701.2,Enterprise Plan,completed,Organic,South,tablet
TXN_767687,USR_00956,2023-03-19,8801.92,Enterprise Plan,completed,Meta_Facebook,West,mobile
TXN_593993,USR_00956,2023-05-11,884.83,Basic Plan,refunded,Meta_Facebook,West,mobile
TXN_576438,USR_00956,2023-06-28,769.63,Basic Plan,refunded,Meta_Facebook,West,mobile
TXN_218318,USR_00957,2023-02-06,4237.49,One-Time Purchase,completed,Email,East,tablet
TXN_648236,USR_00958,2023-08-27,3863.76,One-Time Purchase,completed,Organic,Central,mobile
TXN_542157,USR_00959,2023-11-05,4231.53,One-Time Purchase,completed,TikTok,East,mobile
TXN_389266,USR_00959,2024-01-04,9210.62,Enterprise Plan,failed,TikTok,East,desktop
TXN_354535,USR_00960,2023-08-03,549.57,Basic Plan,completed,Email,East,tablet
TXN_918855,USR_00960,2023-09-23,3427.45,One-Time Purchase,completed,Email,East,tablet
TXN_719019,USR_00961,2023-09-07,496.88,One-Time Purchase,completed,TikTok,Central,tablet
TXN_464175,USR_00962,2023-03-02,3674.96,One-Time Purchase,completed,Meta_Facebook,East,tablet
TXN_326533,USR_00963,2023-10-21,3443.62,One-Time Purchase,completed,TikTok,North,tablet
TXN_940848,USR_00963,2023-11-21,5493.02,Enterprise Plan,completed,TikTok,North,mobile
TXN_440275,USR_00964,2023-05-10,1913.95,Pro Plan,completed,Email,East,desktop
TXN_779778,USR_00964,2023-07-09,1813.07,Pro Plan,refunded,Email,East,desktop
TXN_944266,USR_00965,2023-03-30,8081.01,Enterprise Plan,failed,Organic,North,mobile
TXN_311968,USR_00966,2023-02-21,3304.53,One-Time Purchase,completed,Google_Search,West,desktop
TXN_276730,USR_00966,2023-04-13,4509.17,One-Time Purchase,completed,Google_Search,West,desktop
TXN_773508,USR_00966,2023-05-04,9543.15,Enterprise Plan,failed,Google_Search,West,tablet
TXN_727016,USR_00967,2023-10-03,1639.05,Pro Plan,failed,Meta_Facebook,West,tablet
TXN_208659,USR_00968,2023-03-16,924.25,One-Time Purchase,completed,Email,Central,tablet
TXN_799946,USR_00969,2023-02-12,621.95,Basic Plan,completed,Email,South,desktop
TXN_561746,USR_00969,2023-03-05,1867.03,Pro Plan,completed,Email,South,tablet
TXN_999186,USR_00969,2023-04-07,6217.4,Enterprise Plan,completed,Email,South,tablet
TXN_709113,USR_00970,2023-08-01,1173.47,One-Time Purchase,refunded,TikTok,Central,desktop
TXN_435706,USR_00971,2023-07-18,2039.07,One-Time Purchase,completed,Email,East,tablet
TXN_358888,USR_00971,2023-08-29,1981.49,Pro Plan,failed,Email,East,tablet
TXN_946466,USR_00971,2023-10-25,2815.19,One-Time Purchase,completed,Email,East,tablet
TXN_582595,USR_00972,2023-12-26,7870.3,Enterprise Plan,completed,TikTok,South,tablet
TXN_123189,USR_00972,2024-02-12,602.89,One-Time Purchase,completed,TikTok,South,tablet
TXN_853788,USR_00973,2023-01-30,840.0,Basic Plan,completed,Email,West,desktop
TXN_551758,USR_00973,2023-03-27,855.81,Basic Plan,completed,Email,West,tablet
TXN_526919,USR_00974,2023-04-21,6161.82,Enterprise Plan,refunded,Organic,East,mobile
TXN_743668,USR_00975,2023-10-28,7936.24,Enterprise Plan,completed,Email,North,mobile
TXN_976336,USR_00976,2023-09-29,2968.67,Pro Plan,completed,Organic,South,mobile
TXN_834976,USR_00977,2023-09-11,972.07,Basic Plan,refunded,Google_Search,East,tablet
TXN_286028,USR_00978,2023-07-15,1642.79,Pro Plan,completed,Organic,South,tablet
TXN_778664,USR_00979,2023-09-13,1241.85,One-Time Purchase,completed,Google_Search,South,tablet
TXN_735604,USR_00979,2023-10-08,760.93,Basic Plan,completed,Google_Search,South,mobile
TXN_654823,USR_00979,2023-12-02,5476.45,Enterprise Plan,completed,Google_Search,South,mobile
TXN_767399,USR_00980,2023-06-06,976.86,Basic Plan,completed,Google_Search,Central,tablet
TXN_816367,USR_00980,2023-07-27,2962.66,Pro Plan,completed,Google_Search,Central,mobile
TXN_987067,USR_00980,2023-09-23,2836.16,Pro Plan,failed,Google_Search,Central,mobile
TXN_663703,USR_00980,2023-11-14,441.61,One-Time Purchase,completed,Google_Search,Central,mobile
TXN_262794,USR_00981,2023-02-25,747.83,Basic Plan,refunded,Email,South,tablet
TXN_454779,USR_00982,2023-12-04,833.35,Basic Plan,completed,TikTok,West,mobile
TXN_143610,USR_00982,2024-01-16,1184.2,One-Time Purchase,completed,TikTok,West,desktop
TXN_703022,USR_00983,2023-09-03,9558.34,Enterprise Plan,refunded,TikTok,North,tablet
TXN_569661,USR_00983,2023-10-27,1922.84,Pro Plan,completed,TikTok,North,mobile
TXN_615101,USR_00984,2023-05-30,686.23,One-Time Purchase,completed,Organic,West,mobile
TXN_157792,USR_00985,2023-11-09,8853.21,Enterprise Plan,failed,Organic,East,tablet
TXN_884179,USR_00985,2023-12-01,652.56,Basic Plan,refunded,Organic,East,tablet
TXN_129321,USR_00985,2024-01-24,8695.29,Enterprise Plan,refunded,Organic,East,mobile
TXN_833146,USR_00986,2023-06-30,2262.12,Pro Plan,failed,TikTok,North,mobile
TXN_435869,USR_00986,2023-08-02,2837.53,Pro Plan,failed,TikTok,North,mobile
TXN_221981,USR_00987,2023-10-20,1267.34,One-Time Purchase,failed,TikTok,North,desktop
TXN_978483,USR_00988,2023-01-03,4183.89,One-Time Purchase,completed,Meta_Facebook,East,desktop
TXN_543380,USR_00988,2023-01-25,2431.65,Pro Plan,completed,Meta_Facebook,East,tablet
TXN_963559,USR_00989,2023-11-17,3543.32,One-Time Purchase,completed,Email,South,desktop
TXN_365735,USR_00989,2023-12-31,2724.09,Pro Plan,completed,Email,South,tablet
TXN_220878,USR_00990,2023-07-22,1604.79,Pro Plan,completed,Google_Search,West,mobile
TXN_368958,USR_00990,2023-09-11,5835.83,Enterprise Plan,failed,Google_Search,West,tablet
TXN_374201,USR_00990,2023-10-26,6422.52,Enterprise Plan,refunded,Google_Search,West,mobile
TXN_137429,USR_00991,2023-03-03,1242.7,One-Time Purchase,refunded,Organic,South,desktop
TXN_293439,USR_00991,2023-04-22,1556.05,Pro Plan,completed,Organic,South,mobile
TXN_563495,USR_00992,2023-12-22,7189.54,Enterprise Plan,completed,Google_Search,South,tablet
TXN_457928,USR_00993,2023-09-15,783.4,Basic Plan,completed,Meta_Facebook,South,desktop
TXN_510320,USR_00993,2023-10-16,2851.34,Pro Plan,completed,Meta_Facebook,South,desktop
TXN_560190,USR_00994,2023-09-16,2002.83,Pro Plan,failed,Google_Search,South,mobile
TXN_683902,USR_00994,2023-11-03,2401.49,Pro Plan,completed,Google_Search,South,mobile
TXN_748634,USR_00995,2023-06-12,2733.82,One-Time Purchase,completed,Google_Search,North,tablet
TXN_499731,USR_00996,2023-06-14,841.16,Basic Plan,completed,Email,North,mobile
TXN_998632,USR_00996,2023-08-09,3911.87,One-Time Purchase,completed,Email,North,mobile
TXN_699252,USR_00996,2023-10-08,508.9,Basic Plan,completed,Email,North,tablet
TXN_816052,USR_00997,2023-07-17,4577.13,One-Time Purchase,completed,Email,Central,desktop
TXN_576287,USR_00997,2023-09-14,2550.91,One-Time Purchase,completed,Email,Central,tablet
TXN_507321,USR_00997,2023-10-27,8184.47,Enterprise Plan,completed,Email,Central,desktop
TXN_667802,USR_00998,2023-01-11,728.97,Basic Plan,failed,Organic,East,mobile
TXN_541597,USR_00998,2023-02-25,6039.5,Enterprise Plan,completed,Organic,East,desktop
TXN_239580,USR_00999,2023-08-16,6629.05,Enterprise Plan,completed,Organic,West,tablet
TXN_304054,USR_00999,2023-10-08,2567.88,Pro Plan,refunded,Organic,West,tablet
TXN_493023,USR_00999,2023-12-06,2875.57,One-Time Purchase,completed,Organic,West,tablet
TXN_783920,USR_00999,2024-01-14,2204.35,Pro Plan,refunded,Organic,West,desktop
TXN_791694,USR_01000,2023-11-16,2005.52,Pro Plan,completed,Organic,North,desktop
TXN_504719,USR_01000,2024-01-08,411.03,One-Time Purchase,completed,Organic,North,tablet
TXN_919838,USR_01000,2024-02-08,2460.86,Pro Plan,refunded,Organic,North,mobile
TXN_656361,USR_01001,2023-08-28,8050.79,Enterprise Plan,refunded,Meta_Facebook,South,tablet
TXN_447611,USR_01002,2023-12-13,503.33,Basic Plan,completed,Google_Search,North,mobile
TXN_753505,USR_01003,2023-07-02,9202.39,Enterprise Plan,completed,Meta_Facebook,South,desktop
TXN_267575,USR_01004,2023-08-17,6515.2,Enterprise Plan,refunded,Organic,East,mobile
TXN_759221,USR_01004,2023-09-16,1042.92,One-Time Purchase,refunded,Organic,East,desktop
TXN_499454,USR_01005,2023-05-08,876.84,Basic Plan,completed,Google_Search,South,desktop
TXN_562355,USR_01005,2023-06-21,792.09,Basic Plan,completed,Google_Search,South,tablet
TXN_694315,USR_01005,2023-08-16,984.15,Basic Plan,failed,Google_Search,South,desktop
TXN_216362,USR_01006,2023-07-09,8385.87,Enterprise Plan,completed,Google_Search,South,tablet
TXN_538030,USR_01007,2023-06-14,373.99,One-Time Purchase,refunded,Email,North,mobile
TXN_154537,USR_01008,2023-04-09,1796.27,One-Time Purchase,completed,TikTok,East,tablet
TXN_886429,USR_01009,2023-05-03,1885.33,One-Time Purchase,completed,Email,East,tablet
TXN_417414,USR_01010,2023-06-20,866.32,Basic Plan,completed,TikTok,North,desktop
TXN_995092,USR_01011,2023-07-14,1876.48,One-Time Purchase,refunded,Organic,North,desktop
TXN_571727,USR_01012,2023-03-09,1622.71,One-Time Purchase,completed,Email,East,tablet
TXN_354763,USR_01013,2023-06-13,2708.34,Pro Plan,completed,TikTok,North,mobile
TXN_110113,USR_01014,2023-04-01,2667.32,Pro Plan,completed,Email,North,tablet
TXN_924318,USR_01015,2023-06-24,3264.71,One-Time Purchase,completed,TikTok,North,tablet
TXN_104027,USR_01016,2023-01-29,1636.56,Pro Plan,completed,Meta_Facebook,South,desktop
TXN_655046,USR_01016,2023-03-04,692.45,Basic Plan,failed,Meta_Facebook,South,mobile
TXN_720559,USR_01017,2023-09-01,1652.9,One-Time Purchase,failed,Meta_Facebook,West,mobile
TXN_376049,USR_01017,2023-10-19,538.78,Basic Plan,completed,Meta_Facebook,West,mobile
TXN_270313,USR_01018,2023-04-07,2771.92,Pro Plan,completed,Google_Search,North,desktop
TXN_871168,USR_01019,2023-06-01,2138.78,Pro Plan,completed,TikTok,West,mobile
TXN_167793,USR_01019,2023-07-24,6406.25,Enterprise Plan,completed,TikTok,West,mobile
TXN_807265,USR_01020,2023-01-31,355.4,One-Time Purchase,failed,TikTok,West,mobile
TXN_950358,USR_01021,2023-07-05,7252.93,Enterprise Plan,failed,TikTok,North,desktop
TXN_299528,USR_01021,2023-08-17,1772.33,One-Time Purchase,failed,TikTok,North,mobile
TXN_440124,USR_01021,2023-10-13,7047.66,Enterprise Plan,completed,TikTok,North,desktop
TXN_246205,USR_01022,2023-08-26,2271.11,One-Time Purchase,completed,Organic,South,desktop
TXN_281172,USR_01023,2023-11-20,716.19,Basic Plan,failed,Meta_Facebook,West,mobile
TXN_307362,USR_01024,2023-04-22,1003.53,One-Time Purchase,completed,Google_Search,North,mobile
TXN_391157,USR_01024,2023-06-12,9147.89,Enterprise Plan,refunded,Google_Search,North,mobile
TXN_470534,USR_01025,2023-09-13,4853.77,One-Time Purchase,completed,Organic,West,mobile
TXN_942658,USR_01026,2023-12-28,1851.73,Pro Plan,completed,Organic,Central,mobile
TXN_761084,USR_01026,2024-02-12,8156.54,Enterprise Plan,completed,Organic,Central,desktop
TXN_234357,USR_01027,2023-03-04,8622.78,Enterprise Plan,failed,TikTok,South,desktop
TXN_821715,USR_01028,2023-02-02,1455.72,One-Time Purchase,completed,Google_Search,West,mobile
TXN_437466,USR_01029,2023-09-01,8490.65,Enterprise Plan,completed,Email,Central,tablet
TXN_120339,USR_01030,2023-04-28,2231.88,Pro Plan,completed,TikTok,Central,desktop
TXN_731871,USR_01031,2023-07-16,763.62,Basic Plan,completed,Meta_Facebook,Central,tablet
TXN_846489,USR_01031,2023-08-22,3952.94,One-Time Purchase,completed,Meta_Facebook,Central,mobile
TXN_605993,USR_01032,2023-01-31,662.61,Basic Plan,refunded,Organic,South,tablet
TXN_734473,USR_01033,2023-06-13,2935.59,Pro Plan,refunded,Organic,East,mobile
TXN_834680,USR_01034,2023-04-10,2685.06,Pro Plan,completed,TikTok,Central,mobile
TXN_783288,USR_01034,2023-05-19,1943.16,Pro Plan,completed,TikTok,Central,tablet
TXN_568383,USR_01034,2023-07-04,3945.25,One-Time Purchase,completed,TikTok,Central,tablet
TXN_840605,USR_01035,2023-11-01,7278.72,Enterprise Plan,completed,Organic,East,tablet
TXN_229934,USR_01035,2023-12-20,1983.21,Pro Plan,completed,Organic,East,mobile
TXN_493246,USR_01036,2023-06-17,1971.9,Pro Plan,failed,TikTok,West,tablet
TXN_774885,USR_01037,2023-11-27,8064.41,Enterprise Plan,completed,Email,West,desktop
TXN_246707,USR_01038,2023-10-19,2244.01,Pro Plan,completed,Google_Search,Central,mobile
TXN_454584,USR_01039,2023-02-22,876.33,Basic Plan,completed,TikTok,South,mobile
TXN_165169,USR_01039,2023-04-09,745.23,Basic Plan,refunded,TikTok,South,tablet
TXN_899816,USR_01040,2023-07-22,2171.75,Pro Plan,completed,Meta_Facebook,Central,desktop
TXN_336474,USR_01040,2023-08-25,525.24,Basic Plan,failed,Meta_Facebook,Central,desktop
TXN_624900,USR_01041,2023-01-22,2930.63,Pro Plan,completed,Google_Search,South,desktop
TXN_616137,USR_01041,2023-03-03,389.5,One-Time Purchase,completed,Google_Search,South,mobile
TXN_107499,USR_01042,2023-01-21,1843.26,Pro Plan,completed,Meta_Facebook,Central,desktop
TXN_662277,USR_01043,2023-12-26,2094.77,Pro Plan,completed,Google_Search,Central,mobile
TXN_890806,USR_01044,2023-05-25,1050.36,One-Time Purchase,completed,Email,Central,tablet
TXN_224956,USR_01044,2023-06-30,9488.64,Enterprise Plan,completed,Email,Central,tablet
TXN_506272,USR_01045,2023-08-17,1776.25,Pro Plan,completed,TikTok,Central,mobile
TXN_324754,USR_01045,2023-09-19,9163.65,Enterprise Plan,failed,TikTok,Central,tablet
TXN_694381,USR_01045,2023-10-28,822.92,Basic Plan,completed,TikTok,Central,desktop
TXN_507446,USR_01046,2023-06-08,6030.76,Enterprise Plan,failed,Google_Search,South,tablet
TXN_615566,USR_01046,2023-07-18,3127.52,One-Time Purchase,completed,Google_Search,South,desktop
TXN_152458,USR_01047,2023-12-08,925.34,Basic Plan,refunded,Meta_Facebook,North,mobile
TXN_777141,USR_01048,2023-06-05,525.77,Basic Plan,completed,Organic,West,mobile
TXN_225909,USR_01049,2023-07-10,647.73,Basic Plan,completed,Google_Search,East,desktop
TXN_880413,USR_01049,2023-08-08,1679.49,Pro Plan,failed,Google_Search,East,tablet
TXN_707940,USR_01050,2023-09-01,861.4,Basic Plan,completed,Meta_Facebook,North,tablet
TXN_166357,USR_01050,2023-10-26,850.44,Basic Plan,completed,Meta_Facebook,North,tablet
TXN_138966,USR_01051,2023-12-21,3485.69,One-Time Purchase,completed,Meta_Facebook,South,desktop
TXN_844385,USR_01052,2023-07-31,978.71,Basic Plan,completed,Meta_Facebook,North,desktop
TXN_346225,USR_01053,2023-09-03,9814.95,Enterprise Plan,completed,Meta_Facebook,East,tablet
TXN_989671,USR_01054,2023-08-18,4021.23,One-Time Purchase,failed,Google_Search,North,tablet
TXN_960581,USR_01054,2023-09-10,798.02,Basic Plan,completed,Google_Search,North,desktop
TXN_252773,USR_01054,2023-11-03,8629.99,Enterprise Plan,refunded,Google_Search,North,desktop
TXN_254804,USR_01055,2023-03-31,4921.51,One-Time Purchase,completed,TikTok,West,tablet
TXN_476091,USR_01056,2023-07-28,9422.86,Enterprise Plan,completed,Email,West,tablet
TXN_630949,USR_01056,2023-09-15,2833.61,Pro Plan,completed,Email,West,tablet
TXN_964745,USR_01057,2023-03-16,2964.85,Pro Plan,completed,TikTok,East,tablet
TXN_670421,USR_01057,2023-04-30,4438.4,One-Time Purchase,refunded,TikTok,East,mobile
TXN_796922,USR_01057,2023-06-22,626.36,Basic Plan,refunded,TikTok,East,mobile
TXN_675092,USR_01058,2023-04-27,8658.27,Enterprise Plan,completed,Email,West,desktop
TXN_336783,USR_01059,2023-07-21,3531.66,One-Time Purchase,completed,Meta_Facebook,Central,tablet
TXN_938792,USR_01059,2023-09-08,2573.3,Pro Plan,refunded,Meta_Facebook,Central,mobile
TXN_353580,USR_01059,2023-10-29,846.47,Basic Plan,completed,Meta_Facebook,Central,desktop
TXN_317146,USR_01060,2023-10-05,514.55,Basic Plan,completed,Google_Search,South,mobile
TXN_474880,USR_01061,2023-12-15,4768.76,One-Time Purchase,completed,Google_Search,North,tablet
TXN_318573,USR_01061,2024-01-29,6714.85,Enterprise Plan,completed,Google_Search,North,desktop
TXN_435158,USR_01062,2023-09-02,4890.96,One-Time Purchase,completed,TikTok,Central,desktop
TXN_750360,USR_01063,2023-01-16,710.35,Basic Plan,refunded,Email,West,desktop
TXN_186994,USR_01064,2023-07-14,1484.13,One-Time Purchase,completed,Google_Search,West,mobile
TXN_679470,USR_01065,2023-08-21,460.41,One-Time Purchase,completed,Organic,East,tablet
TXN_234620,USR_01065,2023-10-08,745.28,One-Time Purchase,failed,Organic,East,tablet
TXN_507034,USR_01066,2023-08-16,1590.28,One-Time Purchase,refunded,Google_Search,Central,tablet
TXN_282366,USR_01066,2023-09-08,848.11,Basic Plan,completed,Google_Search,Central,desktop
TXN_978050,USR_01067,2023-01-21,814.47,One-Time Purchase,completed,Email,Central,mobile
TXN_945993,USR_01067,2023-02-22,1507.54,Pro Plan,failed,Email,Central,tablet
TXN_986611,USR_01068,2023-01-23,9326.83,Enterprise Plan,refunded,Email,South,desktop
TXN_690107,USR_01069,2023-12-25,1697.0,Pro Plan,refunded,Google_Search,North,mobile
TXN_827514,USR_01069,2024-02-11,395.53,One-Time Purchase,refunded,Google_Search,North,desktop
TXN_170190,USR_01070,2023-08-03,2918.22,One-Time Purchase,completed,Organic,North,mobile
TXN_355047,USR_01070,2023-08-28,7372.13,Enterprise Plan,refunded,Organic,North,mobile
TXN_306063,USR_01070,2023-09-24,784.21,Basic Plan,failed,Organic,North,desktop
TXN_343529,USR_01071,2023-05-15,843.49,One-Time Purchase,completed,Organic,North,mobile
TXN_634979,USR_01071,2023-06-13,351.61,One-Time Purchase,completed,Organic,North,mobile
TXN_435050,USR_01072,2023-05-17,9400.92,Enterprise Plan,completed,TikTok,Central,mobile
TXN_280793,USR_01073,2023-09-03,2549.05,One-Time Purchase,completed,Meta_Facebook,South,desktop
TXN_600892,USR_01074,2023-10-05,2790.78,Pro Plan,completed,Google_Search,South,tablet
TXN_144993,USR_01075,2023-05-07,7030.96,Enterprise Plan,completed,Organic,East,desktop
TXN_977000,USR_01075,2023-06-21,6952.88,Enterprise Plan,refunded,Organic,East,mobile
TXN_553762,USR_01076,2023-09-18,7484.67,Enterprise Plan,completed,Organic,South,tablet
TXN_910463,USR_01076,2023-10-09,851.24,Basic Plan,completed,Organic,South,tablet
TXN_946003,USR_01076,2023-10-31,1618.92,One-Time Purchase,failed,Organic,South,desktop
TXN_718199,USR_01077,2023-11-06,2113.64,One-Time Purchase,failed,Email,East,tablet
TXN_613462,USR_01078,2023-11-06,1883.25,One-Time Purchase,failed,TikTok,Central,desktop
TXN_384427,USR_01078,2023-12-30,624.8,Basic Plan,completed,TikTok,Central,desktop
TXN_965846,USR_01079,2023-06-10,9860.7,Enterprise Plan,completed,Email,South,desktop
TXN_941214,USR_01080,2023-05-23,2651.47,Pro Plan,completed,Email,Central,tablet
TXN_436742,USR_01080,2023-06-30,8562.11,Enterprise Plan,refunded,Email,Central,mobile
TXN_970726,USR_01081,2023-03-30,2396.2,Pro Plan,failed,Google_Search,East,desktop
TXN_581379,USR_01082,2023-09-12,3669.09,One-Time Purchase,refunded,Email,South,tablet
TXN_952612,USR_01082,2023-10-23,625.27,Basic Plan,completed,Email,South,tablet
TXN_619103,USR_01082,2023-12-07,2716.99,Pro Plan,completed,Email,South,desktop
TXN_758623,USR_01083,2023-05-22,1897.55,Pro Plan,completed,TikTok,Central,desktop
TXN_246514,USR_01083,2023-07-19,2117.36,One-Time Purchase,completed,TikTok,Central,mobile
TXN_390828,USR_01083,2023-08-15,519.52,Basic Plan,completed,TikTok,Central,mobile
TXN_162788,USR_01084,2023-03-07,944.66,Basic Plan,refunded,Google_Search,West,mobile
TXN_341684,USR_01084,2023-04-03,6419.94,Enterprise Plan,completed,Google_Search,West,mobile
TXN_432102,USR_01085,2023-05-17,1533.43,Pro Plan,refunded,TikTok,East,mobile
TXN_743964,USR_01086,2023-07-16,1635.77,Pro Plan,failed,Meta_Facebook,Central,desktop
TXN_739219,USR_01087,2023-09-06,1337.58,One-Time Purchase,completed,Google_Search,North,mobile
TXN_990859,USR_01088,2023-05-24,7174.97,Enterprise Plan,refunded,Google_Search,North,desktop
TXN_847031,USR_01088,2023-07-11,922.64,Basic Plan,completed,Google_Search,North,desktop
TXN_124145,USR_01088,2023-08-28,4296.76,One-Time Purchase,completed,Google_Search,North,tablet
TXN_458915,USR_01088,2023-10-04,2351.26,One-Time Purchase,refunded,Google_Search,North,desktop
TXN_251535,USR_01089,2023-01-11,3149.8,One-Time Purchase,completed,Organic,Central,tablet
TXN_524780,USR_01090,2023-12-24,1825.89,Pro Plan,completed,Organic,South,desktop
TXN_355928,USR_01091,2023-04-29,842.25,Basic Plan,refunded,Organic,Central,tablet
TXN_476984,USR_01091,2023-05-23,693.43,Basic Plan,completed,Organic,Central,desktop
TXN_484402,USR_01092,2023-08-17,6740.15,Enterprise Plan,completed,Organic,North,desktop
TXN_642291,USR_01092,2023-10-06,2779.47,Pro Plan,failed,Organic,North,tablet
TXN_196864,USR_01093,2023-01-19,1633.96,Pro Plan,completed,Organic,East,tablet
TXN_575110,USR_01094,2023-12-23,761.63,Basic Plan,completed,TikTok,North,mobile
TXN_340216,USR_01094,2024-01-30,1608.01,One-Time Purchase,completed,TikTok,North,desktop
TXN_751107,USR_01094,2024-03-09,614.91,Basic Plan,completed,TikTok,North,mobile
TXN_118016,USR_01095,2023-04-01,4505.13,One-Time Purchase,completed,Email,Central,mobile
TXN_897819,USR_01096,2023-02-04,888.53,Basic Plan,refunded,Google_Search,East,desktop
TXN_441288,USR_01096,2023-03-07,1867.47,Pro Plan,completed,Google_Search,East,mobile
TXN_591852,USR_01097,2023-01-11,933.26,One-Time Purchase,completed,TikTok,Central,mobile
TXN_283652,USR_01098,2023-03-09,7311.03,Enterprise Plan,completed,Meta_Facebook,Central,tablet
TXN_583155,USR_01099,2023-03-24,937.75,One-Time Purchase,completed,TikTok,North,tablet
TXN_471128,USR_01100,2023-07-22,4820.89,One-Time Purchase,refunded,TikTok,Central,tablet
TXN_232372,USR_01101,2023-07-27,2253.73,Pro Plan,completed,Email,Central,mobile
TXN_733754,USR_01101,2023-08-29,9208.73,Enterprise Plan,completed,Email,Central,desktop
TXN_308355,USR_01101,2023-10-12,5118.38,Enterprise Plan,completed,Email,Central,mobile
TXN_117173,USR_01102,2023-11-23,6980.8,Enterprise Plan,completed,Meta_Facebook,West,mobile
TXN_489616,USR_01102,2024-01-10,2490.84,One-Time Purchase,completed,Meta_Facebook,West,mobile
TXN_771112,USR_01102,2024-02-28,621.68,Basic Plan,completed,Meta_Facebook,West,mobile
TXN_554434,USR_01103,2023-06-01,4573.14,One-Time Purchase,failed,Email,North,mobile
TXN_171046,USR_01103,2023-07-29,489.46,One-Time Purchase,completed,Email,North,desktop
TXN_253028,USR_01103,2023-09-08,1515.58,Pro Plan,completed,Email,North,tablet
TXN_646403,USR_01103,2023-11-02,753.75,Basic Plan,failed,Email,North,desktop
TXN_940144,USR_01104,2023-06-21,6423.64,Enterprise Plan,completed,TikTok,West,tablet
TXN_900734,USR_01104,2023-08-17,3863.91,One-Time Purchase,completed,TikTok,West,tablet
TXN_446189,USR_01105,2023-10-08,2898.42,Pro Plan,completed,TikTok,Central,tablet
TXN_389155,USR_01106,2023-11-22,1638.78,Pro Plan,completed,Email,South,desktop
TXN_303941,USR_01106,2023-12-26,5059.57,Enterprise Plan,completed,Email,South,desktop
TXN_367541,USR_01106,2024-02-20,2139.37,Pro Plan,refunded,Email,South,mobile
TXN_329737,USR_01107,2023-01-01,8635.19,Enterprise Plan,completed,Google_Search,South,desktop
TXN_746759,USR_01108,2023-03-26,4113.94,One-Time Purchase,completed,Organic,North,tablet
TXN_815084,USR_01109,2023-05-13,7632.55,Enterprise Plan,failed,TikTok,Central,tablet
TXN_337186,USR_01109,2023-07-09,9029.94,Enterprise Plan,completed,TikTok,Central,mobile
TXN_414931,USR_01110,2023-06-18,540.05,One-Time Purchase,refunded,TikTok,East,desktop
TXN_831257,USR_01111,2023-10-12,4553.32,One-Time Purchase,completed,Meta_Facebook,South,tablet
TXN_413612,USR_01111,2023-12-03,2269.67,One-Time Purchase,completed,Meta_Facebook,South,mobile
TXN_169542,USR_01111,2024-01-07,4756.91,One-Time Purchase,failed,Meta_Facebook,South,desktop
TXN_223969,USR_01112,2023-08-10,665.89,Basic Plan,completed,Meta_Facebook,West,desktop
TXN_717006,USR_01112,2023-09-14,4659.83,One-Time Purchase,completed,Meta_Facebook,West,mobile
TXN_722273,USR_01113,2023-05-01,5794.96,Enterprise Plan,completed,Email,South,desktop
TXN_257334,USR_01113,2023-05-26,897.1,Basic Plan,completed,Email,South,tablet
TXN_405579,USR_01114,2023-02-17,1133.59,One-Time Purchase,completed,Meta_Facebook,North,desktop
TXN_446178,USR_01115,2023-12-14,581.61,Basic Plan,completed,Email,Central,mobile
TXN_964226,USR_01116,2023-02-12,2683.31,Pro Plan,completed,Google_Search,Central,desktop
TXN_245349,USR_01117,2023-02-25,914.9,Basic Plan,completed,Email,Central,mobile
TXN_397477,USR_01118,2023-05-14,3149.47,One-Time Purchase,failed,Meta_Facebook,Central,mobile
TXN_407917,USR_01119,2023-12-07,9757.52,Enterprise Plan,completed,Meta_Facebook,West,tablet
TXN_798619,USR_01119,2024-01-21,2690.39,Pro Plan,completed,Meta_Facebook,West,desktop
TXN_183312,USR_01119,2024-02-23,2553.85,Pro Plan,completed,Meta_Facebook,West,mobile
TXN_907788,USR_01120,2023-03-17,2583.15,Pro Plan,completed,Google_Search,West,desktop
TXN_596215,USR_01121,2023-09-04,9686.18,Enterprise Plan,completed,Organic,West,tablet
TXN_151288,USR_01121,2023-09-26,1199.0,One-Time Purchase,completed,Organic,West,mobile
TXN_921794,USR_01122,2023-05-10,3393.15,One-Time Purchase,completed,Organic,South,tablet
TXN_542864,USR_01122,2023-06-19,8725.41,Enterprise Plan,failed,Organic,South,tablet
TXN_450807,USR_01123,2023-10-18,7078.01,Enterprise Plan,completed,Meta_Facebook,North,mobile
TXN_289281,USR_01124,2023-05-03,9535.53,Enterprise Plan,failed,TikTok,Central,desktop
TXN_909047,USR_01125,2023-11-20,5012.69,Enterprise Plan,completed,Email,East,tablet
TXN_880195,USR_01125,2023-12-22,8400.78,Enterprise Plan,failed,Email,East,tablet
TXN_939153,USR_01126,2023-09-28,3916.65,One-Time Purchase,failed,TikTok,Central,mobile
TXN_527123,USR_01127,2023-10-30,641.24,Basic Plan,completed,TikTok,East,tablet
TXN_333727,USR_01128,2023-02-02,2883.63,Pro Plan,refunded,Organic,West,desktop
TXN_707716,USR_01128,2023-03-10,907.37,Basic Plan,failed,Organic,West,desktop
TXN_350588,USR_01128,2023-04-24,1559.82,Pro Plan,completed,Organic,West,desktop
TXN_933229,USR_01129,2023-02-08,749.88,Basic Plan,failed,Email,Central,tablet
TXN_507923,USR_01130,2023-12-06,8897.37,Enterprise Plan,completed,Google_Search,West,tablet
TXN_183547,USR_01130,2024-01-16,1520.32,Pro Plan,completed,Google_Search,West,desktop
TXN_369581,USR_01131,2023-01-11,2485.19,Pro Plan,failed,Google_Search,South,desktop
TXN_825150,USR_01132,2023-04-15,6546.46,Enterprise Plan,refunded,Meta_Facebook,East,tablet
TXN_351187,USR_01132,2023-06-14,2808.83,Pro Plan,completed,Meta_Facebook,East,mobile
TXN_587899,USR_01133,2023-05-19,5606.2,Enterprise Plan,refunded,Meta_Facebook,North,tablet
TXN_927326,USR_01133,2023-06-15,8926.49,Enterprise Plan,completed,Meta_Facebook,North,mobile
TXN_860548,USR_01133,2023-07-27,2316.96,Pro Plan,completed,Meta_Facebook,North,mobile
TXN_660788,USR_01134,2023-02-14,5800.7,Enterprise Plan,failed,Google_Search,South,mobile
TXN_208600,USR_01135,2023-11-20,4024.53,One-Time Purchase,completed,Email,North,tablet
TXN_911035,USR_01135,2024-01-04,2430.61,Pro Plan,completed,Email,North,tablet
TXN_308785,USR_01136,2023-04-27,1813.41,One-Time Purchase,completed,Organic,Central,mobile
TXN_796862,USR_01136,2023-05-19,784.47,Basic Plan,completed,Organic,Central,desktop
TXN_645798,USR_01137,2023-01-04,2763.53,Pro Plan,refunded,Email,West,tablet
TXN_924334,USR_01138,2023-08-31,811.47,Basic Plan,completed,Organic,Central,tablet
TXN_157580,USR_01138,2023-10-10,1678.22,One-Time Purchase,completed,Organic,Central,desktop
TXN_481456,USR_01139,2023-07-14,4911.16,One-Time Purchase,refunded,Meta_Facebook,East,mobile
TXN_399006,USR_01139,2023-09-03,7033.35,Enterprise Plan,completed,Meta_Facebook,East,desktop
TXN_905305,USR_01140,2023-03-12,5565.87,Enterprise Plan,completed,TikTok,Central,desktop
TXN_982342,USR_01141,2023-04-04,1572.62,Pro Plan,completed,TikTok,South,tablet
TXN_888845,USR_01142,2023-02-10,5501.18,Enterprise Plan,completed,TikTok,Central,mobile
TXN_716881,USR_01143,2023-08-04,567.45,Basic Plan,completed,Google_Search,East,mobile
TXN_688450,USR_01144,2023-01-22,631.14,Basic Plan,refunded,Organic,East,mobile
TXN_834734,USR_01144,2023-02-16,2471.73,Pro Plan,refunded,Organic,East,mobile
TXN_814511,USR_01145,2023-08-29,2983.47,Pro Plan,completed,Meta_Facebook,South,tablet
TXN_799276,USR_01146,2023-04-07,713.86,Basic Plan,refunded,Organic,Central,desktop
TXN_382444,USR_01147,2023-05-30,4579.51,One-Time Purchase,completed,Email,South,mobile
TXN_719433,USR_01148,2023-03-05,987.91,Basic Plan,completed,Organic,East,mobile
TXN_342069,USR_01149,2023-10-23,1697.67,Pro Plan,completed,Meta_Facebook,Central,mobile
TXN_102954,USR_01150,2023-12-17,9796.0,Enterprise Plan,refunded,Organic,South,tablet
TXN_254127,USR_01151,2023-12-23,6030.67,Enterprise Plan,completed,Google_Search,West,tablet
TXN_253003,USR_01152,2023-06-16,3415.66,One-Time Purchase,failed,Organic,West,mobile
TXN_558700,USR_01152,2023-07-30,2233.87,Pro Plan,completed,Organic,West,mobile
TXN_884674,USR_01152,2023-09-04,1044.44,One-Time Purchase,completed,Organic,West,desktop
TXN_247532,USR_01152,2023-10-27,817.96,One-Time Purchase,completed,Organic,West,desktop
TXN_168466,USR_01152,2023-12-03,735.62,Basic Plan,refunded,Organic,West,tablet
TXN_980245,USR_01153,2023-08-21,1243.34,One-Time Purchase,completed,Email,East,desktop
TXN_117978,USR_01153,2023-10-04,1335.66,One-Time Purchase,completed,Email,East,mobile
TXN_367188,USR_01154,2023-10-10,8605.21,Enterprise Plan,refunded,TikTok,South,tablet
TXN_166026,USR_01154,2023-11-05,8731.01,Enterprise Plan,completed,TikTok,South,tablet
TXN_682964,USR_01155,2023-02-24,2635.61,Pro Plan,failed,Meta_Facebook,East,tablet
TXN_905823,USR_01156,2023-09-29,2936.93,Pro Plan,completed,Meta_Facebook,West,tablet
TXN_213735,USR_01157,2023-10-11,739.51,Basic Plan,completed,Organic,Central,tablet
TXN_692671,USR_01158,2023-08-06,3447.23,One-Time Purchase,refunded,Email,East,tablet
TXN_440488,USR_01158,2023-09-17,3234.71,One-Time Purchase,completed,Email,East,mobile
TXN_338632,USR_01158,2023-10-28,2297.73,Pro Plan,completed,Email,East,desktop
TXN_342540,USR_01158,2023-12-22,550.6,Basic Plan,completed,Email,East,desktop
TXN_562716,USR_01159,2023-01-23,550.31,Basic Plan,refunded,Meta_Facebook,West,tablet
TXN_138394,USR_01159,2023-02-20,1826.71,Pro Plan,completed,Meta_Facebook,West,desktop
TXN_741491,USR_01160,2023-07-29,1639.22,Pro Plan,completed,Google_Search,East,mobile
TXN_275151,USR_01161,2023-11-03,3537.28,One-Time Purchase,refunded,TikTok,South,tablet
TXN_193019,USR_01162,2023-12-23,4470.1,One-Time Purchase,completed,Google_Search,West,tablet
TXN_465909,USR_01162,2024-02-18,4999.46,Enterprise Plan,failed,Google_Search,West,desktop
TXN_345597,USR_01163,2023-03-26,5961.72,Enterprise Plan,completed,Google_Search,North,tablet
TXN_164251,USR_01164,2023-01-24,1697.94,Pro Plan,completed,Meta_Facebook,South,tablet
TXN_859233,USR_01164,2023-03-13,1546.24,Pro Plan,failed,Meta_Facebook,South,mobile
TXN_279699,USR_01165,2023-06-03,2209.6,Pro Plan,completed,Organic,South,desktop
TXN_322072,USR_01165,2023-06-25,809.06,One-Time Purchase,completed,Organic,South,mobile
TXN_379068,USR_01166,2023-03-20,2548.53,Pro Plan,completed,Organic,North,tablet
TXN_658731,USR_01167,2023-12-13,1038.77,One-Time Purchase,refunded,TikTok,Central,tablet
TXN_977333,USR_01167,2024-02-07,2295.97,One-Time Purchase,refunded,TikTok,Central,desktop
TXN_305803,USR_01167,2024-03-15,2888.32,Pro Plan,completed,TikTok,Central,desktop
TXN_872804,USR_01168,2023-10-02,2850.25,Pro Plan,completed,Organic,North,tablet
TXN_665209,USR_01169,2023-02-27,1578.25,Pro Plan,completed,TikTok,West,mobile
TXN_670079,USR_01169,2023-03-27,753.21,Basic Plan,refunded,TikTok,West,mobile
TXN_242795,USR_01170,2023-02-12,6304.7,Enterprise Plan,refunded,Email,Central,mobile
TXN_832719,USR_01170,2023-03-06,1708.57,Pro Plan,completed,Email,Central,tablet
TXN_673284,USR_01171,2023-02-15,710.06,Basic Plan,failed,TikTok,South,mobile
TXN_131415,USR_01171,2023-03-27,9962.76,Enterprise Plan,completed,TikTok,South,mobile
TXN_947220,USR_01172,2023-12-07,5823.62,Enterprise Plan,failed,Google_Search,North,tablet
TXN_560302,USR_01172,2024-02-02,2220.17,Pro Plan,completed,Google_Search,North,tablet
TXN_497457,USR_01173,2023-11-28,2981.6,Pro Plan,completed,Email,North,tablet
TXN_952246,USR_01174,2023-02-28,5795.37,Enterprise Plan,refunded,TikTok,East,mobile
TXN_625772,USR_01175,2023-10-04,574.29,Basic Plan,completed,Organic,East,tablet
TXN_590012,USR_01175,2023-10-26,488.8,One-Time Purchase,completed,Organic,East,mobile
TXN_479025,USR_01176,2023-01-02,8182.34,Enterprise Plan,completed,Email,South,tablet
TXN_228914,USR_01176,2023-02-24,2106.78,Pro Plan,refunded,Email,South,mobile
TXN_487518,USR_01176,2023-04-11,7557.41,Enterprise Plan,completed,Email,South,tablet
TXN_526489,USR_01177,2023-03-29,811.51,Basic Plan,completed,TikTok,West,mobile
TXN_909884,USR_01178,2023-05-04,8931.62,Enterprise Plan,completed,Organic,Central,tablet
TXN_228356,USR_01179,2023-09-27,632.91,Basic Plan,completed,Meta_Facebook,South,desktop
TXN_998572,USR_01180,2023-03-05,8126.89,Enterprise Plan,completed,TikTok,Central,tablet
TXN_853067,USR_01181,2023-04-01,2272.5,Pro Plan,completed,TikTok,West,mobile
TXN_749146,USR_01182,2023-07-24,569.75,Basic Plan,completed,Email,South,tablet
TXN_540191,USR_01183,2023-09-25,5791.96,Enterprise Plan,completed,TikTok,East,tablet
TXN_916101,USR_01183,2023-10-23,1304.21,One-Time Purchase,completed,TikTok,East,desktop
TXN_894462,USR_01184,2023-01-21,2031.01,Pro Plan,completed,Organic,East,desktop
TXN_456443,USR_01184,2023-02-12,2580.69,Pro Plan,completed,Organic,East,tablet
TXN_495597,USR_01184,2023-03-15,833.33,Basic Plan,completed,Organic,East,desktop
TXN_353171,USR_01185,2023-05-29,2595.17,Pro Plan,completed,TikTok,Central,tablet
TXN_588303,USR_01186,2023-12-24,6656.76,Enterprise Plan,completed,TikTok,Central,tablet
TXN_319086,USR_01187,2023-06-24,6193.09,Enterprise Plan,completed,Google_Search,East,desktop
TXN_945891,USR_01188,2023-04-10,696.36,Basic Plan,completed,TikTok,East,mobile
TXN_925620,USR_01188,2023-05-06,2772.19,One-Time Purchase,failed,TikTok,East,mobile
TXN_761518,USR_01188,2023-06-29,1860.64,Pro Plan,completed,TikTok,East,tablet
TXN_858498,USR_01189,2023-03-10,940.19,Basic Plan,completed,Organic,East,mobile
TXN_526977,USR_01190,2023-11-10,746.95,One-Time Purchase,refunded,TikTok,West,tablet
TXN_916455,USR_01191,2023-01-06,792.05,Basic Plan,completed,Meta_Facebook,South,desktop
TXN_595214,USR_01192,2023-02-27,2531.6,Pro Plan,completed,TikTok,South,tablet
TXN_103223,USR_01193,2023-12-26,979.18,Basic Plan,completed,Organic,East,tablet
TXN_179955,USR_01193,2024-01-28,5668.63,Enterprise Plan,completed,Organic,East,desktop
TXN_909361,USR_01193,2024-03-26,934.42,Basic Plan,failed,Organic,East,tablet
TXN_655628,USR_01193,2024-05-03,6128.22,Enterprise Plan,completed,Organic,East,desktop
TXN_326057,USR_01194,2023-10-28,2721.42,Pro Plan,completed,Meta_Facebook,West,tablet
TXN_451473,USR_01194,2023-12-25,619.07,Basic Plan,completed,Meta_Facebook,West,desktop
TXN_882254,USR_01194,2024-02-09,9667.89,Enterprise Plan,failed,Meta_Facebook,West,tablet
TXN_969880,USR_01194,2024-03-18,4720.14,One-Time Purchase,completed,Meta_Facebook,West,desktop
TXN_556519,USR_01195,2023-11-19,4696.28,One-Time Purchase,completed,Google_Search,East,tablet
TXN_547234,USR_01195,2023-12-11,557.26,Basic Plan,completed,Google_Search,East,mobile
TXN_192672,USR_01196,2023-01-29,2168.8,One-Time Purchase,refunded,TikTok,South,mobile
TXN_323193,USR_01196,2023-03-14,640.59,One-Time Purchase,failed,TikTok,South,mobile
TXN_557431,USR_01197,2023-05-11,2691.66,One-Time Purchase,completed,Email,East,tablet
TXN_971777,USR_01198,2023-02-25,2430.77,Pro Plan,refunded,Organic,West,desktop
TXN_918144,USR_01199,2023-01-21,895.91,Basic Plan,completed,Google_Search,South,mobile
TXN_872442,USR_01199,2023-03-03,4354.32,One-Time Purchase,refunded,Google_Search,South,tablet
TXN_573467,USR_01200,2023-04-19,550.24,Basic Plan,completed,Meta_Facebook,East,tablet
TXN_116539,USR_01201,2023-01-25,6427.82,Enterprise Plan,completed,TikTok,East,tablet
TXN_410810,USR_01202,2023-10-26,4386.03,One-Time Purchase,failed,Meta_Facebook,West,tablet
TXN_707418,USR_01203,2023-12-13,2301.9,Pro Plan,completed,Organic,North,desktop
TXN_424632,USR_01204,2023-05-08,5105.37,Enterprise Plan,refunded,Meta_Facebook,East,tablet
TXN_408733,USR_01205,2023-04-10,2757.78,Pro Plan,completed,Meta_Facebook,South,mobile
TXN_124076,USR_01205,2023-05-27,702.91,Basic Plan,failed,Meta_Facebook,South,tablet
TXN_773118,USR_01206,2023-08-31,3888.82,One-Time Purchase,completed,Meta_Facebook,West,desktop
TXN_479376,USR_01207,2023-06-08,8349.73,Enterprise Plan,refunded,TikTok,South,tablet
TXN_527265,USR_01208,2023-09-24,9139.07,Enterprise Plan,completed,Meta_Facebook,Central,tablet
TXN_525964,USR_01209,2023-03-02,5148.7,Enterprise Plan,completed,Meta_Facebook,Central,tablet
TXN_198039,USR_01209,2023-04-13,2150.22,Pro Plan,completed,Meta_Facebook,Central,tablet
TXN_203025,USR_01210,2023-06-26,779.9,Basic Plan,completed,Organic,North,tablet
TXN_914972,USR_01211,2023-09-28,624.97,Basic Plan,completed,Email,Central,desktop
TXN_991041,USR_01211,2023-11-12,2380.42,Pro Plan,completed,Email,Central,tablet
TXN_993604,USR_01212,2023-01-21,1500.47,Pro Plan,failed,Google_Search,South,tablet
TXN_185159,USR_01213,2023-07-19,2667.33,One-Time Purchase,completed,Google_Search,North,tablet
TXN_779776,USR_01214,2023-06-21,2779.72,One-Time Purchase,refunded,Google_Search,North,desktop
TXN_156962,USR_01214,2023-07-16,927.92,Basic Plan,completed,Google_Search,North,desktop
TXN_250625,USR_01215,2023-07-28,3316.74,One-Time Purchase,failed,Meta_Facebook,Central,mobile
TXN_562054,USR_01215,2023-09-09,6349.61,Enterprise Plan,completed,Meta_Facebook,Central,desktop
TXN_246518,USR_01215,2023-11-06,1586.27,Pro Plan,completed,Meta_Facebook,Central,tablet
TXN_882094,USR_01216,2023-07-30,5096.31,Enterprise Plan,completed,Meta_Facebook,Central,desktop
TXN_807403,USR_01217,2023-07-16,5112.68,Enterprise Plan,refunded,Google_Search,South,tablet
TXN_343388,USR_01217,2023-08-21,1796.66,Pro Plan,completed,Google_Search,South,mobile
TXN_213994,USR_01218,2023-03-09,2016.11,Pro Plan,completed,Email,East,desktop
TXN_100487,USR_01219,2023-08-26,538.3,Basic Plan,completed,Google_Search,South,desktop
TXN_802160,USR_01219,2023-09-22,1417.47,One-Time Purchase,refunded,Google_Search,South,desktop
TXN_177946,USR_01220,2023-10-07,594.19,Basic Plan,completed,TikTok,East,tablet
TXN_276888,USR_01220,2023-11-30,7961.78,Enterprise Plan,failed,TikTok,East,tablet
TXN_957170,USR_01220,2024-01-09,1680.88,One-Time Purchase,completed,TikTok,East,mobile
TXN_815179,USR_01220,2024-02-25,617.25,Basic Plan,completed,TikTok,East,desktop
TXN_295714,USR_01221,2023-10-01,3435.2,One-Time Purchase,completed,Google_Search,South,mobile
TXN_644656,USR_01222,2023-11-24,813.13,Basic Plan,completed,Google_Search,West,desktop
TXN_962500,USR_01223,2023-06-24,2635.82,Pro Plan,completed,Organic,Central,tablet
TXN_700231,USR_01224,2023-09-21,436.04,One-Time Purchase,completed,Meta_Facebook,Central,desktop
TXN_575606,USR_01224,2023-10-12,2192.07,One-Time Purchase,completed,Meta_Facebook,Central,desktop
TXN_494387,USR_01225,2023-09-12,681.54,Basic Plan,completed,Meta_Facebook,West,tablet
TXN_466271,USR_01225,2023-10-11,1769.67,Pro Plan,failed,Meta_Facebook,West,desktop
TXN_483821,USR_01225,2023-11-10,3489.11,One-Time Purchase,failed,Meta_Facebook,West,mobile
TXN_868071,USR_01226,2023-06-21,7023.67,Enterprise Plan,completed,TikTok,West,mobile
TXN_891636,USR_01227,2023-03-31,7838.34,Enterprise Plan,completed,Google_Search,Central,tablet
TXN_266028,USR_01228,2023-10-01,8915.75,Enterprise Plan,completed,Email,South,mobile
TXN_779865,USR_01229,2023-01-18,7535.81,Enterprise Plan,completed,TikTok,South,mobile
TXN_756477,USR_01230,2023-06-22,640.78,Basic Plan,completed,TikTok,Central,tablet
TXN_196118,USR_01230,2023-08-13,846.64,Basic Plan,completed,TikTok,Central,desktop
TXN_665465,USR_01231,2023-04-02,2134.33,One-Time Purchase,completed,Meta_Facebook,Central,tablet
TXN_743851,USR_01231,2023-05-03,1591.03,One-Time Purchase,completed,Meta_Facebook,Central,mobile
TXN_702504,USR_01232,2023-08-25,2846.29,One-Time Purchase,refunded,Organic,Central,desktop
TXN_435666,USR_01232,2023-10-16,2754.57,Pro Plan,completed,Organic,Central,tablet
TXN_433713,USR_01232,2023-12-11,894.26,Basic Plan,refunded,Organic,Central,tablet
TXN_486589,USR_01232,2024-02-02,2522.51,Pro Plan,completed,Organic,Central,mobile
TXN_140177,USR_01233,2023-12-06,8427.06,Enterprise Plan,refunded,Email,West,mobile
TXN_993891,USR_01233,2024-01-02,2666.57,Pro Plan,completed,Email,West,desktop
TXN_305633,USR_01233,2024-02-08,2464.22,One-Time Purchase,completed,Email,West,mobile
TXN_704035,USR_01234,2023-11-10,2524.29,Pro Plan,failed,Email,South,desktop
TXN_183473,USR_01235,2023-04-24,7023.51,Enterprise Plan,completed,Meta_Facebook,Central,tablet
TXN_286540,USR_01235,2023-06-03,8611.1,Enterprise Plan,completed,Meta_Facebook,Central,desktop
TXN_828338,USR_01236,2023-07-19,4745.5,One-Time Purchase,completed,Meta_Facebook,Central,mobile
TXN_211369,USR_01236,2023-08-29,5510.1,Enterprise Plan,refunded,Meta_Facebook,Central,tablet
TXN_644142,USR_01236,2023-10-13,974.81,Basic Plan,completed,Meta_Facebook,Central,desktop
TXN_401260,USR_01237,2023-07-17,8778.94,Enterprise Plan,failed,TikTok,East,desktop
TXN_964371,USR_01238,2023-04-25,937.88,Basic Plan,refunded,Google_Search,South,tablet
TXN_973489,USR_01239,2023-02-27,1569.33,Pro Plan,refunded,Organic,Central,tablet
TXN_441045,USR_01240,2023-05-18,2090.8,Pro Plan,completed,Google_Search,North,desktop
TXN_864341,USR_01240,2023-07-06,6010.49,Enterprise Plan,completed,Google_Search,North,mobile
TXN_992924,USR_01241,2023-04-20,2697.21,Pro Plan,completed,Organic,West,desktop
TXN_830989,USR_01241,2023-05-12,9762.65,Enterprise Plan,completed,Organic,West,tablet
TXN_745627,USR_01242,2023-02-25,5885.62,Enterprise Plan,completed,Email,North,tablet
TXN_894573,USR_01243,2023-03-04,801.54,Basic Plan,completed,TikTok,Central,desktop
TXN_652372,USR_01243,2023-03-24,1851.51,Pro Plan,refunded,TikTok,Central,tablet
TXN_910471,USR_01244,2023-03-12,573.34,One-Time Purchase,completed,Email,Central,tablet
TXN_413157,USR_01244,2023-05-03,2831.9,One-Time Purchase,completed,Email,Central,mobile
TXN_481377,USR_01245,2023-06-22,8663.44,Enterprise Plan,completed,TikTok,East,desktop
TXN_224421,USR_01245,2023-08-20,1955.81,Pro Plan,refunded,TikTok,East,mobile
TXN_490598,USR_01246,2023-01-14,576.97,Basic Plan,completed,Meta_Facebook,North,tablet
TXN_938139,USR_01247,2023-04-28,1695.69,Pro Plan,completed,TikTok,South,desktop
TXN_135430,USR_01247,2023-06-07,660.99,Basic Plan,completed,TikTok,South,tablet
TXN_992466,USR_01248,2023-04-15,640.95,Basic Plan,completed,Organic,Central,tablet
TXN_332873,USR_01249,2023-07-17,2248.38,Pro Plan,failed,TikTok,Central,desktop
TXN_874633,USR_01250,2023-08-14,563.87,Basic Plan,refunded,Email,West,tablet
TXN_872848,USR_01251,2023-05-28,2560.35,Pro Plan,completed,Meta_Facebook,North,mobile
TXN_197102,USR_01252,2023-03-06,812.46,Basic Plan,refunded,Meta_Facebook,Central,mobile
TXN_852400,USR_01253,2023-02-16,7446.69,Enterprise Plan,completed,TikTok,South,tablet
TXN_643876,USR_01253,2023-04-06,2649.4,Pro Plan,completed,TikTok,South,tablet
TXN_480829,USR_01254,2023-04-01,1806.99,One-Time Purchase,failed,Meta_Facebook,East,tablet
TXN_134281,USR_01254,2023-05-31,2067.36,Pro Plan,refunded,Meta_Facebook,East,desktop
TXN_290476,USR_01255,2023-09-19,695.25,Basic Plan,refunded,Organic,West,tablet
TXN_564412,USR_01256,2023-11-27,3530.17,One-Time Purchase,completed,Organic,South,tablet
TXN_704659,USR_01257,2023-12-02,5907.95,Enterprise Plan,completed,TikTok,South,tablet
TXN_789173,USR_01258,2023-11-11,865.4,Basic Plan,completed,Meta_Facebook,West,tablet
TXN_785055,USR_01259,2023-05-01,2844.06,Pro Plan,completed,TikTok,Central,desktop
TXN_859993,USR_01260,2023-10-04,7088.38,Enterprise Plan,completed,Meta_Facebook,East,tablet
TXN_698782,USR_01261,2023-09-10,6234.68,Enterprise Plan,completed,Meta_Facebook,South,desktop
TXN_964937,USR_01262,2023-10-23,2838.91,Pro Plan,refunded,Organic,Central,tablet
TXN_158130,USR_01262,2023-12-10,2159.21,Pro Plan,completed,Organic,Central,desktop
TXN_957211,USR_01263,2023-05-07,606.12,Basic Plan,failed,TikTok,West,desktop
TXN_889314,USR_01264,2023-10-13,1541.12,Pro Plan,failed,TikTok,South,mobile
TXN_378199,USR_01265,2023-07-23,1555.49,Pro Plan,completed,Google_Search,Central,tablet
TXN_875926,USR_01266,2023-12-18,8416.99,Enterprise Plan,failed,Organic,Central,tablet
TXN_311807,USR_01267,2023-07-02,898.35,Basic Plan,completed,Meta_Facebook,South,mobile
TXN_975753,USR_01268,2023-05-01,729.11,Basic Plan,completed,Organic,North,mobile
TXN_715387,USR_01269,2023-10-20,2667.83,Pro Plan,failed,Google_Search,North,tablet
TXN_636221,USR_01270,2023-02-17,8267.77,Enterprise Plan,failed,Email,South,mobile
TXN_722314,USR_01271,2023-04-11,687.44,One-Time Purchase,failed,Google_Search,Central,desktop
TXN_317312,USR_01272,2023-02-28,2596.63,Pro Plan,completed,Meta_Facebook,West,mobile
TXN_908847,USR_01273,2023-03-02,1579.26,Pro Plan,refunded,Organic,West,tablet
TXN_289485,USR_01273,2023-03-27,2191.67,One-Time Purchase,completed,Organic,West,mobile
TXN_753235,USR_01274,2023-01-17,4681.29,One-Time Purchase,completed,Organic,South,tablet
TXN_318525,USR_01274,2023-02-19,2146.17,Pro Plan,completed,Organic,South,tablet
TXN_284693,USR_01275,2023-08-22,2645.54,Pro Plan,completed,Email,Central,mobile
TXN_453533,USR_01275,2023-09-16,3238.14,One-Time Purchase,completed,Email,Central,mobile
TXN_980794,USR_01276,2023-10-23,6876.88,Enterprise Plan,completed,Email,South,tablet
TXN_850437,USR_01277,2023-07-07,901.68,Basic Plan,completed,Email,West,tablet
TXN_224413,USR_01278,2023-03-07,613.43,Basic Plan,completed,TikTok,West,mobile
TXN_421855,USR_01279,2023-05-22,7697.2,Enterprise Plan,completed,Meta_Facebook,West,mobile
TXN_542981,USR_01280,2023-05-13,2984.15,Pro Plan,completed,Google_Search,South,mobile
TXN_163238,USR_01281,2023-07-05,2335.29,Pro Plan,completed,TikTok,South,mobile
TXN_232626,USR_01282,2023-08-15,705.17,Basic Plan,completed,Google_Search,West,desktop
TXN_762421,USR_01283,2023-02-24,2740.65,Pro Plan,failed,Email,East,tablet
TXN_230751,USR_01283,2023-03-16,5160.91,Enterprise Plan,completed,Email,East,mobile
TXN_905738,USR_01283,2023-05-14,4794.97,One-Time Purchase,refunded,Email,East,tablet
TXN_490038,USR_01284,2023-06-07,3072.58,One-Time Purchase,completed,TikTok,North,desktop
TXN_584175,USR_01285,2023-05-07,2754.16,Pro Plan,completed,Email,West,desktop
TXN_228594,USR_01285,2023-05-27,883.58,Basic Plan,refunded,Email,West,mobile
TXN_900529,USR_01286,2023-04-17,723.66,Basic Plan,completed,Google_Search,West,mobile
TXN_202161,USR_01286,2023-06-07,771.19,Basic Plan,refunded,Google_Search,West,tablet
TXN_188536,USR_01287,2023-03-17,8520.52,Enterprise Plan,completed,TikTok,North,mobile
TXN_584385,USR_01287,2023-05-08,776.83,One-Time Purchase,completed,TikTok,North,tablet
TXN_388932,USR_01288,2023-04-28,6804.61,Enterprise Plan,refunded,Email,North,desktop
TXN_118276,USR_01289,2023-06-03,851.03,Basic Plan,completed,Meta_Facebook,West,tablet
TXN_550347,USR_01289,2023-07-20,7233.1,Enterprise Plan,failed,Meta_Facebook,West,tablet
TXN_942691,USR_01290,2023-04-15,5993.82,Enterprise Plan,failed,Google_Search,Central,mobile
TXN_558027,USR_01291,2023-11-07,9190.65,Enterprise Plan,completed,Organic,South,mobile
TXN_833455,USR_01291,2023-12-02,761.31,Basic Plan,completed,Organic,South,desktop
TXN_205032,USR_01291,2023-12-23,7013.92,Enterprise Plan,completed,Organic,South,desktop
TXN_590061,USR_01292,2023-01-13,3065.02,One-Time Purchase,failed,Google_Search,North,mobile
TXN_171245,USR_01293,2023-05-10,2314.82,Pro Plan,refunded,Google_Search,North,tablet
TXN_168974,USR_01294,2023-12-29,6245.45,Enterprise Plan,failed,Email,Central,desktop
TXN_961627,USR_01295,2023-03-30,8231.92,Enterprise Plan,refunded,Google_Search,East,desktop
TXN_585750,USR_01296,2023-07-22,2471.04,Pro Plan,completed,TikTok,Central,tablet
TXN_204413,USR_01297,2023-08-01,704.44,Basic Plan,completed,Organic,Central,mobile
TXN_379103,USR_01297,2023-09-03,741.51,Basic Plan,refunded,Organic,Central,mobile
TXN_740204,USR_01298,2023-06-15,7913.32,Enterprise Plan,completed,Organic,South,desktop
TXN_989319,USR_01298,2023-07-05,5824.71,Enterprise Plan,completed,Organic,South,tablet
TXN_959636,USR_01298,2023-08-02,538.61,One-Time Purchase,completed,Organic,South,tablet
TXN_792852,USR_01298,2023-09-01,557.14,One-Time Purchase,completed,Organic,South,tablet
TXN_835908,USR_01299,2023-12-04,616.61,Basic Plan,failed,Google_Search,East,tablet
TXN_187556,USR_01299,2024-01-29,4532.91,One-Time Purchase,completed,Google_Search,East,desktop
TXN_673170,USR_01300,2023-01-12,906.66,Basic Plan,completed,TikTok,Central,desktop
TXN_573213,USR_01300,2023-02-17,1740.07,Pro Plan,completed,TikTok,Central,desktop
TXN_280958,USR_01301,2023-04-30,4681.78,One-Time Purchase,refunded,TikTok,West,mobile
TXN_596265,USR_01301,2023-05-21,708.39,Basic Plan,completed,TikTok,West,tablet
TXN_901751,USR_01302,2023-04-03,7977.4,Enterprise Plan,completed,Meta_Facebook,West,tablet
TXN_686876,USR_01303,2023-09-19,2398.85,Pro Plan,completed,Organic,Central,tablet
TXN_989121,USR_01303,2023-10-18,3018.4,One-Time Purchase,failed,Organic,Central,desktop
TXN_848035,USR_01303,2023-12-17,793.42,Basic Plan,completed,Organic,Central,mobile
TXN_678654,USR_01304,2023-02-15,7134.75,Enterprise Plan,completed,TikTok,West,tablet
TXN_680084,USR_01304,2023-03-22,8369.96,Enterprise Plan,failed,TikTok,West,tablet
TXN_709258,USR_01305,2023-04-25,888.52,Basic Plan,completed,Email,West,tablet
TXN_836111,USR_01305,2023-06-09,941.38,Basic Plan,completed,Email,West,tablet
TXN_126865,USR_01306,2023-07-12,9676.78,Enterprise Plan,completed,Organic,Central,desktop
TXN_260378,USR_01306,2023-08-29,1596.14,Pro Plan,completed,Organic,Central,tablet
TXN_708171,USR_01306,2023-10-09,1738.71,Pro Plan,completed,Organic,Central,mobile
TXN_658580,USR_01307,2023-10-05,1897.88,Pro Plan,completed,TikTok,South,tablet
TXN_514385,USR_01308,2023-09-14,945.06,One-Time Purchase,completed,Meta_Facebook,Central,desktop
TXN_193513,USR_01309,2023-03-19,402.66,One-Time Purchase,completed,TikTok,West,desktop
TXN_360345,USR_01309,2023-04-12,792.25,Basic Plan,failed,TikTok,West,desktop
TXN_598189,USR_01310,2023-12-05,806.41,One-Time Purchase,completed,TikTok,South,tablet
TXN_198980,USR_01311,2023-06-24,6605.09,Enterprise Plan,refunded,Meta_Facebook,South,desktop
TXN_251670,USR_01312,2023-06-20,8751.38,Enterprise Plan,completed,Google_Search,South,desktop
TXN_536617,USR_01313,2023-08-08,6367.0,Enterprise Plan,refunded,Email,North,desktop
TXN_168507,USR_01313,2023-09-01,4512.91,One-Time Purchase,failed,Email,North,tablet
TXN_973807,USR_01314,2023-11-01,932.15,Basic Plan,completed,TikTok,Central,tablet
TXN_988973,USR_01315,2023-03-16,1572.09,One-Time Purchase,refunded,Google_Search,East,mobile
TXN_795381,USR_01316,2023-11-15,7728.58,Enterprise Plan,refunded,Meta_Facebook,West,tablet
TXN_694774,USR_01317,2023-05-08,9650.55,Enterprise Plan,completed,TikTok,West,desktop
TXN_151695,USR_01317,2023-06-02,9893.48,Enterprise Plan,failed,TikTok,West,mobile
TXN_828515,USR_01318,2023-11-03,6230.98,Enterprise Plan,completed,Meta_Facebook,North,mobile
TXN_863570,USR_01318,2023-12-15,668.45,One-Time Purchase,failed,Meta_Facebook,North,mobile
TXN_843814,USR_01319,2023-10-03,1776.62,One-Time Purchase,completed,TikTok,West,tablet
TXN_158522,USR_01319,2023-10-31,6637.27,Enterprise Plan,refunded,TikTok,West,desktop
TXN_700204,USR_01319,2023-12-21,796.06,Basic Plan,failed,TikTok,West,desktop
TXN_494616,USR_01319,2024-01-18,5893.64,Enterprise Plan,completed,TikTok,West,desktop
TXN_442752,USR_01320,2023-12-16,2637.27,One-Time Purchase,completed,Email,Central,desktop
TXN_613832,USR_01320,2024-01-21,6572.74,Enterprise Plan,completed,Email,Central,desktop
TXN_919209,USR_01321,2023-01-15,9822.79,Enterprise Plan,completed,TikTok,West,tablet
TXN_370625,USR_01321,2023-03-14,1862.77,Pro Plan,completed,TikTok,West,desktop
TXN_763354,USR_01322,2023-11-21,5269.96,Enterprise Plan,completed,Meta_Facebook,West,desktop
TXN_283404,USR_01323,2023-04-28,2782.36,Pro Plan,completed,Google_Search,North,mobile
TXN_827658,USR_01323,2023-06-05,2311.46,One-Time Purchase,completed,Google_Search,North,tablet
TXN_170603,USR_01323,2023-07-25,2644.71,Pro Plan,refunded,Google_Search,North,desktop
TXN_196783,USR_01323,2023-08-15,1920.4,Pro Plan,completed,Google_Search,North,desktop
TXN_115743,USR_01324,2023-05-09,502.06,Basic Plan,refunded,TikTok,Central,mobile
TXN_705908,USR_01325,2023-07-22,2810.93,Pro Plan,completed,Organic,West,tablet
TXN_567785,USR_01325,2023-09-02,964.49,Basic Plan,completed,Organic,West,mobile
TXN_313795,USR_01326,2023-03-26,958.76,Basic Plan,completed,Organic,North,tablet
TXN_462512,USR_01326,2023-05-01,1907.11,One-Time Purchase,completed,Organic,North,tablet
TXN_639026,USR_01327,2023-09-30,2051.74,Pro Plan,completed,Google_Search,West,mobile
TXN_479615,USR_01327,2023-11-08,2254.19,Pro Plan,completed,Google_Search,West,desktop
TXN_485275,USR_01327,2023-12-01,1494.98,One-Time Purchase,failed,Google_Search,West,desktop
TXN_847556,USR_01328,2023-03-16,2915.7,Pro Plan,completed,Meta_Facebook,North,desktop
TXN_901276,USR_01329,2023-11-11,2359.43,One-Time Purchase,completed,Organic,Central,mobile
TXN_665073,USR_01330,2023-11-27,594.81,Basic Plan,refunded,Meta_Facebook,West,desktop
TXN_358933,USR_01331,2023-09-01,802.37,Basic Plan,completed,Email,North,mobile
TXN_440786,USR_01332,2023-05-11,3160.74,One-Time Purchase,completed,Email,South,tablet
TXN_420427,USR_01333,2023-10-07,1995.54,Pro Plan,completed,TikTok,South,mobile
TXN_400527,USR_01334,2023-12-25,2369.55,One-Time Purchase,refunded,Google_Search,Central,tablet
TXN_374362,USR_01335,2023-06-26,9582.95,Enterprise Plan,completed,Meta_Facebook,East,desktop
TXN_821875,USR_01335,2023-08-12,2728.17,Pro Plan,completed,Meta_Facebook,East,mobile
TXN_892358,USR_01336,2023-04-22,819.89,Basic Plan,failed,Organic,Central,tablet
TXN_626740,USR_01336,2023-06-01,572.54,Basic Plan,completed,Organic,Central,tablet
TXN_639484,USR_01337,2023-12-05,4943.41,One-Time Purchase,refunded,Email,Central,mobile
TXN_239297,USR_01337,2024-02-01,7405.2,Enterprise Plan,failed,Email,Central,desktop
TXN_495147,USR_01337,2024-02-27,3499.81,One-Time Purchase,completed,Email,Central,mobile
TXN_972039,USR_01338,2023-11-03,1900.7,Pro Plan,completed,TikTok,West,tablet
TXN_777454,USR_01339,2023-03-25,574.47,Basic Plan,completed,TikTok,South,tablet
TXN_694103,USR_01339,2023-05-19,4622.77,One-Time Purchase,completed,TikTok,South,mobile
TXN_955862,USR_01340,2023-09-21,1717.56,Pro Plan,completed,Google_Search,Central,mobile
TXN_166092,USR_01340,2023-10-11,2832.45,Pro Plan,completed,Google_Search,Central,tablet
TXN_725859,USR_01341,2023-08-11,752.96,Basic Plan,failed,Organic,North,tablet
TXN_298548,USR_01342,2023-10-13,772.87,Basic Plan,completed,Organic,West,desktop
TXN_189183,USR_01343,2023-05-28,8248.38,Enterprise Plan,failed,Google_Search,South,tablet
TXN_717298,USR_01344,2023-09-05,1971.29,Pro Plan,completed,Email,West,desktop
TXN_579245,USR_01344,2023-10-01,2599.0,Pro Plan,completed,Email,West,desktop
TXN_716904,USR_01344,2023-11-01,9716.29,Enterprise Plan,failed,Email,West,desktop
TXN_508875,USR_01345,2023-08-13,716.96,Basic Plan,failed,Google_Search,East,desktop
TXN_190745,USR_01346,2023-05-18,4604.86,One-Time Purchase,completed,Google_Search,North,tablet
TXN_518196,USR_01347,2023-02-16,2844.77,One-Time Purchase,completed,Meta_Facebook,East,tablet
TXN_485125,USR_01348,2023-10-30,760.4,Basic Plan,completed,Email,Central,tablet
TXN_496278,USR_01348,2023-12-01,1940.3,Pro Plan,completed,Email,Central,tablet
TXN_554504,USR_01349,2023-07-27,762.98,Basic Plan,refunded,Meta_Facebook,West,tablet
TXN_792492,USR_01349,2023-09-20,735.24,Basic Plan,failed,Meta_Facebook,West,tablet
TXN_984885,USR_01350,2023-02-07,1147.87,One-Time Purchase,completed,Email,North,mobile
TXN_348247,USR_01350,2023-04-04,408.86,One-Time Purchase,refunded,Email,North,mobile
TXN_182480,USR_01351,2023-03-09,2069.21,Pro Plan,completed,Organic,East,tablet
TXN_429624,USR_01352,2023-10-20,1996.67,One-Time Purchase,refunded,Email,South,mobile
TXN_884285,USR_01352,2023-12-08,8529.33,Enterprise Plan,failed,Email,South,mobile
TXN_935961,USR_01353,2023-09-07,547.29,Basic Plan,failed,Email,West,tablet
TXN_522379,USR_01353,2023-11-01,803.28,Basic Plan,refunded,Email,West,mobile
TXN_450504,USR_01353,2023-12-18,1710.37,Pro Plan,completed,Email,West,tablet
TXN_379341,USR_01354,2023-10-28,8604.03,Enterprise Plan,completed,Google_Search,West,mobile
TXN_434454,USR_01355,2023-02-23,7429.53,Enterprise Plan,completed,TikTok,East,desktop
TXN_621084,USR_01355,2023-04-16,1688.49,Pro Plan,completed,TikTok,East,mobile
TXN_330222,USR_01355,2023-06-11,530.68,Basic Plan,completed,TikTok,East,tablet
TXN_286253,USR_01356,2023-01-28,1916.67,Pro Plan,completed,Organic,South,tablet
TXN_783618,USR_01357,2023-11-09,543.48,Basic Plan,refunded,Email,East,tablet
TXN_176009,USR_01358,2023-04-04,1634.13,Pro Plan,completed,Meta_Facebook,East,desktop
TXN_772640,USR_01359,2023-07-11,892.15,Basic Plan,refunded,Google_Search,West,tablet
TXN_286646,USR_01359,2023-08-03,9872.62,Enterprise Plan,refunded,Google_Search,West,desktop
TXN_880002,USR_01360,2023-02-25,679.09,One-Time Purchase,completed,Google_Search,East,desktop
TXN_174323,USR_01361,2023-08-14,1564.78,Pro Plan,completed,Google_Search,Central,desktop
TXN_368881,USR_01361,2023-10-10,501.3,Basic Plan,completed,Google_Search,Central,tablet
TXN_247691,USR_01362,2023-10-21,6134.02,Enterprise Plan,failed,Email,Central,tablet
TXN_461353,USR_01362,2023-12-13,2796.81,Pro Plan,completed,Email,Central,mobile
TXN_976958,USR_01362,2024-02-09,3899.16,One-Time Purchase,completed,Email,Central,tablet
TXN_323574,USR_01363,2023-09-21,9053.68,Enterprise Plan,completed,Meta_Facebook,West,tablet
TXN_912314,USR_01363,2023-10-15,5226.02,Enterprise Plan,completed,Meta_Facebook,West,tablet
TXN_477427,USR_01364,2023-12-17,6065.68,Enterprise Plan,failed,Meta_Facebook,North,desktop
TXN_541111,USR_01364,2024-01-22,2005.09,Pro Plan,completed,Meta_Facebook,North,tablet
TXN_674571,USR_01365,2023-05-20,2403.68,One-Time Purchase,refunded,TikTok,West,mobile
TXN_939072,USR_01366,2023-05-09,9837.37,Enterprise Plan,completed,Email,Central,mobile
TXN_567157,USR_01367,2023-11-19,664.42,Basic Plan,completed,Email,West,desktop
TXN_267201,USR_01368,2023-07-21,5399.31,Enterprise Plan,completed,Email,West,mobile
TXN_449497,USR_01368,2023-09-15,796.03,Basic Plan,refunded,Email,West,desktop
TXN_729238,USR_01368,2023-10-11,8652.1,Enterprise Plan,failed,Email,West,mobile
TXN_916745,USR_01368,2023-11-14,997.39,Basic Plan,completed,Email,West,tablet
TXN_838364,USR_01368,2023-12-28,570.16,Basic Plan,completed,Email,West,desktop
TXN_525850,USR_01368,2024-02-10,1751.29,Pro Plan,completed,Email,West,tablet
TXN_815745,USR_01369,2023-11-14,8492.16,Enterprise Plan,completed,Email,South,mobile
TXN_474702,USR_01370,2023-12-08,8923.67,Enterprise Plan,refunded,Meta_Facebook,South,mobile
TXN_153240,USR_01370,2023-12-28,3868.87,One-Time Purchase,failed,Meta_Facebook,South,mobile
TXN_463881,USR_01370,2024-02-06,2793.24,Pro Plan,completed,Meta_Facebook,South,tablet
TXN_145954,USR_01370,2024-04-03,5158.95,Enterprise Plan,completed,Meta_Facebook,South,desktop
TXN_879263,USR_01371,2023-12-27,964.38,Basic Plan,failed,Meta_Facebook,South,tablet
TXN_752256,USR_01372,2023-04-29,1651.87,One-Time Purchase,failed,Google_Search,North,mobile
TXN_132959,USR_01373,2023-06-05,637.72,Basic Plan,completed,Google_Search,South,mobile
TXN_414459,USR_01373,2023-07-22,5321.05,Enterprise Plan,refunded,Google_Search,South,tablet
TXN_462920,USR_01374,2023-11-11,2938.77,Pro Plan,completed,Google_Search,South,mobile
TXN_527354,USR_01375,2023-06-24,631.11,One-Time Purchase,completed,Meta_Facebook,North,desktop
TXN_851964,USR_01376,2023-01-07,535.84,Basic Plan,completed,Google_Search,West,desktop
TXN_380028,USR_01376,2023-02-26,2993.17,Pro Plan,refunded,Google_Search,West,tablet
TXN_335959,USR_01377,2023-04-22,7904.27,Enterprise Plan,completed,Meta_Facebook,Central,mobile
TXN_450407,USR_01377,2023-05-12,2070.79,One-Time Purchase,completed,Meta_Facebook,Central,desktop
TXN_617189,USR_01377,2023-06-01,9141.21,Enterprise Plan,completed,Meta_Facebook,Central,mobile
TXN_292697,USR_01378,2023-03-08,728.69,Basic Plan,completed,Organic,South,tablet
TXN_173131,USR_01379,2023-12-05,1960.57,Pro Plan,completed,TikTok,South,mobile
TXN_682783,USR_01380,2023-11-26,1507.43,Pro Plan,refunded,Organic,North,desktop
TXN_192679,USR_01380,2024-01-17,574.73,Basic Plan,completed,Organic,North,desktop
TXN_450311,USR_01381,2023-03-11,9787.44,Enterprise Plan,completed,TikTok,North,tablet
TXN_722431,USR_01382,2023-10-06,584.5,Basic Plan,failed,Organic,East,desktop
TXN_539437,USR_01382,2023-11-14,614.47,Basic Plan,completed,Organic,East,tablet
TXN_368261,USR_01383,2023-12-22,7602.3,Enterprise Plan,completed,Meta_Facebook,West,desktop
TXN_982747,USR_01384,2023-12-22,837.31,One-Time Purchase,completed,TikTok,South,mobile
TXN_203782,USR_01385,2023-04-26,2146.17,Pro Plan,completed,TikTok,North,tablet
TXN_483822,USR_01386,2023-03-29,3696.11,One-Time Purchase,failed,Google_Search,East,tablet
TXN_661544,USR_01386,2023-04-24,750.57,Basic Plan,completed,Google_Search,East,desktop
TXN_823797,USR_01387,2023-06-20,7843.88,Enterprise Plan,completed,TikTok,Central,desktop
TXN_347813,USR_01388,2023-02-18,874.21,Basic Plan,completed,Organic,Central,desktop
TXN_633222,USR_01389,2023-10-01,3159.69,One-Time Purchase,completed,TikTok,South,tablet
TXN_244810,USR_01390,2023-09-18,827.68,Basic Plan,refunded,Email,East,mobile
TXN_744918,USR_01390,2023-11-07,587.82,Basic Plan,completed,Email,East,desktop
TXN_162033,USR_01390,2023-12-31,1701.91,Pro Plan,completed,Email,East,desktop
TXN_321692,USR_01390,2024-01-25,4939.79,One-Time Purchase,failed,Email,East,tablet
TXN_305817,USR_01391,2023-09-26,7885.37,Enterprise Plan,failed,Google_Search,North,tablet
TXN_849096,USR_01392,2023-11-18,2967.01,Pro Plan,completed,Google_Search,South,tablet
TXN_829234,USR_01393,2023-03-18,2639.73,One-Time Purchase,completed,Meta_Facebook,South,mobile
TXN_627788,USR_01393,2023-04-22,1561.14,Pro Plan,completed,Meta_Facebook,South,mobile
TXN_306612,USR_01393,2023-06-07,702.58,Basic Plan,completed,Meta_Facebook,South,mobile
TXN_517211,USR_01394,2023-12-16,2446.51,One-Time Purchase,completed,Google_Search,East,tablet
TXN_535904,USR_01395,2023-04-25,2985.0,Pro Plan,completed,Meta_Facebook,North,tablet
TXN_266850,USR_01396,2023-12-18,4365.39,One-Time Purchase,completed,Google_Search,West,tablet
TXN_667502,USR_01396,2024-02-09,630.84,Basic Plan,failed,Google_Search,West,desktop
TXN_610497,USR_01397,2023-07-20,2907.33,Pro Plan,completed,Meta_Facebook,South,mobile
TXN_982102,USR_01397,2023-09-10,2917.75,One-Time Purchase,completed,Meta_Facebook,South,desktop
TXN_188198,USR_01398,2023-07-21,2549.64,Pro Plan,completed,Organic,North,tablet
TXN_415100,USR_01399,2023-07-05,8893.01,Enterprise Plan,completed,Email,North,tablet
TXN_818125,USR_01399,2023-07-27,2139.13,One-Time Purchase,completed,Email,North,desktop
TXN_495238,USR_01400,2023-04-26,650.15,Basic Plan,refunded,TikTok,West,mobile
TXN_974536,USR_01400,2023-06-14,2077.01,Pro Plan,completed,TikTok,West,mobile
TXN_797790,USR_01400,2023-07-09,1882.59,Pro Plan,completed,TikTok,West,mobile
TXN_767137,USR_01401,2023-10-12,838.59,Basic Plan,refunded,Email,East,mobile
TXN_426248,USR_01402,2023-11-01,2458.21,Pro Plan,failed,TikTok,North,tablet
TXN_240486,USR_01403,2023-10-20,2338.56,Pro Plan,completed,Organic,East,tablet
TXN_312134,USR_01404,2023-04-06,1836.37,Pro Plan,completed,Email,North,mobile
TXN_623772,USR_01404,2023-05-11,9240.7,Enterprise Plan,refunded,Email,North,desktop
TXN_916171,USR_01404,2023-06-01,6847.97,Enterprise Plan,completed,Email,North,tablet
TXN_855553,USR_01405,2023-10-16,2185.47,One-Time Purchase,failed,Email,West,desktop
TXN_557793,USR_01405,2023-12-15,2039.74,Pro Plan,completed,Email,West,desktop
TXN_232616,USR_01406,2023-05-19,714.45,Basic Plan,completed,Organic,West,mobile
TXN_108304,USR_01406,2023-06-19,5109.63,Enterprise Plan,failed,Organic,West,tablet
TXN_724893,USR_01407,2023-11-13,5925.82,Enterprise Plan,completed,Email,Central,mobile
TXN_218323,USR_01408,2023-07-10,9220.2,Enterprise Plan,completed,TikTok,West,mobile
TXN_914659,USR_01408,2023-07-30,5682.54,Enterprise Plan,completed,TikTok,West,tablet
TXN_377633,USR_01409,2023-05-17,5262.2,Enterprise Plan,failed,Meta_Facebook,West,tablet
TXN_323861,USR_01410,2023-05-07,8882.76,Enterprise Plan,completed,Meta_Facebook,West,tablet
TXN_336983,USR_01410,2023-05-30,1333.05,One-Time Purchase,completed,Meta_Facebook,West,mobile
TXN_275124,USR_01411,2023-12-15,4717.69,One-Time Purchase,completed,Google_Search,North,mobile
TXN_394493,USR_01411,2024-01-11,733.18,One-Time Purchase,refunded,Google_Search,North,desktop
TXN_936250,USR_01412,2023-03-22,2148.42,Pro Plan,refunded,Meta_Facebook,East,desktop
TXN_303419,USR_01412,2023-04-27,527.46,One-Time Purchase,completed,Meta_Facebook,East,tablet
TXN_333375,USR_01413,2023-12-13,9375.56,Enterprise Plan,completed,Google_Search,Central,desktop
TXN_526495,USR_01413,2024-01-31,2180.43,One-Time Purchase,completed,Google_Search,Central,mobile
TXN_663095,USR_01414,2023-02-27,9075.46,Enterprise Plan,completed,Email,North,mobile
TXN_607348,USR_01415,2023-01-13,511.66,Basic Plan,completed,Email,East,tablet
TXN_987810,USR_01416,2023-04-02,1978.68,Pro Plan,failed,Meta_Facebook,North,mobile
TXN_825928,USR_01416,2023-04-29,6132.55,Enterprise Plan,refunded,Meta_Facebook,North,mobile
TXN_496449,USR_01417,2023-09-28,598.23,Basic Plan,completed,Google_Search,West,tablet
TXN_284560,USR_01417,2023-11-09,2276.15,Pro Plan,completed,Google_Search,West,tablet
TXN_745262,USR_01418,2023-04-06,5638.1,Enterprise Plan,completed,TikTok,West,desktop
TXN_647579,USR_01419,2023-03-17,2547.97,Pro Plan,completed,Meta_Facebook,South,tablet
TXN_824765,USR_01419,2023-05-14,6816.95,Enterprise Plan,completed,Meta_Facebook,South,tablet
TXN_136446,USR_01420,2023-04-26,708.41,One-Time Purchase,completed,Meta_Facebook,South,desktop
TXN_147774,USR_01420,2023-06-10,774.61,Basic Plan,completed,Meta_Facebook,South,tablet
TXN_114847,USR_01421,2023-09-12,2070.7,Pro Plan,completed,Google_Search,Central,desktop
TXN_333057,USR_01421,2023-10-09,676.11,Basic Plan,refunded,Google_Search,Central,tablet
TXN_917208,USR_01422,2023-04-04,7669.66,Enterprise Plan,completed,Google_Search,West,desktop
TXN_252199,USR_01422,2023-05-24,3841.63,One-Time Purchase,completed,Google_Search,West,mobile
TXN_366082,USR_01423,2023-03-20,876.19,Basic Plan,completed,Meta_Facebook,South,mobile
TXN_524701,USR_01424,2023-06-27,1766.96,Pro Plan,completed,TikTok,Central,mobile
TXN_151704,USR_01424,2023-08-10,6054.32,Enterprise Plan,failed,TikTok,Central,desktop
TXN_516095,USR_01425,2023-11-22,764.79,Basic Plan,completed,Organic,South,tablet
TXN_430569,USR_01425,2024-01-12,1508.47,Pro Plan,failed,Organic,South,mobile
TXN_175221,USR_01426,2023-10-14,1519.33,Pro Plan,failed,Email,North,mobile
TXN_796223,USR_01426,2023-11-27,753.36,Basic Plan,completed,Email,North,desktop
TXN_147220,USR_01427,2023-08-31,8651.49,Enterprise Plan,completed,Email,West,desktop
TXN_791733,USR_01427,2023-10-10,898.64,Basic Plan,failed,Email,West,mobile
TXN_458844,USR_01428,2023-07-08,537.75,Basic Plan,failed,Google_Search,West,desktop
TXN_721202,USR_01428,2023-08-24,787.12,Basic Plan,completed,Google_Search,West,mobile
TXN_163122,USR_01428,2023-10-20,1980.44,One-Time Purchase,completed,Google_Search,West,desktop
TXN_753000,USR_01429,2023-01-10,2499.0,Pro Plan,completed,Email,South,tablet
TXN_311587,USR_01429,2023-03-02,573.84,Basic Plan,completed,Email,South,tablet
TXN_648635,USR_01430,2023-08-09,2207.12,One-Time Purchase,refunded,TikTok,West,desktop
TXN_342561,USR_01430,2023-09-11,2604.58,One-Time Purchase,completed,TikTok,West,mobile
TXN_829235,USR_01431,2023-04-05,729.19,Basic Plan,completed,Meta_Facebook,West,tablet
TXN_469535,USR_01431,2023-05-28,3348.12,One-Time Purchase,completed,Meta_Facebook,West,mobile
TXN_907365,USR_01432,2023-11-20,800.31,Basic Plan,failed,TikTok,East,desktop
TXN_860302,USR_01432,2023-12-31,975.91,Basic Plan,failed,TikTok,East,tablet
TXN_266240,USR_01432,2024-02-29,1686.03,Pro Plan,completed,TikTok,East,mobile
TXN_946781,USR_01432,2024-04-26,886.3,Basic Plan,completed,TikTok,East,desktop
TXN_152367,USR_01433,2023-05-20,7398.69,Enterprise Plan,failed,Email,Central,mobile
TXN_671217,USR_01433,2023-06-17,2158.52,One-Time Purchase,completed,Email,Central,tablet
TXN_540181,USR_01434,2023-06-02,9423.07,Enterprise Plan,completed,TikTok,West,mobile
TXN_470150,USR_01435,2023-08-07,510.53,Basic Plan,completed,Google_Search,East,desktop
TXN_385631,USR_01435,2023-09-10,793.43,Basic Plan,completed,Google_Search,East,tablet
TXN_498623,USR_01436,2023-08-26,5685.77,Enterprise Plan,failed,Organic,North,mobile
TXN_108343,USR_01436,2023-10-05,7966.82,Enterprise Plan,failed,Organic,North,mobile
TXN_316394,USR_01437,2023-07-08,2193.01,Pro Plan,failed,Email,North,desktop
TXN_404066,USR_01437,2023-08-16,925.66,Basic Plan,refunded,Email,North,tablet
TXN_789395,USR_01438,2023-10-19,9612.02,Enterprise Plan,completed,Email,Central,desktop
TXN_881534,USR_01438,2023-11-23,8767.6,Enterprise Plan,completed,Email,Central,mobile
TXN_717703,USR_01439,2023-02-07,2975.11,One-Time Purchase,refunded,Email,Central,mobile
TXN_398937,USR_01439,2023-04-06,6377.94,Enterprise Plan,completed,Email,Central,mobile
TXN_977418,USR_01440,2023-10-22,761.91,Basic Plan,failed,Email,West,tablet
TXN_624816,USR_01440,2023-12-16,1570.62,Pro Plan,completed,Email,West,desktop
TXN_108363,USR_01441,2023-09-02,623.59,Basic Plan,completed,Meta_Facebook,Central,tablet
TXN_898683,USR_01441,2023-10-20,1671.72,Pro Plan,completed,Meta_Facebook,Central,mobile
TXN_844232,USR_01441,2023-12-09,5962.58,Enterprise Plan,failed,Meta_Facebook,Central,desktop
TXN_391648,USR_01442,2023-10-27,1514.24,Pro Plan,completed,Meta_Facebook,South,tablet
TXN_694095,USR_01443,2023-08-10,2584.3,Pro Plan,completed,Email,West,mobile
TXN_313951,USR_01443,2023-08-31,5532.18,Enterprise Plan,completed,Email,West,tablet
TXN_453770,USR_01444,2023-08-25,1193.48,One-Time Purchase,refunded,Email,West,tablet
TXN_679391,USR_01445,2023-10-12,629.55,Basic Plan,completed,Organic,North,desktop
TXN_188753,USR_01445,2023-11-13,6981.74,Enterprise Plan,completed,Organic,North,mobile
TXN_969074,USR_01446,2023-10-09,9450.24,Enterprise Plan,completed,Email,North,desktop
TXN_378001,USR_01447,2023-03-11,7286.6,Enterprise Plan,completed,Google_Search,South,desktop
TXN_807576,USR_01448,2023-01-10,2669.84,One-Time Purchase,failed,Email,South,tablet
TXN_499957,USR_01449,2023-10-04,2352.62,Pro Plan,completed,Google_Search,North,tablet
TXN_559437,USR_01449,2023-10-27,822.32,Basic Plan,completed,Google_Search,North,desktop
TXN_662625,USR_01450,2023-04-07,5291.23,Enterprise Plan,completed,Google_Search,East,desktop
TXN_289974,USR_01450,2023-04-30,7109.62,Enterprise Plan,completed,Google_Search,East,desktop
TXN_109771,USR_01451,2023-03-23,2434.41,Pro Plan,completed,Meta_Facebook,South,mobile
TXN_325995,USR_01451,2023-04-13,2995.0,One-Time Purchase,completed,Meta_Facebook,South,mobile
TXN_591201,USR_01451,2023-05-03,1794.9,Pro Plan,completed,Meta_Facebook,South,desktop
TXN_558793,USR_01452,2023-02-04,9663.07,Enterprise Plan,completed,Google_Search,West,desktop
TXN_281991,USR_01453,2023-11-09,2846.97,Pro Plan,completed,TikTok,East,desktop
TXN_342043,USR_01453,2023-12-22,969.78,Basic Plan,completed,TikTok,East,tablet
TXN_930895,USR_01454,2023-05-13,607.39,Basic Plan,failed,Organic,South,mobile
TXN_948821,USR_01454,2023-06-04,7291.26,Enterprise Plan,refunded,Organic,South,tablet
TXN_935787,USR_01454,2023-06-25,2935.42,Pro Plan,failed,Organic,South,mobile
TXN_533677,USR_01454,2023-08-02,5291.45,Enterprise Plan,failed,Organic,South,desktop
TXN_619246,USR_01455,2023-12-05,3317.31,One-Time Purchase,failed,TikTok,West,desktop
TXN_505083,USR_01455,2024-01-10,2887.49,Pro Plan,completed,TikTok,West,desktop
TXN_759472,USR_01456,2023-11-24,2681.93,Pro Plan,completed,TikTok,South,mobile
TXN_727884,USR_01456,2024-01-04,588.94,Basic Plan,completed,TikTok,South,mobile
TXN_875419,USR_01457,2023-06-25,9573.29,Enterprise Plan,failed,Organic,West,mobile
TXN_933019,USR_01457,2023-07-30,2176.05,Pro Plan,completed,Organic,West,mobile
TXN_656705,USR_01457,2023-08-25,988.66,Basic Plan,completed,Organic,West,desktop
TXN_536132,USR_01457,2023-10-16,9911.6,Enterprise Plan,refunded,Organic,West,tablet
TXN_964424,USR_01457,2023-12-14,726.21,Basic Plan,completed,Organic,West,desktop
TXN_747234,USR_01458,2023-05-30,5516.85,Enterprise Plan,refunded,Google_Search,South,desktop
TXN_617987,USR_01458,2023-07-11,8675.09,Enterprise Plan,completed,Google_Search,South,mobile
TXN_366891,USR_01458,2023-08-11,4742.13,One-Time Purchase,failed,Google_Search,South,mobile
TXN_256923,USR_01459,2023-04-23,1531.2,Pro Plan,completed,TikTok,West,mobile
TXN_950299,USR_01459,2023-05-20,3490.9,One-Time Purchase,failed,TikTok,West,desktop
TXN_408729,USR_01460,2023-07-15,1802.54,Pro Plan,completed,Meta_Facebook,South,desktop
TXN_121820,USR_01461,2023-08-15,5057.72,Enterprise Plan,completed,Google_Search,East,mobile
TXN_298670,USR_01462,2023-11-11,805.04,Basic Plan,completed,Organic,Central,tablet
TXN_789892,USR_01462,2023-12-29,2094.89,Pro Plan,failed,Organic,Central,mobile
TXN_597198,USR_01463,2023-11-03,5923.93,Enterprise Plan,completed,Email,West,desktop
TXN_538683,USR_01463,2023-12-03,7835.19,Enterprise Plan,completed,Email,West,mobile
TXN_240321,USR_01463,2024-01-17,569.88,Basic Plan,refunded,Email,West,mobile
TXN_328973,USR_01464,2023-03-22,534.67,Basic Plan,completed,Meta_Facebook,Central,mobile
TXN_855186,USR_01465,2023-06-11,1447.51,One-Time Purchase,failed,TikTok,West,mobile
TXN_144821,USR_01465,2023-07-27,8319.4,Enterprise Plan,completed,TikTok,West,desktop
TXN_777702,USR_01465,2023-09-09,8116.51,Enterprise Plan,completed,TikTok,West,tablet
TXN_660393,USR_01466,2023-04-10,520.8,Basic Plan,refunded,Meta_Facebook,North,mobile
TXN_198944,USR_01466,2023-05-10,587.39,Basic Plan,completed,Meta_Facebook,North,mobile
TXN_845777,USR_01466,2023-06-03,7555.81,Enterprise Plan,completed,Meta_Facebook,North,desktop
TXN_623767,USR_01466,2023-07-27,2853.17,One-Time Purchase,refunded,Meta_Facebook,North,desktop
TXN_161328,USR_01467,2023-06-02,6309.72,Enterprise Plan,refunded,Google_Search,North,desktop
TXN_622010,USR_01468,2023-03-10,2354.03,Pro Plan,refunded,Google_Search,North,desktop
TXN_443190,USR_01468,2023-05-09,2746.86,Pro Plan,refunded,Google_Search,North,tablet
TXN_410582,USR_01469,2023-05-25,3702.84,One-Time Purchase,completed,Organic,East,tablet
TXN_947944,USR_01469,2023-06-25,2571.29,Pro Plan,completed,Organic,East,mobile
TXN_147680,USR_01470,2023-04-02,651.82,Basic Plan,completed,Google_Search,South,desktop
TXN_910009,USR_01471,2023-09-30,4706.01,One-Time Purchase,refunded,Meta_Facebook,North,tablet
TXN_716696,USR_01471,2023-10-27,1020.09,One-Time Purchase,completed,Meta_Facebook,North,tablet
TXN_216280,USR_01472,2023-05-23,2269.53,Pro Plan,completed,TikTok,Central,tablet
TXN_529728,USR_01472,2023-07-17,2811.78,Pro Plan,completed,TikTok,Central,mobile
TXN_884330,USR_01473,2023-12-19,672.92,Basic Plan,completed,Meta_Facebook,North,mobile
TXN_437395,USR_01474,2023-10-04,2808.45,Pro Plan,completed,Email,South,tablet
TXN_346355,USR_01474,2023-10-26,1904.23,Pro Plan,refunded,Email,South,tablet
TXN_659920,USR_01475,2023-10-11,528.82,Basic Plan,completed,Meta_Facebook,West,tablet
TXN_999462,USR_01475,2023-11-27,3853.55,One-Time Purchase,completed,Meta_Facebook,West,mobile
TXN_527304,USR_01476,2023-04-16,1820.74,Pro Plan,completed,TikTok,Central,tablet
TXN_950736,USR_01476,2023-05-11,940.64,Basic Plan,refunded,TikTok,Central,desktop
TXN_299095,USR_01477,2023-02-23,499.41,Basic Plan,completed,Meta_Facebook,West,mobile
TXN_866603,USR_01478,2023-04-13,835.51,Basic Plan,refunded,Meta_Facebook,Central,mobile
TXN_834335,USR_01479,2023-08-25,8540.24,Enterprise Plan,failed,TikTok,North,mobile
TXN_858489,USR_01480,2023-09-04,710.25,Basic Plan,failed,Organic,West,desktop
TXN_359378,USR_01480,2023-10-31,927.15,Basic Plan,completed,Organic,West,mobile
TXN_828543,USR_01481,2023-11-15,847.86,One-Time Purchase,refunded,Meta_Facebook,West,mobile
TXN_286851,USR_01482,2023-08-03,6748.72,Enterprise Plan,completed,TikTok,Central,tablet
TXN_741346,USR_01483,2023-03-19,2808.17,One-Time Purchase,completed,Organic,West,desktop
TXN_692974,USR_01484,2023-03-12,8082.71,Enterprise Plan,refunded,Email,West,mobile
TXN_767378,USR_01484,2023-04-22,8354.81,Enterprise Plan,failed,Email,West,mobile
TXN_249652,USR_01485,2023-03-11,1559.15,One-Time Purchase,completed,TikTok,Central,tablet
TXN_748791,USR_01486,2023-07-30,881.23,Basic Plan,refunded,Organic,Central,desktop
TXN_579497,USR_01486,2023-09-19,775.62,Basic Plan,refunded,Organic,Central,desktop
TXN_398033,USR_01486,2023-11-09,8426.92,Enterprise Plan,refunded,Organic,Central,desktop
TXN_988122,USR_01486,2023-12-16,2703.09,Pro Plan,refunded,Organic,Central,desktop
TXN_662492,USR_01487,2023-05-05,2097.0,Pro Plan,refunded,Email,West,tablet
TXN_930823,USR_01488,2023-05-30,6449.08,Enterprise Plan,completed,TikTok,Central,tablet
TXN_976288,USR_01489,2023-03-27,9823.26,Enterprise Plan,completed,TikTok,West,mobile
TXN_679733,USR_01490,2023-03-25,697.35,Basic Plan,completed,Organic,South,tablet
TXN_475987,USR_01490,2023-04-17,1904.84,Pro Plan,completed,Organic,South,tablet
TXN_799145,USR_01491,2023-01-01,663.94,Basic Plan,completed,TikTok,Central,tablet
TXN_211134,USR_01491,2023-02-25,1529.98,One-Time Purchase,failed,TikTok,Central,tablet
TXN_100662,USR_01492,2023-05-02,9574.99,Enterprise Plan,completed,Google_Search,South,mobile
TXN_506221,USR_01493,2023-07-19,1524.93,Pro Plan,completed,Organic,North,desktop
TXN_627070,USR_01494,2023-10-17,2408.48,One-Time Purchase,completed,Meta_Facebook,West,desktop
TXN_886558,USR_01495,2023-09-29,514.62,Basic Plan,failed,Organic,South,mobile
TXN_409986,USR_01495,2023-11-15,522.8,Basic Plan,completed,Organic,South,desktop
TXN_797581,USR_01495,2023-12-21,695.7,Basic Plan,completed,Organic,South,desktop
TXN_222504,USR_01496,2023-07-25,687.91,Basic Plan,completed,Email,South,desktop
TXN_996646,USR_01497,2023-08-12,3909.16,One-Time Purchase,completed,Organic,South,mobile
TXN_623138,USR_01498,2023-06-19,4026.7,One-Time Purchase,completed,Meta_Facebook,South,desktop
TXN_558304,USR_01499,2023-06-05,7985.44,Enterprise Plan,refunded,TikTok,East,desktop
TXN_106403,USR_01499,2023-07-05,2300.57,Pro Plan,completed,TikTok,East,desktop
TXN_159094,USR_01500,2023-05-28,582.11,Basic Plan,refunded,Email,East,mobile
TXN_851966,USR_01500,2023-07-02,2918.76,Pro Plan,completed,Email,East,desktop
TXN_662111,USR_01501,2023-11-24,2137.4,Pro Plan,completed,Meta_Facebook,West,tablet
TXN_289734,USR_01502,2023-11-13,7769.72,Enterprise Plan,completed,Email,Central,tablet
TXN_206328,USR_01502,2023-12-22,5698.72,Enterprise Plan,completed,Email,Central,desktop
TXN_154762,USR_01503,2023-06-17,611.83,One-Time Purchase,completed,Organic,East,tablet
TXN_570010,USR_01503,2023-08-16,7995.43,Enterprise Plan,completed,Organic,East,desktop
TXN_909896,USR_01504,2023-06-07,8192.14,Enterprise Plan,completed,Email,West,mobile
TXN_224867,USR_01504,2023-07-16,5559.67,Enterprise Plan,completed,Email,West,desktop
TXN_988568,USR_01504,2023-09-11,1236.36,One-Time Purchase,completed,Email,West,tablet
TXN_131756,USR_01504,2023-10-14,2231.5,Pro Plan,refunded,Email,West,mobile
TXN_821819,USR_01505,2023-04-10,689.79,One-Time Purchase,completed,Google_Search,Central,mobile
TXN_660933,USR_01506,2023-09-24,755.49,Basic Plan,refunded,TikTok,South,mobile
TXN_305834,USR_01506,2023-11-18,2218.88,Pro Plan,completed,TikTok,South,mobile
TXN_825100,USR_01507,2023-08-11,5906.7,Enterprise Plan,completed,Meta_Facebook,East,desktop
TXN_337425,USR_01507,2023-09-26,2888.87,Pro Plan,failed,Meta_Facebook,East,desktop
TXN_297123,USR_01508,2023-09-20,7123.28,Enterprise Plan,completed,Google_Search,North,desktop
TXN_948373,USR_01509,2023-09-12,4686.52,One-Time Purchase,refunded,Google_Search,West,desktop
TXN_369434,USR_01510,2023-06-08,2380.49,Pro Plan,refunded,Meta_Facebook,South,desktop
TXN_724508,USR_01511,2023-05-15,555.08,Basic Plan,refunded,Email,North,tablet
TXN_843304,USR_01512,2023-06-24,2747.99,Pro Plan,failed,Organic,South,desktop
TXN_782152,USR_01513,2023-03-25,9522.01,Enterprise Plan,completed,Google_Search,North,desktop
TXN_744949,USR_01513,2023-05-08,8095.27,Enterprise Plan,failed,Google_Search,North,tablet
TXN_698752,USR_01514,2023-08-13,1843.39,One-Time Purchase,failed,Meta_Facebook,Central,desktop
TXN_287852,USR_01514,2023-10-05,920.29,Basic Plan,completed,Meta_Facebook,Central,mobile
TXN_296640,USR_01515,2023-10-26,1947.86,Pro Plan,refunded,Organic,Central,tablet
TXN_413785,USR_01516,2023-08-20,8752.06,Enterprise Plan,refunded,Google_Search,West,desktop
TXN_648481,USR_01517,2023-06-18,2631.8,One-Time Purchase,completed,Google_Search,East,desktop
TXN_131126,USR_01517,2023-08-10,2588.18,Pro Plan,failed,Google_Search,East,mobile
TXN_974818,USR_01518,2023-08-11,2413.63,Pro Plan,completed,TikTok,North,tablet
TXN_873732,USR_01518,2023-09-05,7881.19,Enterprise Plan,completed,TikTok,North,tablet
TXN_488399,USR_01519,2023-12-03,2498.65,One-Time Purchase,completed,TikTok,South,desktop
TXN_193774,USR_01520,2023-08-06,2733.67,Pro Plan,completed,Organic,Central,tablet
TXN_513730,USR_01521,2023-10-03,5974.79,Enterprise Plan,failed,Google_Search,West,mobile
TXN_231753,USR_01522,2023-03-04,504.22,Basic Plan,refunded,Google_Search,Central,tablet
TXN_858652,USR_01522,2023-04-23,6746.81,Enterprise Plan,completed,Google_Search,Central,desktop
TXN_163959,USR_01523,2023-12-20,520.36,Basic Plan,completed,TikTok,East,mobile
TXN_459924,USR_01523,2024-01-28,1269.95,One-Time Purchase,completed,TikTok,East,tablet
TXN_182696,USR_01524,2023-09-29,956.35,One-Time Purchase,completed,Organic,South,mobile
TXN_470388,USR_01524,2023-11-10,2970.24,One-Time Purchase,completed,Organic,South,mobile
TXN_437386,USR_01524,2024-01-08,812.32,Basic Plan,refunded,Organic,South,desktop
TXN_351038,USR_01525,2023-05-30,9302.87,Enterprise Plan,completed,Organic,South,tablet
TXN_811818,USR_01526,2023-07-02,1662.83,One-Time Purchase,completed,Email,North,tablet
TXN_671161,USR_01527,2023-09-18,2184.4,Pro Plan,completed,Meta_Facebook,West,tablet
TXN_285691,USR_01528,2023-11-29,9569.56,Enterprise Plan,completed,Organic,West,tablet
TXN_532232,USR_01529,2023-02-12,907.5,Basic Plan,failed,Organic,East,mobile
TXN_414167,USR_01530,2023-11-16,7676.07,Enterprise Plan,failed,Organic,East,desktop
TXN_298085,USR_01530,2023-12-22,9815.67,Enterprise Plan,completed,Organic,East,tablet
TXN_318660,USR_01531,2023-03-11,5712.55,Enterprise Plan,completed,Organic,South,desktop
TXN_221696,USR_01532,2023-03-10,8381.16,Enterprise Plan,completed,TikTok,North,tablet
TXN_703292,USR_01532,2023-05-06,8970.23,Enterprise Plan,completed,TikTok,North,desktop
TXN_630219,USR_01533,2023-08-03,783.83,Basic Plan,completed,Organic,West,tablet
TXN_348648,USR_01534,2023-09-18,5558.43,Enterprise Plan,failed,Organic,East,desktop
TXN_122306,USR_01535,2023-08-21,1548.65,One-Time Purchase,completed,Meta_Facebook,West,tablet
TXN_312960,USR_01536,2023-10-14,8877.3,Enterprise Plan,completed,Google_Search,North,desktop
TXN_783566,USR_01537,2023-09-25,2321.57,Pro Plan,completed,Google_Search,Central,tablet
TXN_114600,USR_01538,2023-04-24,8803.9,Enterprise Plan,completed,Meta_Facebook,South,desktop
TXN_218192,USR_01538,2023-05-20,801.52,Basic Plan,refunded,Meta_Facebook,South,desktop
TXN_377356,USR_01539,2023-11-23,2092.85,Pro Plan,completed,Organic,North,mobile
TXN_572079,USR_01540,2023-02-04,861.08,Basic Plan,completed,Meta_Facebook,South,desktop
TXN_841632,USR_01540,2023-03-04,5330.42,Enterprise Plan,completed,Meta_Facebook,South,tablet
TXN_918710,USR_01541,2023-09-11,1738.34,Pro Plan,completed,TikTok,East,mobile
TXN_251202,USR_01542,2023-01-31,976.38,Basic Plan,completed,TikTok,West,desktop
TXN_702235,USR_01543,2023-01-15,2615.61,Pro Plan,completed,TikTok,Central,desktop
TXN_982882,USR_01543,2023-02-17,5389.64,Enterprise Plan,completed,TikTok,Central,desktop
TXN_777051,USR_01543,2023-03-18,631.51,Basic Plan,failed,TikTok,Central,tablet
TXN_154125,USR_01543,2023-04-20,552.94,Basic Plan,refunded,TikTok,Central,mobile
TXN_256562,USR_01544,2023-09-27,1574.39,Pro Plan,completed,Organic,North,tablet
TXN_916878,USR_01544,2023-11-11,1583.14,Pro Plan,completed,Organic,North,mobile
TXN_529150,USR_01545,2023-05-02,784.62,Basic Plan,completed,Organic,West,tablet
TXN_428192,USR_01545,2023-06-28,7323.23,Enterprise Plan,refunded,Organic,West,mobile
TXN_112922,USR_01545,2023-07-21,1703.84,Pro Plan,refunded,Organic,West,mobile
TXN_786134,USR_01546,2023-08-25,593.75,Basic Plan,completed,Meta_Facebook,Central,desktop
TXN_693883,USR_01546,2023-09-24,601.1,Basic Plan,completed,Meta_Facebook,Central,mobile
TXN_431573,USR_01547,2023-02-08,1678.93,Pro Plan,completed,Organic,West,tablet
TXN_576879,USR_01548,2023-02-27,735.98,Basic Plan,completed,Organic,North,desktop
TXN_965130,USR_01548,2023-04-07,990.63,Basic Plan,completed,Organic,North,mobile
TXN_197352,USR_01548,2023-05-16,1774.5,Pro Plan,completed,Organic,North,tablet
TXN_382987,USR_01549,2023-07-23,1821.01,Pro Plan,refunded,Google_Search,South,mobile
TXN_936591,USR_01550,2023-12-07,8708.54,Enterprise Plan,completed,Google_Search,Central,desktop
TXN_541100,USR_01550,2024-01-07,603.12,Basic Plan,completed,Google_Search,Central,tablet
TXN_593171,USR_01550,2024-03-07,611.32,Basic Plan,completed,Google_Search,Central,desktop
TXN_967341,USR_01551,2023-11-05,1904.52,Pro Plan,completed,Email,Central,tablet
TXN_210906,USR_01552,2023-07-03,690.13,Basic Plan,completed,TikTok,Central,mobile
TXN_524257,USR_01553,2023-06-13,2707.13,Pro Plan,refunded,TikTok,Central,tablet
TXN_807227,USR_01554,2023-10-02,4017.47,One-Time Purchase,refunded,Organic,East,desktop
TXN_624497,USR_01554,2023-10-30,4994.9,One-Time Purchase,completed,Organic,East,tablet
TXN_341928,USR_01554,2023-12-06,5117.18,Enterprise Plan,failed,Organic,East,desktop
TXN_236974,USR_01555,2023-10-17,1669.41,One-Time Purchase,refunded,Google_Search,Central,mobile
TXN_901207,USR_01556,2023-08-12,2984.02,One-Time Purchase,failed,Email,North,tablet
TXN_392135,USR_01557,2023-04-14,2677.13,Pro Plan,completed,Organic,Central,tablet
TXN_628660,USR_01557,2023-05-21,7244.24,Enterprise Plan,completed,Organic,Central,mobile
TXN_296599,USR_01557,2023-06-17,1796.24,One-Time Purchase,completed,Organic,Central,mobile
TXN_615551,USR_01558,2024-01-01,1797.95,Pro Plan,failed,Google_Search,South,tablet
TXN_119056,USR_01559,2023-07-03,1501.97,Pro Plan,completed,Email,North,tablet
TXN_575463,USR_01559,2023-08-25,8717.88,Enterprise Plan,completed,Email,North,mobile
TXN_699509,USR_01559,2023-10-21,500.68,Basic Plan,refunded,Email,North,tablet
TXN_124266,USR_01559,2023-11-15,702.1,Basic Plan,completed,Email,North,tablet
TXN_311331,USR_01560,2023-02-17,1707.3,Pro Plan,completed,Organic,Central,desktop
TXN_453200,USR_01561,2023-10-23,340.86,One-Time Purchase,failed,Organic,Central,desktop
TXN_356842,USR_01562,2023-10-06,4998.88,One-Time Purchase,completed,Google_Search,Central,mobile
TXN_555671,USR_01562,2023-10-29,8420.48,Enterprise Plan,completed,Google_Search,Central,mobile
TXN_733475,USR_01563,2023-05-06,658.17,Basic Plan,failed,Organic,North,tablet
TXN_766812,USR_01564,2023-06-18,2958.17,Pro Plan,completed,TikTok,South,desktop
TXN_391225,USR_01564,2023-07-08,1984.91,Pro Plan,completed,TikTok,South,desktop
TXN_736705,USR_01564,2023-08-23,6874.31,Enterprise Plan,refunded,TikTok,South,tablet
TXN_563068,USR_01564,2023-09-28,9315.15,Enterprise Plan,completed,TikTok,South,mobile
TXN_856041,USR_01564,2023-10-21,1899.49,Pro Plan,failed,TikTok,South,mobile
TXN_568439,USR_01565,2023-03-13,2477.93,Pro Plan,refunded,TikTok,North,tablet
TXN_621017,USR_01566,2023-03-18,7502.99,Enterprise Plan,completed,Organic,South,desktop
TXN_768124,USR_01567,2023-12-19,2683.5,Pro Plan,completed,Email,South,mobile
TXN_118241,USR_01567,2024-02-03,2015.66,Pro Plan,completed,Email,South,mobile
TXN_246265,USR_01567,2024-03-12,995.25,Basic Plan,refunded,Email,South,tablet
TXN_758864,USR_01567,2024-04-22,842.31,Basic Plan,completed,Email,South,mobile
TXN_163787,USR_01568,2023-06-27,836.78,One-Time Purchase,completed,TikTok,North,desktop
TXN_124674,USR_01568,2023-08-24,631.25,Basic Plan,completed,TikTok,North,mobile
TXN_190875,USR_01568,2023-09-18,2282.56,Pro Plan,completed,TikTok,North,mobile
TXN_130791,USR_01569,2023-03-31,674.42,Basic Plan,completed,Meta_Facebook,South,tablet
TXN_954481,USR_01570,2023-07-11,3830.72,One-Time Purchase,completed,Google_Search,West,tablet
TXN_786913,USR_01570,2023-08-16,984.32,Basic Plan,completed,Google_Search,West,mobile
TXN_449067,USR_01571,2023-08-03,552.54,Basic Plan,completed,Meta_Facebook,East,mobile
TXN_615708,USR_01571,2023-08-23,2945.06,Pro Plan,completed,Meta_Facebook,East,mobile
TXN_660734,USR_01571,2023-09-28,689.45,One-Time Purchase,completed,Meta_Facebook,East,mobile
TXN_634131,USR_01572,2023-02-21,2428.4,One-Time Purchase,completed,Meta_Facebook,West,desktop
TXN_751586,USR_01573,2023-07-18,1913.09,Pro Plan,completed,Email,West,desktop
TXN_794567,USR_01574,2023-08-15,2494.28,One-Time Purchase,completed,TikTok,East,mobile
TXN_532832,USR_01574,2023-10-11,2041.41,Pro Plan,completed,TikTok,East,mobile
TXN_231652,USR_01574,2023-12-02,4968.08,One-Time Purchase,completed,TikTok,East,mobile
TXN_674288,USR_01575,2023-04-18,4428.91,One-Time Purchase,completed,Email,North,mobile
TXN_984449,USR_01575,2023-05-15,8952.15,Enterprise Plan,completed,Email,North,desktop
TXN_791981,USR_01576,2023-07-02,1524.79,Pro Plan,completed,Meta_Facebook,East,tablet
TXN_677168,USR_01577,2023-11-26,3937.32,One-Time Purchase,refunded,Google_Search,North,mobile
TXN_549875,USR_01577,2024-01-18,1502.78,Pro Plan,failed,Google_Search,North,mobile
TXN_641922,USR_01578,2023-06-07,2585.02,Pro Plan,refunded,Meta_Facebook,East,desktop
TXN_464187,USR_01579,2023-10-02,9329.86,Enterprise Plan,completed,Google_Search,West,mobile
TXN_392516,USR_01580,2023-04-04,5979.37,Enterprise Plan,failed,Google_Search,South,mobile
TXN_153433,USR_01580,2023-05-05,558.23,Basic Plan,completed,Google_Search,South,desktop
TXN_865440,USR_01581,2023-09-28,967.7,One-Time Purchase,failed,Organic,North,tablet
TXN_832815,USR_01581,2023-11-19,600.32,Basic Plan,completed,Organic,North,mobile
TXN_134009,USR_01582,2023-10-09,543.73,Basic Plan,completed,TikTok,Central,mobile
TXN_620494,USR_01583,2023-04-18,1659.41,Pro Plan,failed,Email,West,tablet
TXN_263145,USR_01584,2023-08-27,941.31,Basic Plan,completed,TikTok,West,desktop
TXN_986467,USR_01585,2023-12-17,789.92,Basic Plan,completed,TikTok,North,tablet
TXN_457277,USR_01586,2023-06-18,602.02,Basic Plan,completed,Email,North,mobile
TXN_685222,USR_01586,2023-07-29,510.32,Basic Plan,completed,Email,North,tablet
TXN_727828,USR_01587,2023-12-13,945.73,One-Time Purchase,completed,Organic,Central,mobile
TXN_823789,USR_01588,2023-04-27,712.38,Basic Plan,refunded,Organic,North,tablet
TXN_912535,USR_01589,2023-08-29,1480.18,One-Time Purchase,completed,Meta_Facebook,South,mobile
TXN_569142,USR_01589,2023-10-22,9186.51,Enterprise Plan,completed,Meta_Facebook,South,desktop
TXN_624813,USR_01590,2023-01-04,8920.89,Enterprise Plan,completed,Meta_Facebook,East,mobile
TXN_323647,USR_01591,2023-01-08,2696.6,Pro Plan,completed,Meta_Facebook,East,desktop
TXN_927685,USR_01591,2023-02-08,694.35,Basic Plan,completed,Meta_Facebook,East,desktop
TXN_120890,USR_01592,2023-07-15,6991.05,Enterprise Plan,completed,TikTok,East,desktop
TXN_830838,USR_01593,2023-07-02,2366.1,Pro Plan,completed,Google_Search,West,tablet
TXN_412676,USR_01593,2023-07-31,866.9,Basic Plan,completed,Google_Search,West,mobile
TXN_148675,USR_01594,2023-07-18,607.79,Basic Plan,completed,Google_Search,North,tablet
TXN_668149,USR_01595,2023-03-22,2365.83,Pro Plan,completed,Email,South,desktop
TXN_874467,USR_01595,2023-05-13,504.11,Basic Plan,completed,Email,South,desktop
TXN_486191,USR_01596,2023-11-04,1569.28,Pro Plan,completed,Google_Search,North,mobile
TXN_676768,USR_01596,2023-12-18,8817.25,Enterprise Plan,failed,Google_Search,North,desktop
TXN_198012,USR_01597,2023-05-06,1963.79,Pro Plan,completed,Meta_Facebook,Central,mobile
TXN_622892,USR_01597,2023-06-15,939.23,Basic Plan,completed,Meta_Facebook,Central,desktop
TXN_678614,USR_01598,2023-03-21,659.03,Basic Plan,completed,Organic,Central,desktop
TXN_946389,USR_01599,2023-02-26,4564.75,One-Time Purchase,completed,Meta_Facebook,Central,mobile
TXN_631302,USR_01599,2023-03-26,8824.38,Enterprise Plan,completed,Meta_Facebook,Central,mobile
TXN_147830,USR_01600,2023-06-24,4313.19,One-Time Purchase,failed,Email,East,tablet
TXN_260965,USR_01600,2023-08-21,2600.53,Pro Plan,completed,Email,East,desktop
TXN_167798,USR_01601,2023-07-09,963.33,One-Time Purchase,completed,Email,West,desktop
TXN_586377,USR_01601,2023-08-04,1590.72,Pro Plan,refunded,Email,West,mobile
TXN_327030,USR_01602,2023-05-15,3422.52,One-Time Purchase,completed,Organic,Central,mobile
TXN_563785,USR_01602,2023-07-05,2294.11,Pro Plan,completed,Organic,Central,desktop
TXN_281150,USR_01603,2023-09-15,533.11,One-Time Purchase,refunded,Email,West,desktop
TXN_974413,USR_01604,2023-07-21,1172.9,One-Time Purchase,refunded,TikTok,West,desktop
TXN_566951,USR_01604,2023-08-12,1477.16,One-Time Purchase,completed,TikTok,West,tablet
TXN_520360,USR_01605,2023-03-15,6040.23,Enterprise Plan,refunded,Organic,North,desktop
TXN_736885,USR_01606,2023-07-03,3692.57,One-Time Purchase,completed,TikTok,South,mobile
TXN_450862,USR_01607,2023-12-22,1763.55,Pro Plan,failed,Google_Search,East,desktop
TXN_650320,USR_01607,2024-01-26,8940.03,Enterprise Plan,failed,Google_Search,East,tablet
TXN_914231,USR_01608,2023-10-23,2315.6,One-Time Purchase,completed,Organic,North,mobile
TXN_872533,USR_01608,2023-12-02,7056.47,Enterprise Plan,completed,Organic,North,desktop
TXN_715195,USR_01609,2023-08-26,5792.93,Enterprise Plan,completed,Organic,East,tablet
TXN_600020,USR_01609,2023-09-16,5734.81,Enterprise Plan,completed,Organic,East,mobile
TXN_774721,USR_01610,2023-03-08,852.08,Basic Plan,completed,Organic,South,mobile
TXN_782883,USR_01610,2023-04-27,916.96,Basic Plan,completed,Organic,South,desktop
TXN_746749,USR_01611,2023-09-09,888.72,Basic Plan,completed,Google_Search,West,tablet
TXN_705158,USR_01611,2023-10-22,9184.75,Enterprise Plan,completed,Google_Search,West,tablet
TXN_706690,USR_01611,2023-11-25,2909.0,Pro Plan,completed,Google_Search,West,mobile
TXN_533280,USR_01612,2023-04-17,948.24,Basic Plan,failed,TikTok,South,tablet
TXN_381686,USR_01612,2023-06-11,5920.92,Enterprise Plan,completed,TikTok,South,desktop
TXN_587119,USR_01612,2023-07-05,933.18,Basic Plan,completed,TikTok,South,mobile
TXN_459067,USR_01613,2023-04-21,4468.34,One-Time Purchase,completed,Google_Search,West,tablet
TXN_292455,USR_01614,2023-05-30,2118.9,Pro Plan,completed,TikTok,South,desktop
TXN_267677,USR_01614,2023-07-06,2778.22,Pro Plan,completed,TikTok,South,tablet
TXN_877448,USR_01615,2023-08-10,2935.85,Pro Plan,completed,Meta_Facebook,Central,desktop
TXN_957340,USR_01616,2023-06-16,8077.91,Enterprise Plan,refunded,Email,North,tablet
TXN_233400,USR_01616,2023-07-26,2606.24,Pro Plan,completed,Email,North,desktop
TXN_962187,USR_01617,2023-09-10,2841.21,Pro Plan,completed,Meta_Facebook,Central,desktop
TXN_956795,USR_01617,2023-10-14,648.23,Basic Plan,refunded,Meta_Facebook,Central,desktop
TXN_964092,USR_01618,2023-01-31,2156.12,One-Time Purchase,completed,Meta_Facebook,West,mobile
TXN_757039,USR_01619,2023-10-11,1543.44,One-Time Purchase,failed,Email,East,tablet
TXN_555972,USR_01619,2023-11-23,751.83,Basic Plan,refunded,Email,East,desktop
TXN_797415,USR_01620,2023-09-11,1565.89,Pro Plan,completed,Email,West,tablet
TXN_489444,USR_01621,2023-02-22,1778.26,Pro Plan,completed,TikTok,South,desktop
TXN_713187,USR_01622,2023-05-02,7710.07,Enterprise Plan,completed,TikTok,North,mobile
TXN_356564,USR_01623,2023-06-28,1508.84,Pro Plan,completed,Meta_Facebook,South,desktop
TXN_460765,USR_01623,2023-07-22,9528.34,Enterprise Plan,completed,Meta_Facebook,South,mobile
TXN_709112,USR_01624,2023-04-26,612.02,Basic Plan,completed,Email,East,tablet
TXN_408850,USR_01625,2023-05-26,1788.12,Pro Plan,completed,Meta_Facebook,Central,mobile
TXN_876385,USR_01626,2023-10-31,672.41,Basic Plan,failed,Organic,South,tablet
TXN_269546,USR_01627,2023-11-27,8762.29,Enterprise Plan,completed,Meta_Facebook,North,tablet
TXN_428263,USR_01627,2023-12-20,8755.78,Enterprise Plan,completed,Meta_Facebook,North,tablet
TXN_604493,USR_01628,2023-01-29,2186.0,One-Time Purchase,completed,Google_Search,South,desktop
TXN_772050,USR_01629,2023-05-23,1155.59,One-Time Purchase,completed,Meta_Facebook,North,mobile
TXN_514736,USR_01630,2023-10-17,791.98,Basic Plan,completed,Meta_Facebook,West,desktop
TXN_996501,USR_01631,2023-02-21,901.11,One-Time Purchase,completed,Organic,East,desktop
TXN_248758,USR_01631,2023-04-12,1482.81,One-Time Purchase,completed,Organic,East,tablet
TXN_266030,USR_01632,2023-08-06,501.25,Basic Plan,refunded,Google_Search,West,tablet
TXN_165844,USR_01633,2023-06-11,1748.32,Pro Plan,completed,Meta_Facebook,East,desktop
TXN_320079,USR_01634,2023-12-20,657.9,Basic Plan,completed,Meta_Facebook,East,tablet
TXN_982183,USR_01634,2024-01-17,648.76,Basic Plan,failed,Meta_Facebook,East,mobile
TXN_492546,USR_01635,2023-09-06,7329.69,Enterprise Plan,completed,TikTok,West,tablet
TXN_436945,USR_01636,2023-03-20,8140.41,Enterprise Plan,failed,Google_Search,Central,tablet
TXN_616643,USR_01637,2023-10-30,2614.4,One-Time Purchase,completed,Meta_Facebook,North,tablet
TXN_747507,USR_01638,2023-04-12,1964.16,One-Time Purchase,completed,Meta_Facebook,South,mobile
TXN_160114,USR_01638,2023-05-12,9799.18,Enterprise Plan,completed,Meta_Facebook,South,tablet
TXN_833448,USR_01639,2023-07-03,2957.99,Pro Plan,completed,TikTok,Central,desktop
TXN_379052,USR_01639,2023-08-22,1525.98,Pro Plan,refunded,TikTok,Central,desktop
TXN_918035,USR_01639,2023-10-11,2042.62,Pro Plan,completed,TikTok,Central,tablet
TXN_109041,USR_01640,2023-02-11,1757.92,Pro Plan,completed,TikTok,West,mobile
TXN_568946,USR_01640,2023-04-06,1088.61,One-Time Purchase,completed,TikTok,West,mobile
TXN_931435,USR_01641,2023-10-29,924.54,Basic Plan,completed,Email,South,mobile
TXN_734896,USR_01642,2023-05-06,2390.03,Pro Plan,completed,Email,North,tablet
TXN_517859,USR_01642,2023-06-21,485.86,One-Time Purchase,completed,Email,North,mobile
TXN_600395,USR_01643,2023-06-25,1211.76,One-Time Purchase,completed,Google_Search,Central,desktop
TXN_873140,USR_01643,2023-07-17,2420.78,Pro Plan,completed,Google_Search,Central,mobile
TXN_749264,USR_01643,2023-09-11,8814.08,Enterprise Plan,refunded,Google_Search,Central,mobile
TXN_332986,USR_01643,2023-10-09,739.14,One-Time Purchase,refunded,Google_Search,Central,desktop
TXN_435933,USR_01644,2023-08-03,2582.51,One-Time Purchase,completed,Google_Search,Central,desktop
TXN_597026,USR_01644,2023-09-09,4204.48,One-Time Purchase,completed,Google_Search,Central,desktop
TXN_585520,USR_01645,2023-04-22,785.22,Basic Plan,completed,TikTok,East,mobile
TXN_253735,USR_01646,2023-04-13,4181.96,One-Time Purchase,failed,Email,West,mobile
TXN_113034,USR_01646,2023-05-10,2678.75,Pro Plan,completed,Email,West,tablet
TXN_850168,USR_01647,2023-11-13,1707.45,One-Time Purchase,completed,Email,East,mobile
TXN_306178,USR_01647,2023-12-27,5580.52,Enterprise Plan,failed,Email,East,desktop
TXN_888583,USR_01648,2023-04-02,7382.04,Enterprise Plan,completed,Organic,West,mobile
TXN_958562,USR_01649,2023-04-17,2434.51,Pro Plan,completed,Email,Central,desktop
TXN_976497,USR_01650,2023-08-31,391.93,One-Time Purchase,completed,Email,East,desktop
TXN_687582,USR_01651,2023-04-07,940.1,Basic Plan,completed,Meta_Facebook,East,mobile
TXN_276389,USR_01651,2023-05-25,5387.85,Enterprise Plan,completed,Meta_Facebook,East,mobile
TXN_963937,USR_01651,2023-07-01,8979.65,Enterprise Plan,refunded,Meta_Facebook,East,desktop
TXN_910246,USR_01652,2023-10-21,2037.4,Pro Plan,completed,Email,West,tablet
TXN_394517,USR_01653,2023-07-09,2928.24,One-Time Purchase,completed,Meta_Facebook,West,tablet
TXN_166290,USR_01653,2023-08-27,3748.53,One-Time Purchase,completed,Meta_Facebook,West,tablet
TXN_605108,USR_01654,2023-01-02,8128.11,Enterprise Plan,completed,TikTok,East,tablet
TXN_436893,USR_01654,2023-02-08,3711.73,One-Time Purchase,completed,TikTok,East,tablet
TXN_600124,USR_01654,2023-04-07,789.78,Basic Plan,completed,TikTok,East,tablet
TXN_987546,USR_01654,2023-05-01,533.58,One-Time Purchase,completed,TikTok,East,tablet
TXN_374647,USR_01655,2023-11-22,2182.42,Pro Plan,refunded,Organic,North,desktop
TXN_668571,USR_01655,2023-12-25,3719.38,One-Time Purchase,completed,Organic,North,desktop
TXN_680337,USR_01656,2023-05-12,3847.59,One-Time Purchase,completed,Organic,West,mobile
TXN_574807,USR_01657,2023-12-22,968.19,Basic Plan,completed,Google_Search,Central,desktop
TXN_781377,USR_01658,2023-02-26,5204.05,Enterprise Plan,completed,Google_Search,Central,tablet
TXN_134882,USR_01658,2023-04-11,2044.01,Pro Plan,completed,Google_Search,Central,desktop
TXN_720903,USR_01658,2023-05-03,2165.31,Pro Plan,completed,Google_Search,Central,tablet
TXN_798217,USR_01658,2023-06-07,2569.32,One-Time Purchase,completed,Google_Search,Central,mobile
TXN_530243,USR_01659,2023-08-30,2601.34,Pro Plan,completed,Google_Search,Central,desktop
TXN_896841,USR_01660,2023-02-11,1845.76,One-Time Purchase,refunded,TikTok,North,desktop
TXN_952708,USR_01661,2023-01-24,1259.45,One-Time Purchase,failed,Organic,West,mobile
TXN_438326,USR_01662,2023-09-15,8993.1,Enterprise Plan,failed,Organic,West,mobile
TXN_577533,USR_01663,2023-12-10,2741.65,Pro Plan,failed,Email,Central,mobile
TXN_315936,USR_01664,2023-10-15,438.78,One-Time Purchase,completed,Organic,North,mobile
TXN_709594,USR_01665,2023-07-25,1199.79,One-Time Purchase,refunded,Meta_Facebook,Central,mobile
TXN_539017,USR_01666,2023-09-18,862.99,One-Time Purchase,completed,TikTok,North,tablet
TXN_659827,USR_01667,2023-04-15,3765.43,One-Time Purchase,completed,Meta_Facebook,West,desktop
TXN_829238,USR_01668,2023-03-29,1544.31,Pro Plan,failed,Organic,Central,tablet
TXN_730722,USR_01669,2023-12-07,6511.43,Enterprise Plan,failed,Meta_Facebook,North,tablet
TXN_538878,USR_01669,2023-12-28,8874.44,Enterprise Plan,refunded,Meta_Facebook,North,desktop
TXN_371018,USR_01670,2023-11-03,1191.3,One-Time Purchase,completed,Meta_Facebook,North,tablet
TXN_878566,USR_01670,2023-12-26,6159.0,Enterprise Plan,refunded,Meta_Facebook,North,desktop
TXN_105851,USR_01671,2023-12-24,706.14,Basic Plan,refunded,Meta_Facebook,North,desktop
TXN_219430,USR_01671,2024-02-22,8315.62,Enterprise Plan,failed,Meta_Facebook,North,desktop
TXN_635824,USR_01672,2023-01-27,2850.88,Pro Plan,failed,Google_Search,West,mobile
TXN_599073,USR_01672,2023-03-09,3940.14,One-Time Purchase,completed,Google_Search,West,mobile
TXN_759663,USR_01673,2023-07-31,600.79,Basic Plan,refunded,Email,North,tablet
TXN_257519,USR_01673,2023-08-22,726.13,Basic Plan,completed,Email,North,tablet
TXN_888807,USR_01674,2023-08-01,9211.24,Enterprise Plan,completed,TikTok,South,mobile
TXN_772751,USR_01674,2023-08-22,9756.05,Enterprise Plan,completed,TikTok,South,tablet
TXN_217789,USR_01675,2023-02-15,4703.18,One-Time Purchase,failed,Google_Search,West,tablet
TXN_116311,USR_01676,2023-11-04,2207.88,One-Time Purchase,completed,Organic,North,tablet
TXN_578454,USR_01676,2023-11-26,619.05,Basic Plan,completed,Organic,North,mobile
TXN_942078,USR_01677,2023-03-31,6345.62,Enterprise Plan,completed,Organic,South,tablet
TXN_871526,USR_01678,2023-04-05,539.61,Basic Plan,completed,Email,East,tablet
TXN_119469,USR_01679,2023-12-03,6073.75,Enterprise Plan,refunded,Meta_Facebook,East,tablet
TXN_379193,USR_01680,2023-03-21,1512.43,Pro Plan,refunded,Meta_Facebook,West,tablet
TXN_780552,USR_01680,2023-05-08,623.96,Basic Plan,completed,Meta_Facebook,West,desktop
TXN_239416,USR_01680,2023-05-28,6210.42,Enterprise Plan,completed,Meta_Facebook,West,tablet
TXN_368269,USR_01680,2023-07-06,6110.53,Enterprise Plan,completed,Meta_Facebook,West,tablet
TXN_385188,USR_01681,2023-08-14,2809.56,Pro Plan,failed,Email,East,tablet
TXN_642921,USR_01682,2023-10-07,4989.96,One-Time Purchase,completed,Meta_Facebook,North,desktop
TXN_499674,USR_01683,2023-07-24,1845.23,Pro Plan,completed,Organic,South,desktop
TXN_425490,USR_01684,2023-11-16,563.67,Basic Plan,refunded,TikTok,West,tablet
TXN_505748,USR_01685,2023-12-08,5928.98,Enterprise Plan,refunded,Meta_Facebook,South,mobile
TXN_176201,USR_01686,2023-03-26,690.92,Basic Plan,completed,Organic,Central,desktop
TXN_732503,USR_01687,2023-04-01,2380.98,Pro Plan,failed,Meta_Facebook,East,tablet
TXN_600652,USR_01687,2023-05-26,8756.48,Enterprise Plan,failed,Meta_Facebook,East,desktop
TXN_112957,USR_01688,2023-12-30,9580.82,Enterprise Plan,completed,Organic,West,desktop
TXN_737543,USR_01688,2024-01-26,1572.28,Pro Plan,completed,Organic,West,mobile
TXN_188749,USR_01688,2024-02-21,2963.07,Pro Plan,refunded,Organic,West,mobile
TXN_411941,USR_01689,2023-03-06,947.4,Basic Plan,completed,Organic,North,mobile
TXN_877195,USR_01690,2023-12-01,977.29,Basic Plan,completed,Organic,West,tablet
TXN_641679,USR_01691,2023-05-26,5590.04,Enterprise Plan,completed,TikTok,North,tablet
TXN_742669,USR_01691,2023-07-16,921.26,One-Time Purchase,refunded,TikTok,North,tablet
TXN_445512,USR_01692,2023-12-10,1944.28,Pro Plan,completed,Organic,East,tablet
TXN_132485,USR_01692,2024-01-08,1849.3,Pro Plan,completed,Organic,East,tablet
TXN_967469,USR_01693,2023-08-08,886.98,One-Time Purchase,refunded,TikTok,North,tablet
TXN_482201,USR_01694,2023-07-09,541.59,Basic Plan,failed,Organic,Central,mobile
TXN_699650,USR_01695,2023-08-18,967.22,Basic Plan,completed,TikTok,West,desktop
TXN_424660,USR_01695,2023-10-07,9246.87,Enterprise Plan,completed,TikTok,West,mobile
TXN_792559,USR_01696,2023-03-03,827.32,Basic Plan,completed,Meta_Facebook,East,tablet
TXN_277794,USR_01697,2023-02-19,2629.58,One-Time Purchase,failed,Google_Search,North,mobile
TXN_288050,USR_01698,2023-06-29,877.78,Basic Plan,failed,Google_Search,South,mobile
TXN_320166,USR_01699,2023-11-15,2272.45,Pro Plan,completed,TikTok,Central,desktop
TXN_388423,USR_01699,2023-12-07,2714.55,Pro Plan,completed,TikTok,Central,desktop
TXN_565495,USR_01700,2023-05-27,7465.91,Enterprise Plan,completed,TikTok,Central,tablet
TXN_825434,USR_01701,2023-10-01,9931.23,Enterprise Plan,completed,Organic,South,desktop
TXN_135773,USR_01701,2023-11-16,892.21,Basic Plan,failed,Organic,South,tablet
TXN_463974,USR_01702,2023-07-02,2794.82,Pro Plan,refunded,Google_Search,West,mobile
TXN_734407,USR_01702,2023-08-08,2956.4,Pro Plan,completed,Google_Search,West,mobile
TXN_436551,USR_01703,2023-09-18,863.46,Basic Plan,completed,Google_Search,East,desktop
TXN_731533,USR_01703,2023-10-24,3443.66,One-Time Purchase,completed,Google_Search,East,tablet
TXN_357771,USR_01704,2023-01-25,641.53,Basic Plan,refunded,Organic,West,mobile
TXN_733556,USR_01705,2023-06-09,9922.56,Enterprise Plan,completed,Email,East,tablet
TXN_814051,USR_01705,2023-08-02,901.14,Basic Plan,completed,Email,East,mobile
TXN_960637,USR_01706,2023-10-29,618.27,Basic Plan,completed,Organic,West,tablet
TXN_879871,USR_01706,2023-12-23,8140.71,Enterprise Plan,failed,Organic,West,mobile
TXN_194941,USR_01707,2023-01-07,2411.12,Pro Plan,completed,Meta_Facebook,West,desktop
TXN_238570,USR_01708,2023-12-30,2012.82,Pro Plan,completed,TikTok,South,mobile
TXN_156016,USR_01709,2023-11-06,750.57,Basic Plan,refunded,Organic,East,desktop
TXN_725560,USR_01709,2023-12-27,4963.28,One-Time Purchase,completed,Organic,East,mobile
TXN_196338,USR_01710,2023-03-02,9327.26,Enterprise Plan,completed,TikTok,Central,mobile
TXN_149330,USR_01711,2023-07-13,7766.72,Enterprise Plan,refunded,Google_Search,North,desktop
TXN_937519,USR_01712,2023-05-04,451.04,One-Time Purchase,completed,Meta_Facebook,North,tablet
TXN_811060,USR_01712,2023-06-03,6128.45,Enterprise Plan,completed,Meta_Facebook,North,mobile
TXN_832140,USR_01713,2023-09-01,6480.33,Enterprise Plan,failed,Organic,East,mobile
TXN_509365,USR_01714,2023-12-14,3827.36,One-Time Purchase,completed,Meta_Facebook,South,tablet
TXN_942957,USR_01715,2023-10-21,4418.08,One-Time Purchase,completed,Email,South,desktop
TXN_837277,USR_01715,2023-12-06,1144.07,One-Time Purchase,completed,Email,South,tablet
TXN_415838,USR_01716,2023-07-06,645.26,One-Time Purchase,refunded,Meta_Facebook,North,mobile
TXN_642047,USR_01716,2023-08-03,326.91,One-Time Purchase,completed,Meta_Facebook,North,desktop
TXN_515473,USR_01716,2023-08-26,695.69,Basic Plan,completed,Meta_Facebook,North,desktop
TXN_772211,USR_01717,2023-05-03,563.63,Basic Plan,refunded,Organic,North,mobile
TXN_226545,USR_01717,2023-07-02,810.92,Basic Plan,refunded,Organic,North,mobile
TXN_482558,USR_01718,2023-10-31,2457.64,Pro Plan,completed,Google_Search,South,mobile
TXN_893747,USR_01719,2023-01-12,2531.84,Pro Plan,completed,TikTok,East,desktop
TXN_702383,USR_01719,2023-03-09,6155.33,Enterprise Plan,completed,TikTok,East,tablet
TXN_465761,USR_01720,2023-01-22,565.52,Basic Plan,completed,Google_Search,Central,desktop
TXN_683885,USR_01721,2023-05-12,658.51,Basic Plan,failed,Email,Central,tablet
TXN_688313,USR_01722,2023-06-18,777.72,Basic Plan,failed,Meta_Facebook,Central,mobile
TXN_899108,USR_01723,2023-06-28,9430.58,Enterprise Plan,completed,Email,Central,desktop
TXN_619088,USR_01724,2023-03-22,1684.02,Pro Plan,refunded,Meta_Facebook,Central,mobile
TXN_424635,USR_01725,2023-07-14,904.43,Basic Plan,completed,Google_Search,South,tablet
TXN_261756,USR_01725,2023-08-30,647.17,Basic Plan,failed,Google_Search,South,desktop
TXN_483749,USR_01725,2023-10-14,2028.98,Pro Plan,completed,Google_Search,South,tablet
TXN_104580,USR_01725,2023-11-26,9773.46,Enterprise Plan,failed,Google_Search,South,mobile
TXN_431385,USR_01725,2024-01-13,710.58,Basic Plan,completed,Google_Search,South,desktop
TXN_178699,USR_01726,2023-08-14,1767.86,Pro Plan,completed,TikTok,North,mobile
TXN_867476,USR_01727,2023-06-07,853.83,Basic Plan,completed,Organic,Central,tablet
TXN_711869,USR_01727,2023-07-20,8470.98,Enterprise Plan,completed,Organic,Central,mobile
TXN_988786,USR_01728,2023-03-05,4831.79,One-Time Purchase,completed,TikTok,North,tablet
TXN_848141,USR_01729,2023-08-08,1791.21,Pro Plan,completed,Email,West,tablet
TXN_492435,USR_01729,2023-09-28,2160.14,One-Time Purchase,completed,Email,West,tablet
TXN_193010,USR_01730,2023-08-28,4282.56,One-Time Purchase,failed,Google_Search,South,tablet
TXN_691042,USR_01730,2023-10-03,901.86,Basic Plan,completed,Google_Search,South,mobile
TXN_327555,USR_01730,2023-11-02,7161.43,Enterprise Plan,completed,Google_Search,South,mobile
TXN_403138,USR_01731,2023-11-06,2347.28,Pro Plan,completed,Organic,South,desktop
TXN_955089,USR_01731,2023-11-28,1982.24,Pro Plan,completed,Organic,South,desktop
TXN_596393,USR_01731,2024-01-16,1886.43,Pro Plan,completed,Organic,South,mobile
TXN_819334,USR_01732,2023-11-15,1569.1,Pro Plan,completed,Meta_Facebook,South,mobile
TXN_641343,USR_01733,2023-05-09,1840.93,Pro Plan,completed,Google_Search,North,desktop
TXN_734021,USR_01733,2023-06-16,7472.22,Enterprise Plan,completed,Google_Search,North,tablet
TXN_447497,USR_01733,2023-08-08,898.85,Basic Plan,completed,Google_Search,North,desktop
TXN_439327,USR_01734,2023-05-18,956.42,Basic Plan,completed,Email,South,desktop
TXN_972769,USR_01735,2023-11-15,513.73,Basic Plan,failed,Google_Search,South,desktop
TXN_571230,USR_01736,2023-04-20,2869.42,Pro Plan,completed,Meta_Facebook,South,desktop
TXN_630822,USR_01736,2023-06-08,706.08,Basic Plan,failed,Meta_Facebook,South,tablet
TXN_479066,USR_01737,2023-07-25,315.21,One-Time Purchase,refunded,Email,West,mobile
TXN_934822,USR_01738,2023-05-02,5846.33,Enterprise Plan,refunded,Organic,North,desktop
TXN_383376,USR_01739,2023-02-13,565.14,Basic Plan,completed,Google_Search,West,mobile
TXN_575469,USR_01739,2023-04-01,7530.7,Enterprise Plan,completed,Google_Search,West,desktop
TXN_970744,USR_01739,2023-04-29,919.93,Basic Plan,completed,Google_Search,West,mobile
TXN_531618,USR_01740,2023-05-06,4449.28,One-Time Purchase,completed,Organic,South,tablet
TXN_609294,USR_01740,2023-05-30,1555.15,One-Time Purchase,refunded,Organic,South,tablet
TXN_907481,USR_01740,2023-07-26,2970.41,Pro Plan,failed,Organic,South,tablet
TXN_630669,USR_01741,2023-10-05,7992.71,Enterprise Plan,failed,Email,Central,desktop
TXN_317618,USR_01742,2023-11-14,7985.08,Enterprise Plan,failed,Email,East,mobile
TXN_719160,USR_01743,2023-08-02,1696.68,Pro Plan,completed,Organic,East,desktop
TXN_714175,USR_01743,2023-09-15,577.47,Basic Plan,refunded,Organic,East,tablet
TXN_104282,USR_01744,2023-02-08,6138.89,Enterprise Plan,completed,Google_Search,East,tablet
TXN_271283,USR_01744,2023-03-04,2352.61,One-Time Purchase,failed,Google_Search,East,mobile
TXN_269466,USR_01745,2023-09-29,2739.07,Pro Plan,failed,Email,West,desktop
TXN_774192,USR_01746,2023-09-16,1806.54,Pro Plan,refunded,Organic,North,tablet
TXN_151879,USR_01746,2023-11-05,5335.96,Enterprise Plan,refunded,Organic,North,desktop
TXN_702883,USR_01747,2023-04-13,1736.95,One-Time Purchase,failed,Email,Central,tablet
TXN_382422,USR_01748,2023-05-19,3526.48,One-Time Purchase,refunded,Organic,North,tablet
TXN_999762,USR_01748,2023-07-02,2955.6,Pro Plan,refunded,Organic,North,desktop
TXN_162237,USR_01748,2023-07-31,524.35,Basic Plan,refunded,Organic,North,tablet
TXN_434134,USR_01749,2023-07-16,708.35,Basic Plan,completed,Organic,South,tablet
TXN_517959,USR_01750,2023-08-19,7495.31,Enterprise Plan,refunded,TikTok,West,desktop
TXN_387936,USR_01751,2023-07-03,1881.15,Pro Plan,completed,Organic,East,mobile
TXN_947623,USR_01751,2023-07-23,1885.62,One-Time Purchase,completed,Organic,East,tablet
TXN_367758,USR_01752,2023-03-09,706.36,Basic Plan,completed,Email,North,desktop
TXN_172048,USR_01752,2023-04-04,9306.87,Enterprise Plan,completed,Email,North,tablet
TXN_546484,USR_01753,2023-06-01,2292.93,Pro Plan,refunded,Google_Search,South,mobile
TXN_528038,USR_01754,2023-06-12,392.44,One-Time Purchase,completed,Organic,North,mobile
TXN_936043,USR_01755,2023-06-02,584.59,One-Time Purchase,completed,Email,South,tablet
TXN_882979,USR_01756,2023-10-04,990.56,Basic Plan,completed,TikTok,Central,mobile
TXN_768960,USR_01756,2023-11-06,790.94,Basic Plan,completed,TikTok,Central,mobile
TXN_682209,USR_01757,2023-09-06,6682.18,Enterprise Plan,completed,TikTok,West,desktop
TXN_113822,USR_01757,2023-10-03,3163.15,One-Time Purchase,refunded,TikTok,West,desktop
TXN_114848,USR_01758,2023-08-26,1705.03,One-Time Purchase,refunded,Meta_Facebook,East,tablet
TXN_119753,USR_01758,2023-10-05,2358.56,Pro Plan,failed,Meta_Facebook,East,desktop
TXN_363166,USR_01759,2023-10-08,583.29,Basic Plan,refunded,Google_Search,South,desktop
TXN_740180,USR_01760,2023-01-23,1997.19,Pro Plan,completed,Meta_Facebook,North,mobile
TXN_201050,USR_01760,2023-03-13,5766.82,Enterprise Plan,completed,Meta_Facebook,North,tablet
TXN_219200,USR_01761,2023-08-30,2003.1,One-Time Purchase,completed,Email,Central,tablet
TXN_648070,USR_01761,2023-10-08,3766.73,One-Time Purchase,failed,Email,Central,tablet
TXN_924922,USR_01761,2023-11-07,2757.65,Pro Plan,completed,Email,Central,tablet
TXN_903684,USR_01762,2023-12-23,1047.12,One-Time Purchase,failed,TikTok,East,mobile
TXN_979381,USR_01763,2023-08-08,5827.73,Enterprise Plan,completed,Google_Search,East,desktop
TXN_984394,USR_01764,2023-04-18,690.97,Basic Plan,completed,Google_Search,West,tablet
TXN_256847,USR_01765,2023-11-25,733.37,Basic Plan,refunded,Google_Search,East,desktop
TXN_976583,USR_01766,2023-07-05,3226.43,One-Time Purchase,refunded,Email,Central,mobile
TXN_572184,USR_01767,2023-05-01,2479.65,Pro Plan,completed,Meta_Facebook,West,tablet
TXN_159364,USR_01768,2023-01-14,3491.76,One-Time Purchase,refunded,Meta_Facebook,South,mobile
TXN_668488,USR_01768,2023-03-02,9363.61,Enterprise Plan,failed,Meta_Facebook,South,tablet
TXN_372095,USR_01769,2023-12-10,3029.35,One-Time Purchase,failed,TikTok,East,mobile
TXN_958304,USR_01770,2023-08-04,2389.02,Pro Plan,completed,Organic,East,tablet
TXN_435969,USR_01771,2023-01-21,675.37,Basic Plan,completed,Organic,South,desktop
TXN_899125,USR_01771,2023-03-20,6846.97,Enterprise Plan,refunded,Organic,South,tablet
TXN_123964,USR_01772,2023-07-27,2230.82,One-Time Purchase,refunded,TikTok,South,mobile
TXN_220079,USR_01773,2023-07-24,3500.92,One-Time Purchase,completed,Google_Search,South,tablet
TXN_946494,USR_01773,2023-09-20,8690.14,Enterprise Plan,refunded,Google_Search,South,tablet
TXN_635553,USR_01773,2023-10-16,4281.47,One-Time Purchase,completed,Google_Search,South,mobile
TXN_576768,USR_01774,2023-09-08,935.54,Basic Plan,completed,Google_Search,West,tablet
TXN_506451,USR_01774,2023-10-06,2383.22,Pro Plan,completed,Google_Search,West,tablet
TXN_148465,USR_01775,2023-04-25,8036.36,Enterprise Plan,completed,Email,Central,mobile
TXN_744018,USR_01775,2023-06-04,1840.15,One-Time Purchase,refunded,Email,Central,desktop
TXN_563742,USR_01776,2023-04-26,361.37,One-Time Purchase,completed,Meta_Facebook,East,mobile
TXN_814442,USR_01777,2023-12-03,6700.32,Enterprise Plan,completed,Meta_Facebook,North,desktop
TXN_875055,USR_01778,2023-01-17,3202.98,One-Time Purchase,failed,Email,South,mobile
TXN_485503,USR_01778,2023-03-11,6316.04,Enterprise Plan,completed,Email,South,tablet
TXN_153903,USR_01779,2023-10-03,5318.46,Enterprise Plan,completed,Meta_Facebook,North,tablet
TXN_219360,USR_01780,2023-04-27,2817.04,One-Time Purchase,completed,Email,North,desktop
TXN_747925,USR_01781,2023-10-01,4427.2,One-Time Purchase,completed,TikTok,North,desktop
TXN_379979,USR_01782,2023-10-03,9020.48,Enterprise Plan,failed,Google_Search,South,desktop
TXN_702412,USR_01782,2023-11-19,7059.07,Enterprise Plan,completed,Google_Search,South,desktop
TXN_241256,USR_01783,2023-04-29,532.2,Basic Plan,completed,Organic,West,tablet
TXN_224806,USR_01783,2023-06-08,2677.35,One-Time Purchase,completed,Organic,West,desktop
TXN_512617,USR_01784,2023-07-07,1396.55,One-Time Purchase,refunded,Organic,South,tablet
TXN_419081,USR_01785,2023-03-11,9607.83,Enterprise Plan,failed,TikTok,North,tablet
TXN_490959,USR_01786,2023-04-27,686.96,Basic Plan,failed,Meta_Facebook,South,mobile
TXN_553887,USR_01786,2023-06-21,7686.72,Enterprise Plan,refunded,Meta_Facebook,South,desktop
TXN_285268,USR_01787,2023-04-17,3631.39,One-Time Purchase,completed,Email,East,tablet
TXN_186330,USR_01787,2023-05-14,7722.85,Enterprise Plan,failed,Email,East,tablet
TXN_103080,USR_01787,2023-07-04,711.35,Basic Plan,completed,Email,East,desktop
TXN_776887,USR_01788,2023-03-26,2952.36,One-Time Purchase,completed,Google_Search,Central,desktop
TXN_602805,USR_01788,2023-04-21,9187.89,Enterprise Plan,failed,Google_Search,Central,desktop
TXN_401781,USR_01789,2023-12-24,2539.99,Pro Plan,completed,Google_Search,Central,mobile
TXN_951346,USR_01790,2023-03-06,2955.64,Pro Plan,completed,TikTok,West,mobile
TXN_535805,USR_01791,2023-11-21,1673.86,Pro Plan,completed,Email,North,desktop
TXN_556662,USR_01791,2024-01-08,4951.75,One-Time Purchase,completed,Email,North,mobile
TXN_391383,USR_01791,2024-01-28,8732.03,Enterprise Plan,completed,Email,North,mobile
TXN_330875,USR_01791,2024-02-19,1699.46,Pro Plan,failed,Email,North,desktop
TXN_611938,USR_01792,2023-01-21,2901.52,One-Time Purchase,completed,Google_Search,South,desktop
TXN_389488,USR_01793,2023-02-18,5747.6,Enterprise Plan,completed,Organic,West,desktop
TXN_357229,USR_01793,2023-03-17,807.39,Basic Plan,completed,Organic,West,desktop
TXN_246918,USR_01794,2023-02-02,7170.4,Enterprise Plan,completed,Organic,East,desktop
TXN_498049,USR_01794,2023-02-25,1456.76,One-Time Purchase,completed,Organic,East,mobile
TXN_770416,USR_01795,2023-07-02,7912.24,Enterprise Plan,completed,Organic,Central,mobile
TXN_439084,USR_01796,2023-07-12,512.16,Basic Plan,refunded,Email,North,mobile
TXN_368244,USR_01797,2023-06-21,8896.44,Enterprise Plan,failed,Email,North,tablet
TXN_339802,USR_01797,2023-08-05,2299.17,Pro Plan,refunded,Email,North,tablet
TXN_364965,USR_01797,2023-08-25,2934.05,Pro Plan,completed,Email,North,desktop
TXN_256045,USR_01798,2023-12-23,7900.3,Enterprise Plan,completed,Google_Search,East,desktop
TXN_718288,USR_01798,2024-01-17,2771.12,One-Time Purchase,completed,Google_Search,East,desktop
TXN_437883,USR_01798,2024-02-19,643.76,Basic Plan,refunded,Google_Search,East,desktop
TXN_943465,USR_01799,2023-11-30,1576.65,Pro Plan,refunded,Organic,West,desktop
TXN_603760,USR_01799,2024-01-21,860.54,Basic Plan,refunded,Organic,West,mobile
TXN_362322,USR_01800,2023-02-13,5459.5,Enterprise Plan,completed,Email,South,mobile
TXN_939057,USR_01800,2023-04-01,1101.9,One-Time Purchase,completed,Email,South,mobile
TXN_525081,USR_01801,2023-09-06,521.67,Basic Plan,failed,TikTok,North,tablet
TXN_979702,USR_01801,2023-10-29,5643.37,Enterprise Plan,completed,TikTok,North,mobile
TXN_175604,USR_01802,2023-11-30,1865.59,Pro Plan,failed,Google_Search,South,desktop
TXN_155358,USR_01802,2024-01-05,1517.36,Pro Plan,completed,Google_Search,South,mobile
TXN_824967,USR_01802,2024-02-06,4408.11,One-Time Purchase,failed,Google_Search,South,desktop
TXN_128635,USR_01803,2023-03-12,643.64,Basic Plan,completed,Meta_Facebook,East,desktop
TXN_435291,USR_01803,2023-04-27,656.52,Basic Plan,completed,Meta_Facebook,East,tablet
TXN_545031,USR_01804,2023-10-29,990.55,Basic Plan,completed,TikTok,South,mobile
TXN_139172,USR_01805,2023-04-16,2778.32,Pro Plan,completed,TikTok,South,mobile
TXN_149483,USR_01805,2023-05-26,1775.28,Pro Plan,completed,TikTok,South,desktop
TXN_875065,USR_01805,2023-07-09,546.8,Basic Plan,failed,TikTok,South,tablet
TXN_334490,USR_01806,2023-01-24,7669.93,Enterprise Plan,completed,Google_Search,North,tablet
TXN_497234,USR_01806,2023-02-19,2044.43,Pro Plan,refunded,Google_Search,North,mobile
TXN_812271,USR_01806,2023-03-24,6676.68,Enterprise Plan,completed,Google_Search,North,desktop
TXN_412896,USR_01806,2023-05-04,5927.35,Enterprise Plan,completed,Google_Search,North,desktop
TXN_550938,USR_01807,2023-11-09,1894.56,Pro Plan,refunded,Organic,West,desktop
TXN_767583,USR_01808,2023-04-09,6236.59,Enterprise Plan,completed,Email,South,tablet
TXN_473514,USR_01809,2023-08-31,2431.75,Pro Plan,completed,Meta_Facebook,East,desktop
TXN_488944,USR_01809,2023-09-25,2994.92,Pro Plan,completed,Meta_Facebook,East,desktop
TXN_635714,USR_01810,2023-05-17,8936.67,Enterprise Plan,failed,Organic,West,mobile
TXN_329822,USR_01811,2023-08-02,3977.95,One-Time Purchase,completed,Email,North,mobile
TXN_901829,USR_01812,2023-12-24,3953.04,One-Time Purchase,completed,Email,South,desktop
TXN_903075,USR_01813,2023-12-08,897.22,One-Time Purchase,failed,Meta_Facebook,East,tablet
TXN_258056,USR_01814,2023-05-08,2620.11,One-Time Purchase,refunded,Meta_Facebook,East,desktop
TXN_776186,USR_01814,2023-06-03,577.33,Basic Plan,completed,Meta_Facebook,East,tablet
TXN_400542,USR_01815,2023-11-17,6061.51,Enterprise Plan,failed,TikTok,South,desktop
TXN_127403,USR_01815,2024-01-11,1456.85,One-Time Purchase,refunded,TikTok,South,desktop
TXN_925573,USR_01816,2023-10-03,2422.87,Pro Plan,refunded,Meta_Facebook,East,tablet
TXN_624385,USR_01816,2023-10-27,9301.22,Enterprise Plan,failed,Meta_Facebook,East,mobile
TXN_945574,USR_01817,2023-09-21,621.42,Basic Plan,completed,Meta_Facebook,West,mobile
TXN_912662,USR_01817,2023-11-10,734.77,Basic Plan,completed,Meta_Facebook,West,mobile
TXN_120026,USR_01818,2023-02-18,4805.95,One-Time Purchase,failed,Email,Central,tablet
TXN_238217,USR_01818,2023-03-18,7868.2,Enterprise Plan,completed,Email,Central,mobile
TXN_391473,USR_01819,2023-04-11,1163.53,One-Time Purchase,failed,TikTok,East,mobile
TXN_955580,USR_01820,2023-11-21,8752.26,Enterprise Plan,completed,Meta_Facebook,West,mobile
TXN_945703,USR_01820,2024-01-18,2621.08,Pro Plan,refunded,Meta_Facebook,West,tablet
TXN_290339,USR_01821,2023-01-06,995.74,Basic Plan,completed,Meta_Facebook,West,tablet
TXN_804889,USR_01822,2023-07-16,809.21,Basic Plan,completed,Email,Central,mobile
TXN_209973,USR_01823,2023-10-09,2399.12,Pro Plan,completed,Meta_Facebook,South,desktop
TXN_358891,USR_01823,2023-11-04,555.79,Basic Plan,failed,Meta_Facebook,South,tablet
TXN_304144,USR_01823,2024-01-01,879.71,Basic Plan,completed,Meta_Facebook,South,mobile
TXN_539628,USR_01823,2024-02-04,6076.22,Enterprise Plan,failed,Meta_Facebook,South,desktop
TXN_935864,USR_01824,2023-05-21,911.76,Basic Plan,refunded,TikTok,North,tablet
TXN_617602,USR_01824,2023-06-26,976.51,Basic Plan,completed,TikTok,North,tablet
TXN_208768,USR_01824,2023-07-29,9542.55,Enterprise Plan,completed,TikTok,North,desktop
TXN_269397,USR_01825,2023-10-24,923.21,Basic Plan,failed,TikTok,North,mobile
TXN_670730,USR_01826,2023-03-19,4650.4,One-Time Purchase,completed,TikTok,Central,mobile
TXN_370340,USR_01827,2023-11-05,1681.99,Pro Plan,completed,Google_Search,South,tablet
TXN_319707,USR_01827,2023-12-16,9439.78,Enterprise Plan,completed,Google_Search,South,desktop
TXN_803908,USR_01827,2024-01-17,846.68,Basic Plan,refunded,Google_Search,South,mobile
TXN_203685,USR_01828,2023-10-30,538.92,Basic Plan,completed,Google_Search,South,tablet
TXN_241933,USR_01829,2023-03-01,9630.11,Enterprise Plan,completed,Meta_Facebook,South,desktop
TXN_981205,USR_01830,2023-01-03,5459.08,Enterprise Plan,completed,Meta_Facebook,Central,tablet
TXN_323479,USR_01831,2023-06-03,885.3,Basic Plan,refunded,Email,South,desktop
TXN_350444,USR_01832,2023-07-08,1180.35,One-Time Purchase,completed,Organic,West,tablet
TXN_789565,USR_01832,2023-08-02,1716.83,One-Time Purchase,completed,Organic,West,desktop
TXN_179833,USR_01833,2023-05-27,673.18,Basic Plan,completed,Meta_Facebook,South,tablet
TXN_530927,USR_01833,2023-07-01,6087.97,Enterprise Plan,completed,Meta_Facebook,South,tablet
TXN_275343,USR_01834,2023-04-05,9069.74,Enterprise Plan,completed,Organic,North,desktop
TXN_610193,USR_01835,2023-09-12,2448.49,Pro Plan,completed,Email,North,tablet
TXN_396040,USR_01836,2023-02-03,7128.59,Enterprise Plan,refunded,Organic,Central,tablet
TXN_834796,USR_01837,2023-11-03,5528.83,Enterprise Plan,failed,Meta_Facebook,North,tablet
TXN_916103,USR_01838,2023-06-24,1277.57,One-Time Purchase,completed,Organic,West,tablet
TXN_897359,USR_01839,2023-04-05,2083.57,Pro Plan,completed,Organic,North,tablet
TXN_599553,USR_01839,2023-05-18,628.5,Basic Plan,completed,Organic,North,mobile
TXN_105341,USR_01839,2023-06-09,5555.16,Enterprise Plan,completed,Organic,North,desktop
TXN_105398,USR_01840,2023-08-04,3955.74,One-Time Purchase,completed,Meta_Facebook,East,mobile
TXN_609462,USR_01841,2023-11-23,9940.38,Enterprise Plan,completed,Organic,West,mobile
TXN_855095,USR_01842,2023-10-02,1090.95,One-Time Purchase,refunded,Meta_Facebook,North,mobile
TXN_679038,USR_01842,2023-10-29,1709.01,Pro Plan,completed,Meta_Facebook,North,mobile
TXN_391208,USR_01842,2023-11-29,1924.86,Pro Plan,refunded,Meta_Facebook,North,desktop
TXN_140908,USR_01843,2023-09-27,499.64,Basic Plan,completed,Meta_Facebook,East,tablet
TXN_838754,USR_01843,2023-11-21,613.09,Basic Plan,completed,Meta_Facebook,East,mobile
TXN_303675,USR_01843,2023-12-26,912.02,Basic Plan,completed,Meta_Facebook,East,desktop
TXN_403319,USR_01844,2023-03-26,894.77,Basic Plan,completed,TikTok,Central,mobile
TXN_233825,USR_01845,2023-12-07,2762.7,One-Time Purchase,completed,Email,West,tablet
TXN_445430,USR_01846,2023-01-09,810.03,Basic Plan,failed,Google_Search,North,mobile
TXN_924855,USR_01846,2023-02-17,9356.94,Enterprise Plan,completed,Google_Search,North,tablet
TXN_235153,USR_01847,2023-05-15,1651.83,One-Time Purchase,failed,Email,West,tablet
TXN_892732,USR_01847,2023-06-06,1532.86,Pro Plan,completed,Email,West,desktop
TXN_332698,USR_01848,2023-10-14,832.82,Basic Plan,completed,Google_Search,South,tablet
TXN_679390,USR_01849,2023-08-16,658.47,Basic Plan,completed,Email,South,desktop
TXN_295635,USR_01850,2023-07-10,771.37,Basic Plan,completed,TikTok,Central,tablet
TXN_645072,USR_01851,2023-11-05,6795.43,Enterprise Plan,completed,Organic,Central,tablet
TXN_447665,USR_01852,2023-10-06,862.94,Basic Plan,completed,Organic,North,desktop
TXN_565622,USR_01852,2023-11-24,3852.89,One-Time Purchase,completed,Organic,North,mobile
TXN_172469,USR_01853,2023-03-15,2126.38,Pro Plan,refunded,Organic,West,desktop
TXN_602174,USR_01854,2023-01-30,755.01,Basic Plan,completed,Meta_Facebook,East,tablet
TXN_289110,USR_01855,2023-03-24,6505.47,Enterprise Plan,completed,TikTok,West,desktop
TXN_362702,USR_01855,2023-04-13,1859.58,Pro Plan,completed,TikTok,West,mobile
TXN_183903,USR_01855,2023-05-16,882.4,Basic Plan,completed,TikTok,West,desktop
TXN_430642,USR_01856,2023-06-19,662.81,Basic Plan,completed,Email,South,desktop
TXN_115672,USR_01857,2023-10-27,2945.57,One-Time Purchase,completed,Google_Search,West,mobile
TXN_332388,USR_01857,2023-12-03,587.74,One-Time Purchase,completed,Google_Search,West,tablet
TXN_437807,USR_01858,2023-06-23,2895.38,Pro Plan,completed,TikTok,East,tablet
TXN_734494,USR_01859,2023-03-13,638.77,Basic Plan,completed,TikTok,West,desktop
TXN_608950,USR_01859,2023-04-27,720.31,Basic Plan,completed,TikTok,West,desktop
TXN_225014,USR_01860,2023-03-09,2479.85,One-Time Purchase,completed,Google_Search,East,desktop
TXN_515461,USR_01861,2023-07-27,4333.66,One-Time Purchase,completed,Organic,Central,mobile
TXN_657463,USR_01862,2023-01-17,2249.17,Pro Plan,completed,Meta_Facebook,North,desktop
TXN_713457,USR_01862,2023-02-06,707.99,Basic Plan,failed,Meta_Facebook,North,mobile
TXN_188869,USR_01863,2023-11-26,2233.11,Pro Plan,completed,Meta_Facebook,South,tablet
TXN_779509,USR_01863,2023-12-19,590.9,Basic Plan,refunded,Meta_Facebook,South,desktop
TXN_494865,USR_01863,2024-02-04,1775.31,Pro Plan,completed,Meta_Facebook,South,tablet
TXN_707510,USR_01864,2023-02-02,5011.29,Enterprise Plan,completed,TikTok,East,tablet
TXN_862268,USR_01864,2023-03-03,8968.61,Enterprise Plan,completed,TikTok,East,mobile
TXN_403694,USR_01865,2023-02-12,641.43,Basic Plan,completed,Organic,West,desktop
TXN_833268,USR_01866,2023-08-16,5978.06,Enterprise Plan,refunded,Google_Search,North,mobile
TXN_790836,USR_01867,2023-09-13,5291.07,Enterprise Plan,completed,Organic,West,desktop
TXN_680674,USR_01867,2023-10-29,890.88,Basic Plan,completed,Organic,West,mobile
TXN_807969,USR_01868,2023-01-29,1697.07,Pro Plan,completed,Organic,North,mobile
TXN_763340,USR_01869,2023-07-20,692.19,Basic Plan,completed,Organic,Central,desktop
TXN_609916,USR_01869,2023-08-22,1725.75,Pro Plan,failed,Organic,Central,mobile
TXN_496939,USR_01869,2023-10-15,1606.42,Pro Plan,completed,Organic,Central,tablet
TXN_187164,USR_01870,2023-11-28,2866.42,Pro Plan,completed,TikTok,East,desktop
TXN_910453,USR_01871,2023-04-09,2179.33,Pro Plan,completed,Google_Search,North,mobile
TXN_317243,USR_01872,2023-10-19,2553.56,Pro Plan,completed,TikTok,Central,mobile
TXN_232969,USR_01872,2023-11-24,2084.95,One-Time Purchase,completed,TikTok,Central,desktop
TXN_175055,USR_01873,2023-02-22,2238.85,One-Time Purchase,refunded,Organic,Central,desktop
TXN_954091,USR_01874,2023-03-13,8335.49,Enterprise Plan,completed,Google_Search,North,desktop
TXN_552022,USR_01874,2023-04-24,2145.72,One-Time Purchase,completed,Google_Search,North,desktop
TXN_431268,USR_01875,2023-04-23,1159.47,One-Time Purchase,completed,Email,North,desktop
TXN_743401,USR_01876,2023-05-08,9650.76,Enterprise Plan,completed,Organic,East,desktop
TXN_546547,USR_01876,2023-06-23,2702.15,One-Time Purchase,refunded,Organic,East,mobile
TXN_122733,USR_01876,2023-07-23,8539.79,Enterprise Plan,completed,Organic,East,desktop
TXN_450017,USR_01877,2023-06-11,1835.86,One-Time Purchase,refunded,Google_Search,West,mobile
TXN_726290,USR_01878,2023-01-28,3640.52,One-Time Purchase,completed,Organic,South,mobile
TXN_245209,USR_01879,2023-11-11,8423.07,Enterprise Plan,completed,Organic,Central,mobile
TXN_406925,USR_01880,2023-06-04,1720.02,Pro Plan,completed,Organic,East,desktop
TXN_694791,USR_01881,2023-08-25,9861.33,Enterprise Plan,failed,TikTok,North,desktop
TXN_581249,USR_01881,2023-09-22,8489.57,Enterprise Plan,completed,TikTok,North,mobile
TXN_682484,USR_01881,2023-10-25,1639.41,Pro Plan,completed,TikTok,North,tablet
TXN_513880,USR_01882,2023-04-09,6582.28,Enterprise Plan,failed,Organic,South,desktop
TXN_803492,USR_01883,2023-07-24,2109.49,Pro Plan,completed,Organic,North,mobile
TXN_932333,USR_01883,2023-09-15,555.41,Basic Plan,completed,Organic,North,mobile
TXN_910795,USR_01884,2023-01-26,2080.55,Pro Plan,completed,TikTok,East,tablet
TXN_808517,USR_01884,2023-02-28,2133.29,Pro Plan,completed,TikTok,East,tablet
TXN_666500,USR_01884,2023-04-13,2906.76,Pro Plan,failed,TikTok,East,tablet
TXN_810073,USR_01885,2023-11-23,924.91,Basic Plan,failed,Google_Search,South,desktop
TXN_695863,USR_01886,2023-08-11,9585.13,Enterprise Plan,completed,TikTok,South,tablet
TXN_691318,USR_01887,2023-01-27,8107.16,Enterprise Plan,completed,Google_Search,South,mobile
TXN_405946,USR_01887,2023-03-11,537.72,Basic Plan,completed,Google_Search,South,desktop
TXN_634324,USR_01888,2023-09-29,2926.49,Pro Plan,failed,Google_Search,Central,tablet
TXN_385148,USR_01889,2023-11-24,529.63,Basic Plan,completed,Google_Search,East,mobile
TXN_179532,USR_01889,2023-12-18,4499.04,One-Time Purchase,completed,Google_Search,East,tablet
TXN_435249,USR_01890,2023-04-08,2214.97,Pro Plan,completed,TikTok,North,desktop
TXN_208117,USR_01890,2023-05-30,811.23,Basic Plan,completed,TikTok,North,desktop
TXN_675578,USR_01891,2023-07-15,4250.74,One-Time Purchase,completed,Email,West,desktop
TXN_928699,USR_01891,2023-08-06,576.38,Basic Plan,completed,Email,West,tablet
TXN_197946,USR_01892,2023-02-22,3597.12,One-Time Purchase,completed,Organic,Central,mobile
TXN_542913,USR_01892,2023-04-06,2293.18,One-Time Purchase,refunded,Organic,Central,mobile
TXN_533925,USR_01893,2023-08-29,2494.99,Pro Plan,completed,Organic,West,mobile
TXN_774888,USR_01894,2023-06-14,5946.96,Enterprise Plan,completed,Google_Search,East,tablet
TXN_359485,USR_01895,2023-08-05,6233.57,Enterprise Plan,completed,Email,West,tablet
TXN_198843,USR_01896,2023-09-18,2179.84,One-Time Purchase,completed,Meta_Facebook,East,desktop
TXN_665629,USR_01896,2023-11-07,532.27,Basic Plan,completed,Meta_Facebook,East,desktop
TXN_457535,USR_01897,2023-09-06,1508.69,Pro Plan,refunded,TikTok,South,mobile
TXN_950519,USR_01898,2023-03-22,2319.99,One-Time Purchase,refunded,Organic,South,tablet
TXN_844615,USR_01898,2023-04-25,817.99,Basic Plan,failed,Organic,South,mobile
TXN_211668,USR_01898,2023-05-25,9715.94,Enterprise Plan,completed,Organic,South,mobile
TXN_769944,USR_01899,2023-08-28,2828.0,Pro Plan,completed,Meta_Facebook,North,desktop
TXN_226741,USR_01900,2023-03-27,4622.31,One-Time Purchase,completed,Organic,West,tablet
TXN_784167,USR_01900,2023-05-04,2538.94,Pro Plan,completed,Organic,West,tablet
TXN_253539,USR_01900,2023-06-17,503.31,Basic Plan,completed,Organic,West,mobile
TXN_154346,USR_01901,2023-05-23,7443.3,Enterprise Plan,failed,Meta_Facebook,South,desktop
TXN_707779,USR_01902,2023-12-21,4691.98,One-Time Purchase,failed,Organic,West,tablet
TXN_555608,USR_01902,2024-02-19,2013.39,One-Time Purchase,refunded,Organic,West,desktop
TXN_858570,USR_01903,2023-07-24,5202.46,Enterprise Plan,refunded,Organic,West,tablet
TXN_116858,USR_01903,2023-09-06,1791.16,Pro Plan,completed,Organic,West,mobile
TXN_305810,USR_01904,2023-03-19,3505.11,One-Time Purchase,completed,Meta_Facebook,East,desktop
TXN_707603,USR_01904,2023-05-17,1689.78,Pro Plan,completed,Meta_Facebook,East,mobile
TXN_826956,USR_01904,2023-06-22,728.33,Basic Plan,completed,Meta_Facebook,East,desktop
TXN_715245,USR_01905,2023-09-02,666.29,Basic Plan,failed,Meta_Facebook,West,mobile
TXN_969064,USR_01906,2023-02-12,533.62,Basic Plan,failed,Email,North,mobile
TXN_687753,USR_01906,2023-03-30,566.28,Basic Plan,completed,Email,North,tablet
TXN_331375,USR_01907,2023-04-17,4357.53,One-Time Purchase,completed,Email,West,desktop
TXN_729274,USR_01907,2023-05-25,2036.23,Pro Plan,completed,Email,West,mobile
TXN_957947,USR_01907,2023-06-20,2517.37,One-Time Purchase,completed,Email,West,desktop
TXN_994502,USR_01907,2023-08-03,4928.27,One-Time Purchase,completed,Email,West,desktop
TXN_543843,USR_01908,2023-01-12,2724.93,Pro Plan,completed,Meta_Facebook,North,desktop
TXN_274531,USR_01909,2023-03-14,9290.56,Enterprise Plan,refunded,Email,West,tablet
TXN_796328,USR_01910,2023-05-29,1530.19,Pro Plan,completed,Google_Search,North,mobile
TXN_686655,USR_01911,2023-02-14,5429.08,Enterprise Plan,completed,Email,West,desktop
TXN_312775,USR_01912,2023-05-24,699.32,Basic Plan,failed,Meta_Facebook,South,tablet
TXN_499915,USR_01913,2023-12-23,4270.57,One-Time Purchase,completed,Meta_Facebook,South,tablet
TXN_717238,USR_01914,2023-02-15,762.16,Basic Plan,refunded,Google_Search,North,mobile
TXN_995072,USR_01915,2023-02-03,903.77,Basic Plan,completed,TikTok,West,tablet
TXN_167600,USR_01915,2023-02-25,2002.88,Pro Plan,completed,TikTok,West,desktop
TXN_840585,USR_01916,2023-10-06,1573.05,Pro Plan,completed,TikTok,South,mobile
TXN_513042,USR_01917,2023-11-21,620.22,Basic Plan,completed,Organic,West,mobile
TXN_645168,USR_01918,2023-01-13,2510.57,Pro Plan,completed,TikTok,North,mobile
TXN_852675,USR_01919,2023-10-20,4278.98,One-Time Purchase,completed,Email,West,mobile
TXN_553666,USR_01920,2023-02-15,1511.55,Pro Plan,refunded,Google_Search,East,desktop
TXN_883282,USR_01921,2023-11-13,777.85,Basic Plan,completed,TikTok,East,desktop
TXN_208890,USR_01922,2023-11-07,8237.19,Enterprise Plan,failed,Meta_Facebook,West,desktop
TXN_517467,USR_01922,2023-12-28,753.54,Basic Plan,completed,Meta_Facebook,West,mobile
TXN_786545,USR_01923,2023-04-21,5121.87,Enterprise Plan,failed,Organic,South,desktop
TXN_293017,USR_01923,2023-06-20,1106.92,One-Time Purchase,completed,Organic,South,desktop
TXN_514369,USR_01924,2023-09-21,3323.83,One-Time Purchase,completed,TikTok,North,desktop
TXN_712087,USR_01924,2023-10-21,730.9,Basic Plan,refunded,TikTok,North,mobile
TXN_554908,USR_01925,2023-02-24,2556.28,One-Time Purchase,completed,Meta_Facebook,East,desktop
TXN_125833,USR_01926,2023-07-14,9796.96,Enterprise Plan,refunded,Email,North,desktop
TXN_445675,USR_01927,2023-12-30,944.97,Basic Plan,completed,Email,North,desktop
TXN_660341,USR_01928,2023-10-20,1948.32,One-Time Purchase,completed,Google_Search,South,tablet
TXN_651112,USR_01928,2023-12-07,919.76,Basic Plan,completed,Google_Search,South,desktop
TXN_853296,USR_01928,2023-12-29,8868.34,Enterprise Plan,completed,Google_Search,South,tablet
TXN_688437,USR_01928,2024-01-29,2283.28,Pro Plan,completed,Google_Search,South,desktop
TXN_866599,USR_01929,2023-01-26,1526.03,Pro Plan,completed,Meta_Facebook,North,mobile
TXN_890873,USR_01930,2023-02-02,1592.61,One-Time Purchase,refunded,TikTok,West,mobile
TXN_527896,USR_01931,2023-07-25,1742.08,Pro Plan,completed,TikTok,East,tablet
TXN_920467,USR_01932,2023-11-21,2828.65,Pro Plan,completed,TikTok,North,desktop
TXN_503591,USR_01932,2024-01-20,2717.58,Pro Plan,completed,TikTok,North,tablet
TXN_931106,USR_01932,2024-03-07,2007.36,One-Time Purchase,completed,TikTok,North,tablet
TXN_618854,USR_01932,2024-05-06,847.64,Basic Plan,completed,TikTok,North,tablet
TXN_368133,USR_01933,2023-05-22,3486.96,One-Time Purchase,completed,Email,West,mobile
TXN_777318,USR_01933,2023-07-05,4007.23,One-Time Purchase,completed,Email,West,desktop
TXN_675639,USR_01934,2023-04-23,6903.09,Enterprise Plan,completed,Email,East,tablet
TXN_631288,USR_01934,2023-06-08,2498.39,Pro Plan,completed,Email,East,mobile
TXN_972546,USR_01935,2023-06-01,3259.91,One-Time Purchase,completed,TikTok,South,desktop
TXN_428403,USR_01935,2023-07-04,4199.39,One-Time Purchase,refunded,TikTok,South,mobile
TXN_593878,USR_01935,2023-08-02,2520.98,One-Time Purchase,refunded,TikTok,South,mobile
TXN_364054,USR_01936,2023-05-29,2484.33,Pro Plan,failed,Meta_Facebook,South,desktop
TXN_928842,USR_01937,2023-08-09,5117.9,Enterprise Plan,failed,TikTok,East,desktop
TXN_585995,USR_01938,2023-06-13,2297.02,Pro Plan,completed,Google_Search,East,mobile
TXN_895331,USR_01939,2023-01-05,5860.08,Enterprise Plan,refunded,Google_Search,West,mobile
TXN_613825,USR_01939,2023-03-02,2399.13,One-Time Purchase,failed,Google_Search,West,mobile
TXN_105019,USR_01939,2023-04-28,8333.77,Enterprise Plan,failed,Google_Search,West,mobile
TXN_809449,USR_01940,2023-02-02,5548.69,Enterprise Plan,completed,Organic,South,mobile
TXN_689642,USR_01940,2023-04-03,5114.8,Enterprise Plan,completed,Organic,South,mobile
TXN_586534,USR_01940,2023-05-12,2826.08,Pro Plan,completed,Organic,South,tablet
TXN_860095,USR_01941,2023-12-18,5939.45,Enterprise Plan,failed,Meta_Facebook,South,mobile
TXN_274975,USR_01941,2024-01-14,7879.52,Enterprise Plan,completed,Meta_Facebook,South,desktop
TXN_678143,USR_01941,2024-02-25,4139.44,One-Time Purchase,completed,Meta_Facebook,South,desktop
TXN_301786,USR_01942,2023-12-08,7478.55,Enterprise Plan,refunded,Email,North,tablet
TXN_762616,USR_01943,2023-12-13,9771.8,Enterprise Plan,completed,Email,East,desktop
TXN_797892,USR_01944,2023-11-17,5467.83,Enterprise Plan,completed,Google_Search,Central,desktop
TXN_670232,USR_01945,2023-06-10,936.85,One-Time Purchase,completed,Meta_Facebook,West,mobile
TXN_984412,USR_01946,2023-08-01,1474.85,One-Time Purchase,completed,Organic,South,mobile
TXN_282242,USR_01947,2023-09-01,1508.44,One-Time Purchase,completed,Email,West,desktop
TXN_563549,USR_01947,2023-09-22,754.58,Basic Plan,failed,Email,West,desktop
TXN_187908,USR_01947,2023-10-22,710.95,Basic Plan,completed,Email,West,tablet
TXN_880907,USR_01948,2023-08-09,9748.1,Enterprise Plan,completed,Meta_Facebook,North,desktop
TXN_745446,USR_01948,2023-09-01,855.14,Basic Plan,failed,Meta_Facebook,North,tablet
TXN_858723,USR_01948,2023-10-25,2870.57,Pro Plan,failed,Meta_Facebook,North,desktop
TXN_394017,USR_01948,2023-12-12,972.82,Basic Plan,completed,Meta_Facebook,North,mobile
TXN_789512,USR_01949,2023-09-29,7509.41,Enterprise Plan,completed,TikTok,Central,desktop
TXN_520204,USR_01950,2023-11-29,8038.03,Enterprise Plan,completed,Meta_Facebook,North,desktop
TXN_349085,USR_01950,2024-01-11,2328.47,Pro Plan,failed,Meta_Facebook,North,mobile
TXN_563012,USR_01950,2024-02-15,1999.52,One-Time Purchase,completed,Meta_Facebook,North,desktop
TXN_719152,USR_01951,2023-08-27,858.17,Basic Plan,completed,Meta_Facebook,Central,mobile
TXN_490607,USR_01952,2023-04-10,6242.66,Enterprise Plan,refunded,Google_Search,Central,mobile
TXN_212410,USR_01953,2023-12-18,856.9,One-Time Purchase,failed,Meta_Facebook,Central,desktop
TXN_734343,USR_01953,2024-01-08,973.36,Basic Plan,completed,Meta_Facebook,Central,mobile
TXN_248116,USR_01954,2023-06-23,2262.85,Pro Plan,completed,Google_Search,West,tablet
TXN_339691,USR_01954,2023-08-21,864.58,Basic Plan,completed,Google_Search,West,tablet
TXN_925068,USR_01954,2023-09-19,2094.61,Pro Plan,completed,Google_Search,West,desktop
TXN_219441,USR_01954,2023-11-06,2344.2,One-Time Purchase,completed,Google_Search,West,mobile
TXN_406202,USR_01955,2023-07-03,303.6,One-Time Purchase,failed,Meta_Facebook,Central,desktop
TXN_110855,USR_01956,2023-02-11,6369.82,Enterprise Plan,completed,Email,South,mobile
TXN_323395,USR_01957,2023-01-04,2907.27,One-Time Purchase,completed,Meta_Facebook,West,tablet
TXN_149525,USR_01958,2023-01-29,2426.17,One-Time Purchase,completed,Meta_Facebook,Central,mobile
TXN_823280,USR_01958,2023-02-21,1908.71,Pro Plan,failed,Meta_Facebook,Central,desktop
TXN_253297,USR_01958,2023-04-04,767.23,Basic Plan,failed,Meta_Facebook,Central,mobile
TXN_150822,USR_01959,2023-02-19,2168.61,Pro Plan,completed,Google_Search,North,desktop
TXN_671989,USR_01959,2023-03-17,6875.48,Enterprise Plan,completed,Google_Search,North,desktop
TXN_673471,USR_01959,2023-04-16,616.51,Basic Plan,failed,Google_Search,North,mobile
TXN_505521,USR_01960,2023-03-30,939.74,Basic Plan,failed,Google_Search,Central,tablet
TXN_809609,USR_01961,2023-11-23,617.78,Basic Plan,refunded,Organic,South,tablet
TXN_721292,USR_01962,2023-12-26,731.93,Basic Plan,refunded,Organic,South,tablet
TXN_184717,USR_01963,2023-08-08,510.57,Basic Plan,completed,Organic,South,desktop
TXN_353172,USR_01964,2023-12-24,727.38,Basic Plan,completed,Google_Search,North,desktop
TXN_659030,USR_01964,2024-02-17,896.23,Basic Plan,failed,Google_Search,North,tablet
TXN_489351,USR_01964,2024-03-28,2187.17,Pro Plan,refunded,Google_Search,North,mobile
TXN_540732,USR_01965,2023-10-27,6808.04,Enterprise Plan,completed,Google_Search,Central,tablet
TXN_962666,USR_01965,2023-12-16,1916.35,One-Time Purchase,completed,Google_Search,Central,mobile
TXN_560524,USR_01965,2024-02-12,2642.03,One-Time Purchase,completed,Google_Search,Central,desktop
TXN_713054,USR_01966,2023-12-12,2768.69,Pro Plan,completed,TikTok,Central,desktop
TXN_914073,USR_01966,2024-01-26,3894.09,One-Time Purchase,completed,TikTok,Central,desktop
TXN_317551,USR_01966,2024-03-20,685.13,Basic Plan,completed,TikTok,Central,desktop
TXN_273930,USR_01966,2024-04-15,3811.97,One-Time Purchase,completed,TikTok,Central,tablet
TXN_416592,USR_01966,2024-05-13,8335.08,Enterprise Plan,completed,TikTok,Central,desktop
TXN_215815,USR_01967,2023-04-01,1500.27,Pro Plan,failed,Organic,West,mobile
TXN_756628,USR_01967,2023-05-20,841.1,Basic Plan,completed,Organic,West,tablet
TXN_730157,USR_01967,2023-06-15,7555.79,Enterprise Plan,completed,Organic,West,desktop
TXN_428407,USR_01968,2023-04-17,919.86,Basic Plan,completed,Organic,East,desktop
TXN_685873,USR_01969,2023-07-18,607.23,Basic Plan,refunded,TikTok,Central,mobile
TXN_771818,USR_01969,2023-08-07,2228.63,Pro Plan,refunded,TikTok,Central,mobile
TXN_722706,USR_01970,2023-12-20,2668.2,Pro Plan,failed,Google_Search,East,mobile
TXN_333889,USR_01970,2024-01-19,690.65,Basic Plan,refunded,Google_Search,East,desktop
TXN_818894,USR_01970,2024-02-12,5248.4,Enterprise Plan,failed,Google_Search,East,mobile
TXN_394404,USR_01971,2023-10-24,1691.42,Pro Plan,completed,Google_Search,North,desktop
TXN_568031,USR_01971,2023-11-20,542.75,Basic Plan,completed,Google_Search,North,tablet
TXN_928436,USR_01972,2023-07-25,2770.36,One-Time Purchase,failed,Google_Search,West,tablet
TXN_211626,USR_01973,2023-10-23,656.86,Basic Plan,completed,Organic,East,desktop
TXN_473236,USR_01973,2023-11-19,4014.48,One-Time Purchase,completed,Organic,East,tablet
TXN_939687,USR_01974,2023-10-01,745.26,Basic Plan,failed,Google_Search,North,tablet
TXN_309837,USR_01974,2023-11-10,1641.07,Pro Plan,completed,Google_Search,North,mobile
TXN_419908,USR_01975,2023-07-07,784.77,One-Time Purchase,refunded,Email,West,tablet
TXN_651085,USR_01975,2023-08-22,543.34,Basic Plan,completed,Email,West,tablet
TXN_774236,USR_01976,2023-10-27,555.91,Basic Plan,completed,Google_Search,West,mobile
TXN_829397,USR_01976,2023-12-17,1934.88,One-Time Purchase,failed,Google_Search,West,mobile
TXN_652477,USR_01977,2023-12-20,1614.32,Pro Plan,refunded,Meta_Facebook,West,desktop
TXN_730589,USR_01978,2023-01-24,2213.33,Pro Plan,completed,Email,Central,desktop
TXN_960177,USR_01979,2023-06-01,2011.62,Pro Plan,completed,Email,Central,mobile
TXN_733084,USR_01980,2023-10-08,9994.95,Enterprise Plan,completed,Google_Search,South,tablet
TXN_210982,USR_01980,2023-11-06,8884.98,Enterprise Plan,completed,Google_Search,South,desktop
TXN_759921,USR_01980,2023-12-13,1983.01,Pro Plan,completed,Google_Search,South,tablet
TXN_227416,USR_01981,2023-08-04,2107.72,Pro Plan,completed,Meta_Facebook,North,tablet
TXN_964880,USR_01981,2023-09-27,6789.04,Enterprise Plan,completed,Meta_Facebook,North,mobile
TXN_328199,USR_01981,2023-11-21,1639.72,Pro Plan,completed,Meta_Facebook,North,mobile
TXN_454077,USR_01982,2023-11-05,2749.19,One-Time Purchase,failed,Meta_Facebook,North,tablet
TXN_133670,USR_01983,2023-08-08,2443.46,Pro Plan,failed,Email,East,tablet
TXN_538867,USR_01984,2023-04-01,1991.93,Pro Plan,completed,Google_Search,West,desktop
TXN_593322,USR_01984,2023-05-23,1822.69,Pro Plan,refunded,Google_Search,West,mobile
TXN_840658,USR_01985,2023-09-02,2558.92,Pro Plan,completed,Meta_Facebook,North,mobile
TXN_992321,USR_01985,2023-10-11,2468.51,Pro Plan,failed,Meta_Facebook,North,desktop
TXN_554955,USR_01986,2023-09-26,1776.24,Pro Plan,completed,Meta_Facebook,North,desktop
TXN_897734,USR_01987,2023-02-18,6341.28,Enterprise Plan,completed,TikTok,North,tablet
TXN_356534,USR_01987,2023-03-27,577.67,Basic Plan,completed,TikTok,North,desktop
TXN_639758,USR_01988,2023-06-07,558.01,Basic Plan,failed,Organic,West,desktop
TXN_301751,USR_01989,2023-08-02,653.46,Basic Plan,completed,Email,North,tablet
TXN_240755,USR_01990,2023-02-03,6554.23,Enterprise Plan,failed,Meta_Facebook,West,desktop
TXN_799816,USR_01991,2023-06-16,2077.32,Pro Plan,completed,Google_Search,Central,mobile
TXN_885749,USR_01992,2023-01-14,8081.51,Enterprise Plan,completed,Meta_Facebook,East,tablet
TXN_711410,USR_01993,2023-01-19,3641.29,One-Time Purchase,completed,Meta_Facebook,South,tablet
TXN_696305,USR_01994,2023-03-27,2304.89,Pro Plan,completed,TikTok,East,desktop
TXN_232976,USR_01995,2023-11-17,2674.16,Pro Plan,completed,TikTok,South,desktop
TXN_637277,USR_01996,2023-12-01,2294.81,One-Time Purchase,completed,Meta_Facebook,East,tablet
TXN_642525,USR_01997,2023-04-07,2707.93,Pro Plan,failed,Email,West,tablet
TXN_488945,USR_01997,2023-06-04,1885.03,Pro Plan,completed,Email,West,mobile
TXN_398087,USR_01998,2023-11-10,9058.68,Enterprise Plan,completed,Email,North,mobile
TXN_121835,USR_01998,2024-01-04,2330.73,Pro Plan,completed,Email,North,desktop
TXN_271011,USR_01998,2024-02-10,787.81,Basic Plan,completed,Email,North,tablet
TXN_360821,USR_01999,2023-09-25,4263.58,One-Time Purchase,completed,TikTok,East,tablet
TXN_980286,USR_02000,2023-11-06,1983.07,Pro Plan,completed,Organic,East,desktop
TXN_648440,USR_02000,2023-12-21,7288.53,Enterprise Plan,refunded,Organic,East,mobile
TXN_633367,USR_02000,2024-01-10,6368.84,Enterprise Plan,refunded,Organic,East,desktop
