user_id,signup_date,acquisition_channel,region,age_group,gender,plan_type,is_active
USR_00001,2023-11-24,Google_Search,North,35-44,Other,Pro Plan,0
USR_00002,2023-10-15,Meta_Facebook,Central,45-54,Other,Pro Plan,0
USR_00003,2023-06-24,Email,South,45-54,Female,Enterprise Plan,1
USR_00004,2023-01-23,Organic,Central,45-54,Male,One-Time Purchase,0
USR_00005,2023-07-05,TikTok,South,18-24,Female,Basic Plan,1
USR_00006,2023-07-01,Meta_Facebook,East,45-54,Other,Pro Plan,1
USR_00007,2023-06-11,Organic,East,18-24,Female,Pro Plan,0
USR_00008,2023-07-22,Organic,South,18-24,Male,Pro Plan,1
USR_00009,2023-02-26,Meta_Facebook,South,25-34,Other,Basic Plan,1
USR_00010,2023-01-06,Google_Search,Central,45-54,Male,Enterprise Plan,1
USR_00011,2023-05-15,TikTok,South,45-54,Female,Enterprise Plan,1
USR_00012,2023-06-15,Organic,North,45-54,Female,Enterprise Plan,1
USR_00013,2023-02-10,Google_Search,West,18-24,Other,Pro Plan,1
USR_00014,2023-12-20,Meta_Facebook,East,18-24,Other,Enterprise Plan,0
USR_00015,2023-08-31,Organic,South,18-24,Other,Basic Plan,1
USR_00016,2023-01-28,Google_Search,North,45-54,Female,Enterprise Plan,1
USR_00017,2023-10-09,Google_Search,North,35-44,Other,Basic Plan,1
USR_00018,2023-09-06,Organic,South,25-34,Female,Basic Plan,1
USR_00019,2023-02-01,Email,North,35-44,Other,One-Time Purchase,0
USR_00020,2023-09-18,Google_Search,South,55+,Other,Basic Plan,1
USR_00021,2023-10-17,TikTok,East,18-24,Female,Pro Plan,1
USR_00022,2023-02-21,Google_Search,Central,18-24,Other,Enterprise Plan,1
USR_00023,2023-10-11,Meta_Facebook,East,45-54,Female,Pro Plan,1
USR_00024,2023-01-23,Google_Search,East,45-54,Female,Enterprise Plan,1
USR_00025,2023-02-27,Google_Search,South,18-24,Male,Enterprise Plan,1
USR_00026,2023-01-22,Email,East,25-34,Other,Enterprise Plan,0
USR_00027,2023-07-01,TikTok,West,18-24,Female,Pro Plan,1
USR_00028,2023-06-20,Organic,South,35-44,Female,Pro Plan,1
USR_00029,2023-05-23,Google_Search,East,35-44,Male,One-Time Purchase,1
USR_00030,2023-05-14,Meta_Facebook,Central,35-44,Male,Basic Plan,1
USR_00031,2023-01-01,TikTok,Central,55+,Female,Enterprise Plan,0
USR_00032,2023-03-05,Email,Central,45-54,Other,One-Time Purchase,1
USR_00033,2023-01-01,Email,East,45-54,Female,One-Time Purchase,1
USR_00034,2023-03-17,Google_Search,North,45-54,Male,One-Time Purchase,1
USR_00035,2023-12-23,Organic,West,55+,Male,Pro Plan,0
USR_00036,2023-09-16,Organic,Central,55+,Male,Pro Plan,0
USR_00037,2023-05-22,TikTok,West,25-34,Female,Enterprise Plan,1
USR_00038,2023-02-02,Organic,West,25-34,Male,One-Time Purchase,1
USR_00039,2023-10-27,Google_Search,Central,18-24,Male,One-Time Purchase,1
USR_00040,2023-12-09,Organic,South,45-54,Other,Pro Plan,0
USR_00041,2023-01-14,Google_Search,West,55+,Female,One-Time Purchase,1
USR_00042,2023-08-29,Google_Search,Central,55+,Other,Enterprise Plan,1
USR_00043,2023-01-21,Google_Search,South,18-24,Female,Basic Plan,1
USR_00044,2023-04-22,Organic,East,25-34,Other,Pro Plan,0
USR_00045,2023-02-25,TikTok,North,45-54,Female,One-Time Purchase,0
USR_00046,2023-11-18,Meta_Facebook,North,45-54,Male,Basic Plan,1
USR_00047,2023-02-24,Organic,East,45-54,Female,Pro Plan,0
USR_00048,2023-10-03,Organic,West,25-34,Male,Enterprise Plan,1
USR_00049,2023-05-05,Organic,Central,45-54,Male,Enterprise Plan,1
USR_00050,2023-12-20,Organic,West,35-44,Other,Basic Plan,1
USR_00051,2023-10-02,Meta_Facebook,South,25-34,Other,One-Time Purchase,1
USR_00052,2023-09-09,Google_Search,North,45-54,Other,One-Time Purchase,0
USR_00053,2023-09-02,Google_Search,North,25-34,Male,One-Time Purchase,1
USR_00054,2023-11-13,Meta_Facebook,Central,55+,Male,One-Time Purchase,1
USR_00055,2023-01-31,TikTok,North,25-34,Male,Pro Plan,1
USR_00056,2023-03-22,Google_Search,West,45-54,Other,One-Time Purchase,0
USR_00057,2023-08-21,Google_Search,South,18-24,Female,Pro Plan,1
USR_00058,2023-03-14,Google_Search,North,45-54,Male,Enterprise Plan,1
USR_00059,2023-11-03,Google_Search,West,45-54,Female,Enterprise Plan,1
USR_00060,2023-12-11,Email,Central,35-44,Female,Pro Plan,0
USR_00061,2023-04-03,TikTok,West,45-54,Male,Basic Plan,0
USR_00062,2023-06-18,Organic,West,25-34,Female,One-Time Purchase,1
USR_00063,2023-01-28,Meta_Facebook,Central,45-54,Female,One-Time Purchase,1
USR_00064,2023-11-08,Meta_Facebook,South,18-24,Other,Basic Plan,0
USR_00065,2023-11-28,Meta_Facebook,West,45-54,Female,Enterprise Plan,0
USR_00066,2023-07-16,Meta_Facebook,Central,35-44,Other,Basic Plan,1
USR_00067,2023-05-25,Email,Central,35-44,Other,Pro Plan,1
USR_00068,2023-07-13,Organic,East,35-44,Other,Pro Plan,1
USR_00069,2023-01-19,Meta_Facebook,Central,25-34,Other,Basic Plan,1
USR_00070,2023-05-16,Email,Central,25-34,Female,Basic Plan,0
USR_00071,2023-09-07,TikTok,North,35-44,Male,Pro Plan,1
USR_00072,2023-03-27,Email,North,45-54,Female,Enterprise Plan,0
USR_00073,2023-08-09,Meta_Facebook,South,45-54,Other,Pro Plan,0
USR_00074,2023-09-12,TikTok,South,35-44,Male,One-Time Purchase,1
USR_00075,2023-08-27,Email,Central,25-34,Male,Basic Plan,0
USR_00076,2023-12-20,Email,West,45-54,Female,Pro Plan,1
USR_00077,2023-10-22,Email,East,18-24,Female,One-Time Purchase,0
USR_00078,2023-01-26,TikTok,West,35-44,Male,Pro Plan,1
USR_00079,2023-12-14,Meta_Facebook,North,18-24,Male,Enterprise Plan,1
USR_00080,2023-03-09,Google_Search,East,45-54,Male,One-Time Purchase,1
USR_00081,2023-06-23,Google_Search,West,18-24,Other,Pro Plan,1
USR_00082,2023-10-13,Email,North,18-24,Other,Basic Plan,1
USR_00083,2023-11-23,Email,North,55+,Female,One-Time Purchase,1
USR_00084,2023-11-22,Organic,East,45-54,Female,Basic Plan,0
USR_00085,2023-03-21,Organic,North,35-44,Other,One-Time Purchase,1
USR_00086,2023-11-27,Email,North,25-34,Other,Enterprise Plan,1
USR_00087,2023-11-25,TikTok,North,35-44,Female,Enterprise Plan,1
USR_00088,2023-04-16,Google_Search,Central,55+,Female,Pro Plan,0
USR_00089,2023-01-14,Meta_Facebook,North,35-44,Male,Pro Plan,1
USR_00090,2023-09-20,TikTok,North,25-34,Male,Pro Plan,1
USR_00091,2023-09-09,Organic,North,45-54,Female,Enterprise Plan,1
USR_00092,2023-10-08,Email,West,18-24,Male,One-Time Purchase,1
USR_00093,2023-11-30,TikTok,South,45-54,Male,One-Time Purchase,1
USR_00094,2023-12-18,Organic,North,18-24,Male,Basic Plan,1
USR_00095,2023-10-12,Google_Search,Central,35-44,Other,Basic Plan,1
USR_00096,2023-11-04,Email,East,45-54,Male,Pro Plan,1
USR_00097,2023-07-08,Google_Search,East,55+,Other,One-Time Purchase,0
USR_00098,2023-08-03,Organic,East,35-44,Male,Enterprise Plan,1
USR_00099,2023-04-21,TikTok,North,55+,Male,One-Time Purchase,1
USR_00100,2023-12-09,Email,North,55+,Male,Basic Plan,0
USR_00101,2023-06-08,Email,South,35-44,Female,Pro Plan,0
USR_00102,2023-10-17,TikTok,East,18-24,Female,Pro Plan,1
USR_00103,2023-10-30,Google_Search,East,45-54,Female,Enterprise Plan,0
USR_00104,2023-10-25,TikTok,North,18-24,Other,Pro Plan,0
USR_00105,2023-05-25,Organic,West,55+,Female,Basic Plan,1
USR_00106,2023-06-20,Google_Search,Central,35-44,Other,Enterprise Plan,0
USR_00107,2023-12-17,TikTok,North,55+,Female,Enterprise Plan,0
USR_00108,2023-09-06,Meta_Facebook,South,45-54,Other,Pro Plan,1
USR_00109,2023-08-13,Google_Search,West,55+,Male,Pro Plan,1
USR_00110,2023-10-20,Organic,West,25-34,Female,One-Time Purchase,0
USR_00111,2023-09-22,Google_Search,East,35-44,Other,Pro Plan,1
USR_00112,2023-04-24,Organic,East,18-24,Other,One-Time Purchase,1
USR_00113,2023-07-17,Google_Search,East,35-44,Other,Basic Plan,1
USR_00114,2023-03-12,Google_Search,East,25-34,Other,Pro Plan,1
USR_00115,2023-01-10,Email,South,18-24,Other,One-Time Purchase,1
USR_00116,2023-09-13,TikTok,Central,55+,Other,Pro Plan,1
USR_00117,2023-11-11,Email,South,45-54,Female,Pro Plan,1
USR_00118,2023-10-06,TikTok,Central,18-24,Female,One-Time Purchase,1
USR_00119,2023-07-11,Email,North,45-54,Other,Basic Plan,1
USR_00120,2023-06-20,Meta_Facebook,North,55+,Other,Enterprise Plan,0
USR_00121,2023-09-03,Meta_Facebook,South,25-34,Male,One-Time Purchase,1
USR_00122,2023-01-19,Meta_Facebook,East,35-44,Male,Basic Plan,1
USR_00123,2023-07-08,TikTok,East,18-24,Male,One-Time Purchase,1
USR_00124,2023-08-17,TikTok,West,55+,Female,One-Time Purchase,0
USR_00125,2023-05-21,Google_Search,North,18-24,Female,Enterprise Plan,0
USR_00126,2023-02-09,TikTok,South,35-44,Female,One-Time Purchase,1
USR_00127,2023-09-13,TikTok,West,25-34,Other,Enterprise Plan,1
USR_00128,2023-08-20,Meta_Facebook,West,35-44,Female,Enterprise Plan,1
USR_00129,2023-11-23,Meta_Facebook,East,25-34,Female,Basic Plan,0
USR_00130,2023-10-22,Google_Search,South,35-44,Female,Basic Plan,1
USR_00131,2023-10-10,TikTok,South,18-24,Male,One-Time Purchase,1
USR_00132,2023-02-10,Email,South,55+,Female,Pro Plan,1
USR_00133,2023-10-31,TikTok,South,18-24,Male,Enterprise Plan,1
USR_00134,2023-12-17,Organic,East,25-34,Other,Basic Plan,0
USR_00135,2023-03-08,Email,Central,25-34,Female,Enterprise Plan,1
USR_00136,2023-05-08,Meta_Facebook,East,55+,Other,Pro Plan,0
USR_00137,2023-09-12,Google_Search,North,45-54,Female,One-Time Purchase,0
USR_00138,2023-02-25,Organic,South,45-54,Female,Enterprise Plan,1
USR_00139,2023-04-10,Email,Central,25-34,Male,Basic Plan,1
USR_00140,2023-11-16,TikTok,North,35-44,Male,Basic Plan,1
USR_00141,2023-09-23,Organic,South,18-24,Male,Enterprise Plan,1
USR_00142,2023-06-03,TikTok,East,55+,Female,Enterprise Plan,1
USR_00143,2023-10-26,Email,North,35-44,Female,Enterprise Plan,1
USR_00144,2023-03-29,TikTok,Central,55+,Male,Pro Plan,1
USR_00145,2023-11-10,Organic,North,25-34,Other,Pro Plan,1
USR_00146,2023-12-15,Email,Central,25-34,Other,Pro Plan,1
USR_00147,2023-06-02,Email,South,45-54,Other,Enterprise Plan,1
USR_00148,2023-04-20,Meta_Facebook,Central,35-44,Other,Enterprise Plan,1
USR_00149,2023-02-21,Meta_Facebook,North,55+,Other,One-Time Purchase,1
USR_00150,2023-05-28,Email,East,18-24,Male,Basic Plan,0
USR_00151,2023-01-20,Meta_Facebook,West,35-44,Female,Basic Plan,1
USR_00152,2023-05-29,Google_Search,North,45-54,Female,Basic Plan,1
USR_00153,2023-10-18,Meta_Facebook,South,55+,Male,One-Time Purchase,1
USR_00154,2023-07-27,TikTok,East,55+,Male,Enterprise Plan,1
USR_00155,2023-12-07,Meta_Facebook,South,55+,Male,One-Time Purchase,1
USR_00156,2023-09-24,Organic,North,55+,Other,One-Time Purchase,1
USR_00157,2023-07-22,Email,North,55+,Other,Basic Plan,1
USR_00158,2023-02-05,Organic,North,18-24,Male,One-Time Purchase,1
USR_00159,2023-04-25,Google_Search,North,35-44,Female,One-Time Purchase,1
USR_00160,2023-05-07,Organic,East,35-44,Male,Enterprise Plan,1
USR_00161,2023-08-03,TikTok,North,35-44,Male,Pro Plan,1
USR_00162,2023-01-25,Meta_Facebook,North,55+,Female,One-Time Purchase,0
USR_00163,2023-12-11,Email,South,25-34,Male,Pro Plan,1
USR_00164,2023-11-26,Organic,Central,25-34,Male,One-Time Purchase,1
USR_00165,2023-08-02,TikTok,Central,25-34,Female,One-Time Purchase,1
USR_00166,2023-07-09,Google_Search,Central,35-44,Male,Basic Plan,1
USR_00167,2023-04-07,TikTok,Central,35-44,Other,One-Time Purchase,0
USR_00168,2023-03-02,Organic,South,18-24,Male,One-Time Purchase,1
USR_00169,2023-10-16,Meta_Facebook,South,18-24,Female,Enterprise Plan,1
USR_00170,2023-08-02,Email,South,35-44,Male,Enterprise Plan,1
USR_00171,2023-12-17,Email,East,18-24,Female,One-Time Purchase,1
USR_00172,2023-01-31,TikTok,Central,18-24,Male,One-Time Purchase,1
USR_00173,2023-04-02,Google_Search,North,35-44,Female,Pro Plan,1
USR_00174,2023-02-10,Email,West,45-54,Female,Pro Plan,1
USR_00175,2023-11-29,Google_Search,North,18-24,Male,One-Time Purchase,0
USR_00176,2023-02-12,Organic,West,35-44,Other,Basic Plan,1
USR_00177,2023-04-02,Email,North,35-44,Female,Pro Plan,0
USR_00178,2023-03-13,Google_Search,Central,45-54,Other,Basic Plan,0
USR_00179,2023-11-11,TikTok,West,25-34,Other,Basic Plan,1
USR_00180,2023-07-12,Organic,South,35-44,Female,Basic Plan,1
USR_00181,2023-01-14,Google_Search,East,55+,Other,Enterprise Plan,1
USR_00182,2023-10-14,Meta_Facebook,Central,55+,Other,One-Time Purchase,1
USR_00183,2023-04-11,Organic,North,25-34,Female,Enterprise Plan,1
USR_00184,2023-06-18,Organic,East,35-44,Male,Pro Plan,1
USR_00185,2023-10-22,Meta_Facebook,East,45-54,Female,Enterprise Plan,1
USR_00186,2023-04-18,Organic,East,55+,Other,One-Time Purchase,1
USR_00187,2023-11-03,Organic,Central,18-24,Female,One-Time Purchase,1
USR_00188,2023-02-13,Google_Search,South,45-54,Other,Pro Plan,0
USR_00189,2023-06-19,Organic,North,55+,Male,Basic Plan,1
USR_00190,2023-10-13,TikTok,Central,18-24,Other,One-Time Purchase,1
USR_00191,2023-03-19,Email,North,25-34,Other,Basic Plan,1
USR_00192,2023-08-13,Organic,East,25-34,Other,Enterprise Plan,1
USR_00193,2023-12-13,Meta_Facebook,South,45-54,Other,Pro Plan,1
USR_00194,2023-04-06,Organic,West,45-54,Other,Pro Plan,1
USR_00195,2023-12-27,Meta_Facebook,South,25-34,Other,Basic Plan,1
USR_00196,2023-11-09,Organic,Central,45-54,Female,Enterprise Plan,0
USR_00197,2023-10-30,Google_Search,South,25-34,Other,Basic Plan,0
USR_00198,2023-10-03,Meta_Facebook,Central,55+,Other,One-Time Purchase,0
USR_00199,2023-09-16,Organic,West,25-34,Male,One-Time Purchase,1
USR_00200,2023-04-23,Email,North,35-44,Female,Pro Plan,1
USR_00201,2023-09-11,TikTok,Central,18-24,Male,Basic Plan,1
USR_00202,2023-01-22,Organic,Central,55+,Male,One-Time Purchase,1
USR_00203,2023-01-17,Organic,East,35-44,Female,Basic Plan,1
USR_00204,2023-10-29,Email,Central,25-34,Other,Pro Plan,0
USR_00205,2023-09-30,Email,Central,18-24,Other,Enterprise Plan,1
USR_00206,2023-09-21,Google_Search,South,25-34,Male,Basic Plan,1
USR_00207,2023-05-18,Organic,West,18-24,Other,Basic Plan,0
USR_00208,2023-07-08,Organic,West,35-44,Other,Basic Plan,1
USR_00209,2023-12-24,Email,North,55+,Female,Pro Plan,1
USR_00210,2023-06-22,TikTok,Central,35-44,Male,One-Time Purchase,0
USR_00211,2023-08-08,Meta_Facebook,South,18-24,Male,Pro Plan,1
USR_00212,2023-12-25,Meta_Facebook,West,18-24,Female,Basic Plan,1
USR_00213,2023-08-05,Meta_Facebook,West,25-34,Other,Pro Plan,1
USR_00214,2023-03-15,Google_Search,Central,35-44,Other,Pro Plan,1
USR_00215,2023-03-19,Organic,Central,25-34,Other,Pro Plan,0
USR_00216,2023-06-29,Organic,East,18-24,Female,Pro Plan,1
USR_00217,2023-11-08,Email,North,35-44,Other,Pro Plan,1
USR_00218,2023-10-19,Organic,East,25-34,Male,One-Time Purchase,1
USR_00219,2023-10-02,TikTok,Central,18-24,Female,Enterprise Plan,1
USR_00220,2023-02-14,Organic,North,35-44,Female,Basic Plan,1
USR_00221,2023-05-13,Meta_Facebook,East,45-54,Female,Enterprise Plan,1
USR_00222,2023-05-20,TikTok,North,18-24,Other,Basic Plan,1
USR_00223,2023-03-27,Email,South,35-44,Male,Basic Plan,1
USR_00224,2023-01-02,Google_Search,North,45-54,Female,Basic Plan,1
USR_00225,2024-01-01,Organic,South,25-34,Male,Pro Plan,1
USR_00226,2023-03-03,TikTok,North,45-54,Female,Pro Plan,1
USR_00227,2023-06-09,Email,North,45-54,Male,Basic Plan,1
USR_00228,2023-05-06,Meta_Facebook,North,55+,Other,Basic Plan,0
USR_00229,2023-01-01,Organic,East,55+,Other,Pro Plan,0
USR_00230,2023-03-14,Email,North,45-54,Female,Pro Plan,0
USR_00231,2023-07-10,Organic,North,55+,Other,Pro Plan,1
USR_00232,2023-07-21,Email,East,18-24,Male,Enterprise Plan,0
USR_00233,2023-06-17,Meta_Facebook,North,18-24,Female,Enterprise Plan,1
USR_00234,2023-03-31,Google_Search,West,25-34,Other,Pro Plan,1
USR_00235,2023-02-13,TikTok,Central,18-24,Male,Basic Plan,1
USR_00236,2023-02-17,Email,North,55+,Female,One-Time Purchase,1
USR_00237,2023-07-22,Organic,North,35-44,Female,One-Time Purchase,1
USR_00238,2023-10-09,Organic,North,45-54,Male,Enterprise Plan,1
USR_00239,2023-10-06,Organic,East,25-34,Other,One-Time Purchase,1
USR_00240,2023-03-23,Google_Search,South,25-34,Female,Enterprise Plan,1
USR_00241,2023-07-18,Email,South,35-44,Other,Pro Plan,1
USR_00242,2023-09-10,TikTok,East,25-34,Other,One-Time Purchase,1
USR_00243,2023-06-15,Google_Search,North,55+,Female,Pro Plan,1
USR_00244,2023-12-06,Organic,Central,18-24,Other,Enterprise Plan,1
USR_00245,2023-09-07,Email,South,35-44,Female,Pro Plan,1
USR_00246,2023-03-27,Google_Search,East,35-44,Male,Basic Plan,1
USR_00247,2023-07-31,Organic,West,45-54,Male,One-Time Purchase,1
USR_00248,2023-02-17,Email,Central,55+,Female,Basic Plan,1
USR_00249,2023-10-04,Email,East,45-54,Female,Pro Plan,1
USR_00250,2023-04-13,Google_Search,North,18-24,Other,Pro Plan,1
USR_00251,2023-08-30,Organic,East,25-34,Male,One-Time Purchase,0
USR_00252,2023-10-16,Google_Search,South,45-54,Male,Basic Plan,1
USR_00253,2023-07-18,TikTok,West,55+,Other,Pro Plan,0
USR_00254,2023-03-06,Google_Search,West,55+,Other,One-Time Purchase,0
USR_00255,2023-06-16,Email,Central,35-44,Female,Basic Plan,1
USR_00256,2023-02-21,Email,Central,55+,Male,One-Time Purchase,1
USR_00257,2023-01-11,Email,East,55+,Other,Enterprise Plan,1
USR_00258,2023-02-15,Meta_Facebook,West,25-34,Other,One-Time Purchase,1
USR_00259,2023-02-03,Email,Central,55+,Male,Pro Plan,1
USR_00260,2023-12-27,Meta_Facebook,East,55+,Male,One-Time Purchase,1
USR_00261,2023-12-13,Meta_Facebook,East,25-34,Female,Basic Plan,1
USR_00262,2023-11-04,Google_Search,South,18-24,Female,Enterprise Plan,1
USR_00263,2023-06-28,Organic,East,45-54,Other,One-Time Purchase,1
USR_00264,2023-01-04,TikTok,East,45-54,Female,Enterprise Plan,0
USR_00265,2023-05-22,Email,East,45-54,Other,Pro Plan,1
USR_00266,2023-12-15,Meta_Facebook,North,55+,Female,Enterprise Plan,1
USR_00267,2023-10-20,Meta_Facebook,East,35-44,Other,One-Time Purchase,1
USR_00268,2023-12-03,TikTok,South,45-54,Female,Basic Plan,1
USR_00269,2023-04-04,Email,North,55+,Female,Enterprise Plan,0
USR_00270,2023-11-14,Google_Search,West,35-44,Male,Basic Plan,1
USR_00271,2023-08-23,Meta_Facebook,East,25-34,Female,Basic Plan,1
USR_00272,2023-02-15,Meta_Facebook,Central,18-24,Female,One-Time Purchase,1
USR_00273,2023-02-22,Organic,Central,35-44,Other,Pro Plan,1
USR_00274,2023-11-02,TikTok,East,55+,Other,Pro Plan,1
USR_00275,2023-07-26,Google_Search,South,55+,Other,Pro Plan,0
USR_00276,2023-08-02,Organic,West,35-44,Other,Enterprise Plan,0
USR_00277,2023-11-15,TikTok,South,35-44,Male,Basic Plan,1
USR_00278,2023-09-12,Meta_Facebook,Central,35-44,Other,Enterprise Plan,0
USR_00279,2023-02-21,Email,South,25-34,Female,Enterprise Plan,0
USR_00280,2023-07-04,Email,West,35-44,Male,Basic Plan,1
USR_00281,2023-07-10,Email,South,55+,Other,One-Time Purchase,0
USR_00282,2023-11-29,Meta_Facebook,North,45-54,Female,Basic Plan,1
USR_00283,2023-08-14,Google_Search,North,25-34,Female,Enterprise Plan,0
USR_00284,2023-04-25,Email,Central,35-44,Female,One-Time Purchase,1
USR_00285,2023-09-11,Meta_Facebook,North,35-44,Other,Enterprise Plan,0
USR_00286,2023-07-13,Organic,South,35-44,Male,One-Time Purchase,0
USR_00287,2023-02-22,Organic,West,45-54,Other,Basic Plan,0
USR_00288,2023-06-05,TikTok,Central,25-34,Other,One-Time Purchase,1
USR_00289,2023-06-19,TikTok,Central,18-24,Other,Enterprise Plan,1
USR_00290,2023-01-24,Meta_Facebook,West,35-44,Other,One-Time Purchase,1
USR_00291,2023-07-21,Meta_Facebook,West,18-24,Male,Enterprise Plan,0
USR_00292,2023-04-01,TikTok,South,25-34,Male,Basic Plan,1
USR_00293,2023-08-03,TikTok,South,35-44,Other,One-Time Purchase,0
USR_00294,2023-04-13,Meta_Facebook,Central,25-34,Male,Enterprise Plan,1
USR_00295,2023-12-08,Organic,Central,25-34,Male,One-Time Purchase,1
USR_00296,2023-08-20,Google_Search,Central,55+,Other,One-Time Purchase,1
USR_00297,2023-07-18,Organic,East,35-44,Other,Basic Plan,1
USR_00298,2023-04-26,Email,Central,45-54,Female,Pro Plan,0
USR_00299,2023-09-21,Google_Search,West,55+,Male,One-Time Purchase,1
USR_00300,2023-10-27,Email,North,45-54,Other,One-Time Purchase,1
USR_00301,2023-11-17,TikTok,East,18-24,Other,Enterprise Plan,1
USR_00302,2023-09-24,Google_Search,Central,35-44,Male,One-Time Purchase,1
USR_00303,2023-12-06,Email,East,25-34,Female,Enterprise Plan,1
USR_00304,2023-11-29,Google_Search,North,18-24,Female,One-Time Purchase,1
USR_00305,2023-12-16,Email,West,45-54,Other,One-Time Purchase,1
USR_00306,2023-07-11,TikTok,Central,35-44,Other,One-Time Purchase,0
USR_00307,2023-12-26,Organic,North,45-54,Other,Basic Plan,0
USR_00308,2023-08-19,Organic,West,18-24,Female,Basic Plan,1
USR_00309,2023-12-05,Google_Search,West,35-44,Female,Pro Plan,0
USR_00310,2023-03-15,Email,East,18-24,Female,Pro Plan,1
USR_00311,2023-07-21,TikTok,Central,55+,Male,Enterprise Plan,0
USR_00312,2023-04-10,Google_Search,South,18-24,Other,One-Time Purchase,0
USR_00313,2023-02-04,Email,North,45-54,Female,One-Time Purchase,0
USR_00314,2023-06-06,TikTok,South,25-34,Female,Enterprise Plan,1
USR_00315,2023-12-31,Organic,East,18-24,Other,Pro Plan,1
USR_00316,2023-11-17,Google_Search,North,25-34,Female,Basic Plan,1
USR_00317,2023-04-19,Google_Search,Central,55+,Other,One-Time Purchase,1
USR_00318,2023-10-29,Email,South,18-24,Other,Basic Plan,1
USR_00319,2023-11-11,Meta_Facebook,Central,55+,Female,One-Time Purchase,0
USR_00320,2023-09-05,Email,North,45-54,Other,One-Time Purchase,1
USR_00321,2023-09-23,Email,West,55+,Female,One-Time Purchase,1
USR_00322,2023-09-24,Email,East,25-34,Male,One-Time Purchase,1
USR_00323,2023-06-26,Organic,West,35-44,Other,Pro Plan,1
USR_00324,2023-11-26,Email,South,55+,Male,Pro Plan,1
USR_00325,2023-01-23,Meta_Facebook,Central,45-54,Female,Pro Plan,1
USR_00326,2023-08-30,Organic,South,35-44,Other,One-Time Purchase,1
USR_00327,2023-05-16,Meta_Facebook,East,18-24,Male,Basic Plan,0
USR_00328,2023-11-04,Google_Search,Central,25-34,Female,Basic Plan,1
USR_00329,2023-12-14,Organic,Central,25-34,Other,Enterprise Plan,1
USR_00330,2023-09-04,Organic,East,45-54,Female,One-Time Purchase,1
USR_00331,2023-01-04,TikTok,Central,35-44,Other,Basic Plan,0
USR_00332,2023-10-02,Organic,Central,18-24,Female,Enterprise Plan,1
USR_00333,2023-10-13,Organic,South,45-54,Female,One-Time Purchase,1
USR_00334,2023-12-04,Google_Search,South,55+,Other,Pro Plan,1
USR_00335,2023-12-17,Google_Search,South,55+,Other,Basic Plan,1
USR_00336,2023-07-25,TikTok,Central,45-54,Female,Basic Plan,1
USR_00337,2023-12-12,Google_Search,East,35-44,Male,Basic Plan,1
USR_00338,2023-07-27,TikTok,South,55+,Other,Basic Plan,1
USR_00339,2023-10-14,TikTok,East,35-44,Male,Enterprise Plan,1
USR_00340,2023-07-13,TikTok,West,55+,Male,Enterprise Plan,1
USR_00341,2023-09-04,Google_Search,East,25-34,Other,One-Time Purchase,1
USR_00342,2023-07-31,Email,Central,45-54,Female,Enterprise Plan,1
USR_00343,2023-06-25,Google_Search,Central,55+,Other,One-Time Purchase,1
USR_00344,2023-12-16,Meta_Facebook,West,55+,Other,Pro Plan,1
USR_00345,2023-11-13,Email,South,55+,Female,Basic Plan,1
USR_00346,2023-09-10,TikTok,East,45-54,Female,Pro Plan,0
USR_00347,2023-03-07,Google_Search,Central,35-44,Female,One-Time Purchase,1
USR_00348,2023-03-31,Organic,North,55+,Male,Enterprise Plan,0
USR_00349,2023-06-16,Email,Central,18-24,Female,Pro Plan,1
USR_00350,2023-02-21,Email,South,35-44,Other,One-Time Purchase,1
USR_00351,2023-06-03,Email,Central,25-34,Other,One-Time Purchase,1
USR_00352,2023-05-11,Organic,North,25-34,Female,Enterprise Plan,0
USR_00353,2023-11-29,TikTok,South,45-54,Male,Enterprise Plan,1
USR_00354,2023-07-15,TikTok,East,45-54,Other,Pro Plan,1
USR_00355,2023-10-20,Organic,North,25-34,Other,Pro Plan,1
USR_00356,2023-11-06,Organic,East,55+,Female,Enterprise Plan,1
USR_00357,2023-03-09,TikTok,South,45-54,Female,Basic Plan,1
USR_00358,2023-10-04,Email,Central,35-44,Male,Pro Plan,1
USR_00359,2023-11-20,TikTok,West,25-34,Female,Enterprise Plan,0
USR_00360,2023-03-11,Email,East,45-54,Male,Basic Plan,1
USR_00361,2023-11-27,Organic,West,18-24,Male,Enterprise Plan,1
USR_00362,2023-12-17,Email,East,35-44,Other,One-Time Purchase,1
USR_00363,2023-07-10,Organic,North,45-54,Female,Basic Plan,1
USR_00364,2023-03-23,Google_Search,Central,35-44,Other,Enterprise Plan,1
USR_00365,2023-04-22,Google_Search,South,25-34,Other,Enterprise Plan,1
USR_00366,2023-01-05,Google_Search,Central,35-44,Other,Pro Plan,0
USR_00367,2023-12-26,TikTok,North,25-34,Male,One-Time Purchase,1
USR_00368,2023-08-13,Meta_Facebook,North,35-44,Female,Enterprise Plan,1
USR_00369,2023-10-05,Organic,South,45-54,Female,Enterprise Plan,1
USR_00370,2023-11-14,Meta_Facebook,East,25-34,Female,One-Time Purchase,1
USR_00371,2023-06-15,Organic,East,45-54,Female,Basic Plan,1
USR_00372,2023-04-14,Google_Search,West,45-54,Other,Basic Plan,1
USR_00373,2023-08-01,Email,North,35-44,Female,Basic Plan,1
USR_00374,2023-04-02,TikTok,Central,55+,Other,Basic Plan,1
USR_00375,2023-08-07,Google_Search,South,25-34,Male,One-Time Purchase,1
USR_00376,2023-08-09,Email,Central,55+,Female,Pro Plan,1
USR_00377,2023-08-18,Organic,North,35-44,Other,Enterprise Plan,1
USR_00378,2023-01-04,Email,South,55+,Female,Enterprise Plan,0
USR_00379,2023-04-22,Google_Search,East,55+,Female,Pro Plan,0
USR_00380,2023-06-03,Google_Search,Central,35-44,Other,Basic Plan,1
USR_00381,2023-03-03,Meta_Facebook,Central,45-54,Female,One-Time Purchase,1
USR_00382,2023-10-04,TikTok,South,25-34,Other,Pro Plan,1
USR_00383,2023-10-22,TikTok,North,18-24,Male,One-Time Purchase,0
USR_00384,2023-12-24,Meta_Facebook,South,25-34,Male,Pro Plan,1
USR_00385,2023-09-26,Meta_Facebook,South,35-44,Female,Enterprise Plan,1
USR_00386,2023-06-26,TikTok,North,35-44,Male,Pro Plan,0
USR_00387,2023-05-28,Google_Search,East,18-24,Female,Enterprise Plan,0
USR_00388,2023-12-22,Google_Search,West,55+,Female,Enterprise Plan,1
USR_00389,2023-11-13,Email,North,35-44,Other,Basic Plan,0
USR_00390,2023-01-10,Email,West,55+,Female,One-Time Purchase,1
USR_00391,2023-09-30,Google_Search,South,35-44,Male,One-Time Purchase,1
USR_00392,2023-06-06,Email,West,35-44,Other,Pro Plan,1
USR_00393,2023-05-24,Meta_Facebook,South,18-24,Other,One-Time Purchase,1
USR_00394,2023-11-10,Meta_Facebook,West,45-54,Female,Pro Plan,1
USR_00395,2023-06-08,TikTok,South,45-54,Male,Pro Plan,1
USR_00396,2023-03-02,Meta_Facebook,East,45-54,Male,Basic Plan,1
USR_00397,2023-11-23,Email,South,55+,Female,Basic Plan,1
USR_00398,2023-04-26,Google_Search,West,18-24,Male,Enterprise Plan,0
USR_00399,2023-04-14,Meta_Facebook,North,35-44,Other,One-Time Purchase,1
USR_00400,2023-08-07,Organic,North,18-24,Male,Enterprise Plan,0
USR_00401,2023-07-22,Google_Search,Central,18-24,Female,Basic Plan,0
USR_00402,2023-11-27,Organic,North,55+,Other,Pro Plan,1
USR_00403,2023-04-14,Organic,North,55+,Male,Enterprise Plan,0
USR_00404,2023-09-19,TikTok,South,55+,Female,One-Time Purchase,1
USR_00405,2023-11-08,Organic,South,55+,Female,One-Time Purchase,1
USR_00406,2023-06-02,Email,North,18-24,Female,Basic Plan,1
USR_00407,2023-05-26,TikTok,Central,18-24,Other,One-Time Purchase,1
USR_00408,2023-07-31,TikTok,South,55+,Male,Basic Plan,0
USR_00409,2023-07-01,Meta_Facebook,Central,45-54,Female,One-Time Purchase,1
USR_00410,2023-01-01,Google_Search,North,35-44,Male,Basic Plan,0
USR_00411,2023-01-04,Google_Search,East,45-54,Male,One-Time Purchase,1
USR_00412,2023-11-18,Organic,Central,35-44,Other,One-Time Purchase,0
USR_00413,2023-07-01,Google_Search,South,18-24,Female,Basic Plan,1
USR_00414,2023-07-19,Meta_Facebook,Central,45-54,Male,Enterprise Plan,1
USR_00415,2023-04-21,TikTok,East,55+,Other,Basic Plan,1
USR_00416,2023-09-26,Email,East,35-44,Male,Basic Plan,1
USR_00417,2023-08-24,Organic,Central,25-34,Female,Basic Plan,1
USR_00418,2023-01-12,TikTok,East,25-34,Other,Enterprise Plan,1
USR_00419,2023-12-10,Google_Search,East,18-24,Female,Pro Plan,1
USR_00420,2023-03-29,Google_Search,East,18-24,Other,One-Time Purchase,0
USR_00421,2023-11-19,Organic,Central,35-44,Male,Enterprise Plan,0
USR_00422,2023-05-25,Email,Central,35-44,Other,Basic Plan,1
USR_00423,2023-02-06,Email,Central,45-54,Female,One-Time Purchase,1
USR_00424,2023-08-11,TikTok,East,35-44,Female,Pro Plan,0
USR_00425,2023-02-28,TikTok,Central,45-54,Male,Enterprise Plan,1
USR_00426,2023-12-05,Google_Search,North,55+,Male,Pro Plan,1
USR_00427,2023-08-20,TikTok,East,18-24,Other,One-Time Purchase,1
USR_00428,2023-12-14,Email,West,45-54,Other,Basic Plan,1
USR_00429,2023-02-01,Email,Central,35-44,Other,Basic Plan,0
USR_00430,2023-01-16,Meta_Facebook,West,35-44,Other,Enterprise Plan,1
USR_00431,2023-03-20,Email,South,45-54,Male,Basic Plan,1
USR_00432,2023-03-11,Google_Search,South,35-44,Male,One-Time Purchase,0
USR_00433,2023-05-24,Organic,Central,25-34,Other,Basic Plan,0
USR_00434,2023-10-04,TikTok,East,55+,Female,Enterprise Plan,1
USR_00435,2023-09-20,Organic,Central,25-34,Other,One-Time Purchase,0
USR_00436,2023-11-02,Email,Central,45-54,Other,Basic Plan,1
USR_00437,2023-05-30,TikTok,North,18-24,Male,One-Time Purchase,1
USR_00438,2023-10-30,Meta_Facebook,West,25-34,Male,Pro Plan,1
USR_00439,2023-01-17,Email,North,35-44,Other,Pro Plan,1
USR_00440,2023-11-23,Meta_Facebook,South,35-44,Male,Basic Plan,0
USR_00441,2023-03-16,TikTok,West,18-24,Male,Enterprise Plan,0
USR_00442,2023-06-11,TikTok,North,55+,Other,Enterprise Plan,1
USR_00443,2023-07-20,Organic,South,35-44,Other,Enterprise Plan,1
USR_00444,2023-02-04,Google_Search,West,45-54,Female,Basic Plan,0
USR_00445,2023-12-03,Meta_Facebook,Central,35-44,Other,Basic Plan,1
USR_00446,2023-04-05,Google_Search,South,45-54,Female,Enterprise Plan,1
USR_00447,2023-12-21,Email,East,25-34,Female,Basic Plan,1
USR_00448,2023-05-13,Email,South,35-44,Female,Basic Plan,1
USR_00449,2023-02-25,Meta_Facebook,Central,18-24,Other,Pro Plan,1
USR_00450,2023-03-18,Google_Search,North,55+,Other,Enterprise Plan,1
USR_00451,2023-01-02,Organic,West,18-24,Male,Enterprise Plan,0
USR_00452,2023-11-28,Google_Search,East,45-54,Male,Basic Plan,1
USR_00453,2023-07-16,Meta_Facebook,East,35-44,Male,Basic Plan,1
USR_00454,2023-08-19,Google_Search,North,25-34,Other,Basic Plan,1
USR_00455,2023-11-13,Google_Search,South,55+,Male,Basic Plan,0
USR_00456,2023-10-30,Google_Search,North,45-54,Other,One-Time Purchase,1
USR_00457,2023-03-12,Email,South,18-24,Other,Pro Plan,1
USR_00458,2023-08-01,Meta_Facebook,East,45-54,Male,One-Time Purchase,1
USR_00459,2023-11-20,TikTok,West,45-54,Other,Basic Plan,1
USR_00460,2023-12-28,TikTok,East,25-34,Male,One-Time Purchase,1
USR_00461,2023-09-13,TikTok,North,35-44,Other,Enterprise Plan,1
USR_00462,2023-02-18,TikTok,East,25-34,Male,One-Time Purchase,1
USR_00463,2023-01-23,Google_Search,East,35-44,Male,Pro Plan,1
USR_00464,2023-02-06,Meta_Facebook,West,18-24,Male,One-Time Purchase,0
USR_00465,2023-07-18,Email,South,25-34,Other,Pro Plan,1
USR_00466,2023-06-25,Meta_Facebook,East,45-54,Male,Pro Plan,1
USR_00467,2023-08-11,TikTok,South,18-24,Other,Basic Plan,0
USR_00468,2023-02-12,TikTok,North,45-54,Female,Pro Plan,0
USR_00469,2023-07-09,Organic,North,45-54,Male,One-Time Purchase,1
USR_00470,2023-04-17,Google_Search,Central,45-54,Other,Basic Plan,0
USR_00471,2023-10-15,Meta_Facebook,South,45-54,Male,Pro Plan,1
USR_00472,2023-12-26,Meta_Facebook,South,45-54,Female,Enterprise Plan,1
USR_00473,2023-09-30,TikTok,East,55+,Female,Enterprise Plan,1
USR_00474,2023-08-23,Google_Search,North,45-54,Female,Pro Plan,0
USR_00475,2023-06-25,Email,West,18-24,Other,One-Time Purchase,0
USR_00476,2023-04-27,Organic,East,25-34,Male,Basic Plan,0
USR_00477,2023-12-31,TikTok,East,25-34,Male,Pro Plan,1
USR_00478,2023-06-26,Meta_Facebook,East,55+,Other,Pro Plan,0
USR_00479,2023-08-23,Email,South,55+,Male,Enterprise Plan,1
USR_00480,2023-10-21,Meta_Facebook,Central,18-24,Other,Enterprise Plan,0
USR_00481,2023-03-01,Email,North,55+,Male,Pro Plan,1
USR_00482,2023-10-26,TikTok,South,25-34,Other,Pro Plan,1
USR_00483,2023-07-21,Meta_Facebook,West,45-54,Female,Basic Plan,1
USR_00484,2023-02-14,Meta_Facebook,West,45-54,Female,One-Time Purchase,0
USR_00485,2023-09-09,Google_Search,East,45-54,Female,One-Time Purchase,1
USR_00486,2023-09-09,Meta_Facebook,North,55+,Other,Enterprise Plan,1
USR_00487,2023-10-17,Organic,East,45-54,Male,Basic Plan,1
USR_00488,2023-10-06,Email,East,25-34,Other,Enterprise Plan,1
USR_00489,2023-03-15,Google_Search,South,45-54,Female,Enterprise Plan,1
USR_00490,2023-12-31,TikTok,North,55+,Other,One-Time Purchase,0
USR_00491,2023-06-25,Meta_Facebook,East,18-24,Male,Basic Plan,1
USR_00492,2023-04-27,Email,South,25-34,Female,Pro Plan,1
USR_00493,2023-09-20,TikTok,North,55+,Female,Basic Plan,1
USR_00494,2023-03-05,TikTok,South,18-24,Other,Pro Plan,1
USR_00495,2023-06-28,Email,South,35-44,Other,Basic Plan,1
USR_00496,2023-02-20,Meta_Facebook,Central,25-34,Female,Enterprise Plan,1
USR_00497,2023-06-10,Google_Search,West,55+,Female,Pro Plan,0
USR_00498,2023-02-12,Email,West,18-24,Female,One-Time Purchase,1
USR_00499,2023-09-01,Email,South,25-34,Male,One-Time Purchase,1
USR_00500,2023-12-04,Google_Search,North,25-34,Male,One-Time Purchase,1
USR_00501,2023-10-25,TikTok,East,45-54,Other,Enterprise Plan,1
USR_00502,2023-03-10,Google_Search,North,35-44,Male,Basic Plan,0
USR_00503,2023-11-06,Email,South,18-24,Male,Basic Plan,1
USR_00504,2023-04-14,Email,West,18-24,Female,Enterprise Plan,1
USR_00505,2023-03-02,Organic,West,55+,Other,One-Time Purchase,0
USR_00506,2023-06-05,Meta_Facebook,West,35-44,Female,Pro Plan,1
USR_00507,2023-12-04,TikTok,Central,25-34,Other,One-Time Purchase,1
USR_00508,2023-12-05,Meta_Facebook,South,25-34,Female,Enterprise Plan,1
USR_00509,2023-08-04,Email,North,55+,Female,Basic Plan,1
USR_00510,2023-09-08,Google_Search,South,55+,Other,One-Time Purchase,1
USR_00511,2023-02-17,TikTok,North,18-24,Female,Enterprise Plan,1
USR_00512,2023-06-10,Meta_Facebook,West,45-54,Male,Enterprise Plan,1
USR_00513,2023-11-18,TikTok,South,18-24,Female,Pro Plan,1
USR_00514,2023-07-30,Email,North,35-44,Female,One-Time Purchase,0
USR_00515,2023-05-01,Organic,South,55+,Male,Pro Plan,1
USR_00516,2023-05-20,Meta_Facebook,North,18-24,Male,Enterprise Plan,1
USR_00517,2023-01-29,Google_Search,East,18-24,Female,Basic Plan,1
USR_00518,2023-10-25,TikTok,East,18-24,Male,Basic Plan,1
USR_00519,2023-07-19,Meta_Facebook,West,25-34,Male,Pro Plan,1
USR_00520,2023-09-01,Meta_Facebook,East,35-44,Other,Enterprise Plan,0
USR_00521,2023-11-07,Google_Search,North,55+,Other,Enterprise Plan,1
USR_00522,2023-12-17,Google_Search,Central,25-34,Female,One-Time Purchase,0
USR_00523,2023-05-01,Email,South,18-24,Female,One-Time Purchase,0
USR_00524,2023-09-09,Organic,West,18-24,Female,One-Time Purchase,1
USR_00525,2023-01-15,Google_Search,South,25-34,Male,Pro Plan,1
USR_00526,2023-02-26,Meta_Facebook,South,45-54,Other,One-Time Purchase,0
USR_00527,2023-01-12,TikTok,Central,18-24,Other,Basic Plan,1
USR_00528,2023-03-02,Google_Search,Central,18-24,Male,One-Time Purchase,1
USR_00529,2023-11-04,Meta_Facebook,East,45-54,Male,One-Time Purchase,1
USR_00530,2023-12-29,Organic,Central,18-24,Female,Basic Plan,1
USR_00531,2023-10-14,Google_Search,Central,55+,Male,Enterprise Plan,1
USR_00532,2023-05-24,Email,West,25-34,Male,Enterprise Plan,0
USR_00533,2023-06-11,Organic,South,45-54,Other,Basic Plan,1
USR_00534,2023-12-30,TikTok,West,18-24,Other,One-Time Purchase,0
USR_00535,2023-12-06,TikTok,South,45-54,Female,Pro Plan,0
USR_00536,2023-12-13,Google_Search,East,45-54,Male,Enterprise Plan,1
USR_00537,2023-07-11,TikTok,North,45-54,Female,Pro Plan,1
USR_00538,2023-06-16,TikTok,South,35-44,Female,Basic Plan,0
USR_00539,2023-12-17,TikTok,South,25-34,Male,Basic Plan,0
USR_00540,2023-09-01,Email,Central,25-34,Male,Basic Plan,1
USR_00541,2023-02-17,Google_Search,Central,25-34,Male,One-Time Purchase,1
USR_00542,2023-09-27,TikTok,North,55+,Female,One-Time Purchase,0
USR_00543,2023-06-03,Meta_Facebook,Central,35-44,Female,Enterprise Plan,1
USR_00544,2023-07-01,Email,Central,35-44,Male,Basic Plan,1
USR_00545,2023-01-24,Google_Search,West,35-44,Other,Enterprise Plan,1
USR_00546,2023-05-16,Email,South,55+,Male,Pro Plan,1
USR_00547,2023-07-27,TikTok,West,45-54,Other,Enterprise Plan,1
USR_00548,2023-04-18,Organic,South,18-24,Other,One-Time Purchase,1
USR_00549,2023-03-17,Organic,West,35-44,Female,Basic Plan,1
USR_00550,2023-08-16,Organic,West,35-44,Female,One-Time Purchase,1
USR_00551,2023-07-20,Google_Search,East,45-54,Male,Basic Plan,0
USR_00552,2023-09-11,TikTok,Central,55+,Other,Basic Plan,1
USR_00553,2023-09-07,Meta_Facebook,North,55+,Other,One-Time Purchase,1
USR_00554,2023-11-28,Organic,West,45-54,Female,One-Time Purchase,1
USR_00555,2023-04-29,TikTok,South,18-24,Male,One-Time Purchase,1
USR_00556,2023-12-11,Email,West,45-54,Other,Pro Plan,0
USR_00557,2023-07-02,Meta_Facebook,South,45-54,Female,Basic Plan,0
USR_00558,2023-03-03,TikTok,South,35-44,Female,Enterprise Plan,1
USR_00559,2023-08-13,Organic,North,45-54,Female,Basic Plan,0
USR_00560,2023-04-16,Email,South,25-34,Other,One-Time Purchase,0
USR_00561,2023-06-21,Meta_Facebook,North,25-34,Male,One-Time Purchase,0
USR_00562,2023-05-06,Meta_Facebook,Central,55+,Male,Pro Plan,1
USR_00563,2023-09-22,Email,North,55+,Female,Pro Plan,1
USR_00564,2023-12-05,Meta_Facebook,Central,18-24,Male,Enterprise Plan,1
USR_00565,2023-06-05,Email,East,55+,Other,Enterprise Plan,1
USR_00566,2023-07-26,Organic,South,45-54,Other,Enterprise Plan,1
USR_00567,2023-05-26,Meta_Facebook,North,45-54,Male,Enterprise Plan,0
USR_00568,2023-05-04,Email,West,45-54,Other,Basic Plan,1
USR_00569,2023-08-21,Email,South,45-54,Male,Enterprise Plan,1
USR_00570,2024-01-01,Organic,Central,55+,Male,Basic Plan,0
USR_00571,2023-09-01,Meta_Facebook,West,55+,Female,Enterprise Plan,1
USR_00572,2023-05-16,TikTok,West,55+,Female,One-Time Purchase,0
USR_00573,2023-03-02,Meta_Facebook,West,45-54,Female,Basic Plan,1
USR_00574,2023-02-26,Google_Search,East,45-54,Male,Basic Plan,1
USR_00575,2023-08-20,Email,West,55+,Other,Pro Plan,0
USR_00576,2023-03-18,Email,North,25-34,Female,One-Time Purchase,1
USR_00577,2023-08-15,Email,North,45-54,Female,Basic Plan,1
USR_00578,2023-02-13,Meta_Facebook,Central,45-54,Male,Pro Plan,1
USR_00579,2023-12-04,TikTok,South,18-24,Female,Enterprise Plan,1
USR_00580,2023-10-24,Organic,North,35-44,Male,One-Time Purchase,1
USR_00581,2023-03-20,Email,West,55+,Other,Basic Plan,0
USR_00582,2023-03-03,Google_Search,South,25-34,Male,Pro Plan,1
USR_00583,2023-01-10,Email,Central,45-54,Other,Pro Plan,1
USR_00584,2023-08-17,Google_Search,Central,35-44,Male,Pro Plan,1
USR_00585,2023-10-12,Organic,North,25-34,Male,One-Time Purchase,1
USR_00586,2023-03-27,Google_Search,North,18-24,Male,Enterprise Plan,1
USR_00587,2023-04-18,TikTok,Central,55+,Other,Enterprise Plan,1
USR_00588,2023-06-14,Email,South,35-44,Female,Enterprise Plan,0
USR_00589,2023-01-03,Google_Search,South,18-24,Female,One-Time Purchase,1
USR_00590,2023-04-09,Organic,North,45-54,Other,Basic Plan,1
USR_00591,2023-09-10,Meta_Facebook,Central,25-34,Other,Pro Plan,1
USR_00592,2023-01-12,TikTok,Central,45-54,Other,One-Time Purchase,1
USR_00593,2023-06-15,Organic,West,25-34,Male,Basic Plan,1
USR_00594,2023-04-25,Google_Search,East,45-54,Other,One-Time Purchase,0
USR_00595,2023-01-13,Meta_Facebook,West,35-44,Male,Pro Plan,1
USR_00596,2023-01-15,Organic,West,18-24,Male,Enterprise Plan,1
USR_00597,2023-05-03,Email,North,25-34,Female,Pro Plan,1
USR_00598,2023-10-24,Google_Search,North,18-24,Female,Basic Plan,1
USR_00599,2023-02-01,Organic,North,35-44,Other,One-Time Purchase,1
USR_00600,2023-12-04,TikTok,North,35-44,Other,One-Time Purchase,0
USR_00601,2023-07-01,Organic,West,35-44,Male,Pro Plan,1
USR_00602,2023-09-20,Email,East,18-24,Other,Pro Plan,1
USR_00603,2023-09-23,TikTok,South,35-44,Male,Pro Plan,1
USR_00604,2023-06-26,Meta_Facebook,South,35-44,Female,Basic Plan,1
USR_00605,2023-06-19,TikTok,Central,55+,Male,Enterprise Plan,1
USR_00606,2023-10-12,Google_Search,South,25-34,Female,One-Time Purchase,0
USR_00607,2023-04-12,Meta_Facebook,East,35-44,Male,Pro Plan,1
USR_00608,2023-05-03,Email,East,35-44,Male,One-Time Purchase,0
USR_00609,2023-04-09,TikTok,West,55+,Female,Enterprise Plan,0
USR_00610,2023-10-02,Email,South,55+,Female,Pro Plan,1
USR_00611,2023-04-18,Google_Search,West,25-34,Male,Pro Plan,1
USR_00612,2023-12-22,Organic,West,55+,Male,Enterprise Plan,1
USR_00613,2023-07-13,TikTok,South,18-24,Male,Enterprise Plan,1
USR_00614,2023-02-12,Email,Central,45-54,Male,Enterprise Plan,1
USR_00615,2023-06-04,Email,South,55+,Other,Enterprise Plan,1
USR_00616,2023-10-24,Google_Search,West,55+,Female,One-Time Purchase,0
USR_00617,2023-08-08,Organic,South,25-34,Other,One-Time Purchase,1
USR_00618,2023-06-06,Google_Search,West,55+,Female,Enterprise Plan,0
USR_00619,2023-11-05,TikTok,Central,25-34,Other,One-Time Purchase,0
USR_00620,2023-09-26,Google_Search,West,25-34,Other,Enterprise Plan,1
USR_00621,2023-07-20,Meta_Facebook,North,35-44,Male,One-Time Purchase,1
USR_00622,2023-06-08,Organic,West,55+,Female,Enterprise Plan,0
USR_00623,2023-09-27,Email,Central,25-34,Other,One-Time Purchase,1
USR_00624,2023-08-22,Email,East,45-54,Other,Pro Plan,0
USR_00625,2023-04-22,Organic,West,35-44,Female,Enterprise Plan,1
USR_00626,2023-02-07,Organic,West,45-54,Male,One-Time Purchase,1
USR_00627,2023-03-29,Google_Search,Central,25-34,Male,Pro Plan,1
USR_00628,2023-04-02,Meta_Facebook,North,45-54,Male,One-Time Purchase,1
USR_00629,2023-05-08,Email,South,35-44,Male,Basic Plan,1
USR_00630,2023-02-02,Meta_Facebook,North,25-34,Other,Pro Plan,0
USR_00631,2023-04-08,TikTok,South,35-44,Female,One-Time Purchase,1
USR_00632,2023-11-03,Organic,North,25-34,Male,Enterprise Plan,1
USR_00633,2023-12-22,Meta_Facebook,East,25-34,Other,Enterprise Plan,1
USR_00634,2023-01-07,Meta_Facebook,North,18-24,Other,Enterprise Plan,0
USR_00635,2023-07-12,Meta_Facebook,North,35-44,Female,One-Time Purchase,1
USR_00636,2023-01-21,TikTok,West,35-44,Male,Basic Plan,0
USR_00637,2023-07-15,TikTok,East,35-44,Other,One-Time Purchase,0
USR_00638,2023-04-15,Meta_Facebook,Central,55+,Male,One-Time Purchase,1
USR_00639,2023-08-18,Meta_Facebook,East,18-24,Female,Basic Plan,0
USR_00640,2023-10-11,Meta_Facebook,East,45-54,Male,One-Time Purchase,0
USR_00641,2023-06-07,TikTok,North,35-44,Other,Basic Plan,1
USR_00642,2023-07-08,Google_Search,West,18-24,Female,Pro Plan,1
USR_00643,2023-01-15,Meta_Facebook,East,45-54,Other,Pro Plan,0
USR_00644,2023-02-11,TikTok,South,35-44,Female,Pro Plan,1
USR_00645,2023-12-04,Organic,Central,18-24,Male,One-Time Purchase,0
USR_00646,2023-06-26,Meta_Facebook,East,18-24,Female,One-Time Purchase,1
USR_00647,2023-02-26,Organic,Central,35-44,Other,Pro Plan,1
USR_00648,2023-07-29,Organic,Central,25-34,Male,Pro Plan,1
USR_00649,2023-02-21,Google_Search,North,55+,Female,Basic Plan,1
USR_00650,2023-07-12,TikTok,Central,25-34,Other,One-Time Purchase,1
USR_00651,2023-12-24,Organic,South,45-54,Other,Basic Plan,1
USR_00652,2023-07-08,Organic,Central,45-54,Male,One-Time Purchase,1
USR_00653,2023-01-24,Email,West,35-44,Female,One-Time Purchase,0
USR_00654,2023-10-08,Organic,South,55+,Male,Basic Plan,1
USR_00655,2023-05-24,Meta_Facebook,East,25-34,Female,Basic Plan,0
USR_00656,2023-07-13,Organic,Central,18-24,Female,Pro Plan,1
USR_00657,2023-07-14,TikTok,North,55+,Other,Basic Plan,1
USR_00658,2023-02-24,Organic,North,55+,Other,Enterprise Plan,0
USR_00659,2023-03-17,TikTok,East,18-24,Male,Basic Plan,1
USR_00660,2023-04-26,Google_Search,South,18-24,Other,One-Time Purchase,1
USR_00661,2023-03-25,TikTok,South,55+,Female,One-Time Purchase,0
USR_00662,2023-01-05,Email,Central,55+,Female,Pro Plan,1
USR_00663,2023-11-29,Email,Central,18-24,Other,Pro Plan,1
USR_00664,2023-12-10,Google_Search,West,35-44,Male,Enterprise Plan,1
USR_00665,2023-10-21,Organic,East,18-24,Male,Pro Plan,1
USR_00666,2023-02-20,Email,North,55+,Other,One-Time Purchase,1
USR_00667,2023-09-29,Organic,North,25-34,Male,Pro Plan,1
USR_00668,2023-10-22,Meta_Facebook,South,25-34,Other,Enterprise Plan,0
USR_00669,2023-06-03,Google_Search,Central,18-24,Female,One-Time Purchase,1
USR_00670,2023-06-30,TikTok,Central,45-54,Other,Basic Plan,1
USR_00671,2023-08-06,Meta_Facebook,Central,55+,Male,Basic Plan,1
USR_00672,2023-10-16,TikTok,Central,35-44,Other,One-Time Purchase,1
USR_00673,2023-06-18,Google_Search,East,35-44,Male,Enterprise Plan,1
USR_00674,2023-06-06,TikTok,West,45-54,Male,Enterprise Plan,0
USR_00675,2023-12-14,TikTok,Central,18-24,Female,One-Time Purchase,1
USR_00676,2023-12-03,Meta_Facebook,South,18-24,Female,Enterprise Plan,1
USR_00677,2023-08-03,Organic,South,45-54,Female,Enterprise Plan,1
USR_00678,2023-11-21,Google_Search,North,35-44,Male,Basic Plan,1
USR_00679,2023-09-10,Google_Search,West,55+,Female,One-Time Purchase,1
USR_00680,2023-06-26,Meta_Facebook,Central,55+,Female,One-Time Purchase,1
USR_00681,2023-04-26,Meta_Facebook,North,45-54,Male,Pro Plan,1
USR_00682,2023-04-22,Email,Central,55+,Male,One-Time Purchase,1
USR_00683,2023-01-04,TikTok,West,18-24,Male,Enterprise Plan,1
USR_00684,2023-03-20,Organic,North,55+,Female,Basic Plan,0
USR_00685,2023-12-03,Organic,South,25-34,Other,Enterprise Plan,0
USR_00686,2023-03-24,Meta_Facebook,West,45-54,Female,Basic Plan,1
USR_00687,2023-05-29,Email,West,35-44,Female,One-Time Purchase,1
USR_00688,2023-08-08,Meta_Facebook,West,35-44,Male,Pro Plan,1
USR_00689,2023-08-07,Google_Search,Central,35-44,Other,Basic Plan,0
USR_00690,2023-04-29,Meta_Facebook,East,55+,Female,One-Time Purchase,1
USR_00691,2023-09-09,Email,East,55+,Female,Basic Plan,1
USR_00692,2023-11-05,Google_Search,North,45-54,Male,Pro Plan,1
USR_00693,2023-08-18,Google_Search,West,45-54,Other,One-Time Purchase,1
USR_00694,2023-12-23,Meta_Facebook,East,25-34,Other,Basic Plan,1
USR_00695,2023-07-23,Organic,Central,25-34,Other,Pro Plan,1
USR_00696,2023-04-22,TikTok,North,25-34,Female,Enterprise Plan,1
USR_00697,2023-03-29,Meta_Facebook,North,35-44,Male,Enterprise Plan,1
USR_00698,2023-01-27,Meta_Facebook,South,45-54,Other,Basic Plan,0
USR_00699,2023-06-16,Google_Search,North,18-24,Other,Pro Plan,1
USR_00700,2023-11-21,TikTok,Central,18-24,Other,One-Time Purchase,1
USR_00701,2023-07-22,Meta_Facebook,West,18-24,Other,One-Time Purchase,1
USR_00702,2023-02-21,TikTok,South,45-54,Other,Basic Plan,1
USR_00703,2023-11-26,Google_Search,South,45-54,Male,Basic Plan,0
USR_00704,2023-02-24,TikTok,East,45-54,Male,Pro Plan,1
USR_00705,2023-11-18,TikTok,North,25-34,Female,Basic Plan,0
USR_00706,2023-08-01,Meta_Facebook,North,25-34,Male,Basic Plan,1
USR_00707,2023-07-04,Google_Search,North,35-44,Other,Pro Plan,1
USR_00708,2023-12-05,Email,East,18-24,Male,Basic Plan,0
USR_00709,2023-02-27,TikTok,West,55+,Male,Pro Plan,1
USR_00710,2023-10-02,Meta_Facebook,West,55+,Male,One-Time Purchase,1
USR_00711,2023-05-01,Email,North,18-24,Male,Basic Plan,1
USR_00712,2023-07-04,Meta_Facebook,East,25-34,Female,Pro Plan,1
USR_00713,2023-01-29,Meta_Facebook,North,18-24,Other,One-Time Purchase,1
USR_00714,2023-12-06,TikTok,North,45-54,Male,Pro Plan,1
USR_00715,2023-12-24,Email,West,45-54,Female,Enterprise Plan,1
USR_00716,2023-09-14,Email,South,35-44,Female,Pro Plan,1
USR_00717,2023-07-25,TikTok,North,45-54,Other,One-Time Purchase,1
USR_00718,2023-08-28,Organic,East,18-24,Other,One-Time Purchase,1
USR_00719,2023-06-08,Meta_Facebook,Central,55+,Female,Basic Plan,1
USR_00720,2023-09-05,Google_Search,North,55+,Male,Basic Plan,1
USR_00721,2023-01-20,Email,South,35-44,Other,One-Time Purchase,1
USR_00722,2023-12-15,Meta_Facebook,South,45-54,Female,One-Time Purchase,1
USR_00723,2023-08-09,Google_Search,West,25-34,Other,Pro Plan,1
USR_00724,2023-09-12,Google_Search,North,35-44,Other,Enterprise Plan,0
USR_00725,2023-05-12,Organic,South,45-54,Other,One-Time Purchase,0
USR_00726,2023-03-08,Organic,East,45-54,Male,Enterprise Plan,1
USR_00727,2023-12-16,Google_Search,Central,25-34,Other,Pro Plan,1
USR_00728,2023-02-23,Email,West,25-34,Male,One-Time Purchase,0
USR_00729,2023-07-23,Organic,South,25-34,Other,Enterprise Plan,1
USR_00730,2023-09-01,Google_Search,East,45-54,Other,Basic Plan,1
USR_00731,2023-04-20,Google_Search,South,45-54,Female,One-Time Purchase,1
USR_00732,2023-03-14,Google_Search,East,18-24,Other,Basic Plan,1
USR_00733,2023-06-02,Meta_Facebook,South,25-34,Other,One-Time Purchase,1
USR_00734,2023-01-02,Organic,South,55+,Male,Basic Plan,1
USR_00735,2023-11-04,Organic,South,45-54,Female,Pro Plan,0
USR_00736,2023-01-09,Email,East,45-54,Male,One-Time Purchase,1
USR_00737,2023-08-23,Organic,East,35-44,Male,Pro Plan,0
USR_00738,2023-12-26,TikTok,North,55+,Female,Basic Plan,1
USR_00739,2023-12-08,Email,West,35-44,Female,Pro Plan,1
USR_00740,2023-03-05,Email,West,18-24,Other,One-Time Purchase,1
USR_00741,2023-08-01,Google_Search,North,25-34,Other,Pro Plan,1
USR_00742,2023-11-04,Email,East,18-24,Female,One-Time Purchase,0
USR_00743,2023-10-23,Organic,South,55+,Male,Pro Plan,1
USR_00744,2023-10-11,Meta_Facebook,East,45-54,Female,Basic Plan,1
USR_00745,2023-11-21,Email,South,35-44,Other,Pro Plan,1
USR_00746,2023-12-04,Google_Search,East,55+,Male,Pro Plan,1
USR_00747,2023-02-17,Google_Search,West,25-34,Other,Pro Plan,0
USR_00748,2023-03-24,Meta_Facebook,East,55+,Male,Pro Plan,1
USR_00749,2023-03-02,Email,East,35-44,Male,Basic Plan,1
USR_00750,2023-10-02,Google_Search,Central,35-44,Male,Pro Plan,0
USR_00751,2023-08-28,Organic,West,55+,Other,Pro Plan,1
USR_00752,2023-02-22,TikTok,Central,35-44,Female,Pro Plan,1
USR_00753,2023-10-18,Email,East,25-34,Other,One-Time Purchase,1
USR_00754,2023-08-08,Meta_Facebook,East,25-34,Male,Basic Plan,1
USR_00755,2023-06-14,Meta_Facebook,Central,45-54,Male,One-Time Purchase,1
USR_00756,2023-11-08,Google_Search,Central,35-44,Male,One-Time Purchase,1
USR_00757,2023-09-13,Google_Search,East,18-24,Male,Basic Plan,1
USR_00758,2023-05-26,Meta_Facebook,West,45-54,Female,Basic Plan,1
USR_00759,2023-02-18,Organic,East,25-34,Male,Enterprise Plan,1
USR_00760,2023-11-13,Google_Search,North,45-54,Female,Basic Plan,1
USR_00761,2023-01-27,Email,North,55+,Other,Basic Plan,1
USR_00762,2023-07-14,Email,South,25-34,Other,One-Time Purchase,0
USR_00763,2023-12-09,Google_Search,Central,25-34,Male,One-Time Purchase,1
USR_00764,2023-05-05,Meta_Facebook,North,25-34,Female,One-Time Purchase,1
USR_00765,2023-04-07,Organic,North,35-44,Male,Pro Plan,0
USR_00766,2023-12-02,Meta_Facebook,Central,18-24,Male,Pro Plan,1
USR_00767,2023-12-18,Email,Central,25-34,Female,Pro Plan,1
USR_00768,2023-09-29,Organic,East,18-24,Female,Basic Plan,1
USR_00769,2023-11-01,Email,Central,35-44,Female,One-Time Purchase,1
USR_00770,2023-05-22,Meta_Facebook,Central,55+,Female,One-Time Purchase,1
USR_00771,2023-12-19,Meta_Facebook,South,55+,Female,Basic Plan,1
USR_00772,2023-08-08,Email,North,35-44,Male,Enterprise Plan,1
USR_00773,2023-09-26,TikTok,South,35-44,Female,Basic Plan,0
USR_00774,2023-10-07,Email,West,35-44,Male,Enterprise Plan,1
USR_00775,2023-12-06,TikTok,West,55+,Other,Enterprise Plan,1
USR_00776,2023-04-23,Meta_Facebook,East,35-44,Female,Basic Plan,1
USR_00777,2023-12-14,TikTok,West,25-34,Female,Enterprise Plan,1
USR_00778,2023-03-04,Organic,West,55+,Male,Enterprise Plan,0
USR_00779,2023-01-01,Google_Search,East,55+,Male,Enterprise Plan,1
USR_00780,2024-01-01,Email,South,25-34,Other,One-Time Purchase,1
USR_00781,2023-02-20,Email,East,18-24,Female,Pro Plan,1
USR_00782,2023-04-13,Email,South,35-44,Other,Pro Plan,1
USR_00783,2023-06-10,TikTok,East,18-24,Other,Enterprise Plan,0
USR_00784,2023-01-14,Organic,North,18-24,Female,Enterprise Plan,0
USR_00785,2023-10-17,Email,North,35-44,Female,Pro Plan,0
USR_00786,2023-02-13,Google_Search,East,18-24,Female,Enterprise Plan,0
USR_00787,2023-03-04,TikTok,Central,25-34,Male,Pro Plan,1
USR_00788,2023-03-11,Meta_Facebook,South,35-44,Female,Enterprise Plan,1
USR_00789,2023-02-28,Google_Search,North,18-24,Female,Basic Plan,1
USR_00790,2023-05-01,TikTok,East,45-54,Male,Basic Plan,1
USR_00791,2023-12-03,Meta_Facebook,South,55+,Other,One-Time Purchase,1
USR_00792,2023-08-06,Meta_Facebook,North,45-54,Male,One-Time Purchase,1
USR_00793,2023-02-02,Meta_Facebook,South,25-34,Male,Enterprise Plan,1
USR_00794,2023-02-04,Organic,West,45-54,Female,Pro Plan,1
USR_00795,2023-02-04,Google_Search,North,35-44,Male,Pro Plan,1
USR_00796,2023-03-31,Organic,West,25-34,Male,Basic Plan,1
USR_00797,2023-02-25,Organic,West,55+,Other,Pro Plan,0
USR_00798,2023-11-19,Google_Search,South,55+,Female,Pro Plan,0
USR_00799,2023-10-18,TikTok,North,55+,Female,Pro Plan,0
USR_00800,2023-10-14,Meta_Facebook,North,18-24,Female,One-Time Purchase,1
USR_00801,2023-06-02,Google_Search,North,25-34,Other,Pro Plan,0
USR_00802,2023-05-29,Email,West,18-24,Other,Basic Plan,1
USR_00803,2023-09-23,TikTok,Central,55+,Male,One-Time Purchase,1
USR_00804,2023-12-06,Google_Search,South,18-24,Male,Basic Plan,1
USR_00805,2023-09-03,Meta_Facebook,East,45-54,Other,Basic Plan,1
USR_00806,2023-06-29,Organic,West,18-24,Other,Pro Plan,1
USR_00807,2023-07-14,Google_Search,Central,55+,Male,Basic Plan,0
USR_00808,2023-10-09,Meta_Facebook,North,55+,Other,Basic Plan,1
USR_00809,2023-10-02,TikTok,North,55+,Other,Pro Plan,1
USR_00810,2023-08-13,Meta_Facebook,East,18-24,Female,Enterprise Plan,0
USR_00811,2023-03-08,TikTok,West,18-24,Female,Basic Plan,1
USR_00812,2023-10-10,Email,South,55+,Other,Enterprise Plan,1
USR_00813,2023-12-28,TikTok,West,45-54,Other,Basic Plan,0
USR_00814,2023-12-24,Organic,West,55+,Other,Basic Plan,1
USR_00815,2023-01-10,Organic,West,18-24,Other,Basic Plan,1
USR_00816,2023-05-15,TikTok,South,45-54,Other,Enterprise Plan,1
USR_00817,2023-01-30,Google_Search,Central,35-44,Other,Enterprise Plan,1
USR_00818,2023-09-23,Email,South,55+,Female,One-Time Purchase,1
USR_00819,2023-05-21,Google_Search,South,45-54,Other,Enterprise Plan,1
USR_00820,2023-06-14,Email,South,45-54,Female,One-Time Purchase,1
USR_00821,2023-02-02,Organic,South,55+,Male,Enterprise Plan,1
USR_00822,2023-10-24,Email,North,45-54,Male,Basic Plan,0
USR_00823,2023-09-19,Google_Search,South,25-34,Male,Enterprise Plan,1
USR_00824,2023-03-15,Google_Search,East,35-44,Female,Enterprise Plan,1
USR_00825,2023-03-24,Email,North,25-34,Female,Pro Plan,1
USR_00826,2023-09-19,TikTok,Central,35-44,Female,Pro Plan,1
USR_00827,2023-08-03,TikTok,North,18-24,Female,One-Time Purchase,1
USR_00828,2023-05-18,Meta_Facebook,Central,18-24,Other,Pro Plan,1
USR_00829,2023-03-01,Meta_Facebook,West,18-24,Female,Enterprise Plan,0
USR_00830,2023-11-06,Meta_Facebook,West,55+,Other,Pro Plan,1
USR_00831,2023-12-07,Meta_Facebook,Central,18-24,Other,Enterprise Plan,1
USR_00832,2023-01-08,Meta_Facebook,North,35-44,Female,Enterprise Plan,1
USR_00833,2023-08-12,Email,West,45-54,Female,Pro Plan,1
USR_00834,2023-02-19,Meta_Facebook,East,35-44,Female,Enterprise Plan,0
USR_00835,2023-08-07,Email,East,35-44,Other,Enterprise Plan,1
USR_00836,2023-01-21,TikTok,Central,45-54,Female,Basic Plan,0
USR_00837,2023-10-20,Organic,West,45-54,Female,One-Time Purchase,1
USR_00838,2023-02-10,Meta_Facebook,North,55+,Female,Pro Plan,0
USR_00839,2023-02-07,Email,North,18-24,Male,Basic Plan,0
USR_00840,2023-11-17,Google_Search,North,35-44,Female,Pro Plan,0
USR_00841,2023-09-09,TikTok,Central,18-24,Female,Pro Plan,1
USR_00842,2023-05-01,Email,West,45-54,Male,Enterprise Plan,1
USR_00843,2023-07-20,TikTok,East,25-34,Male,Enterprise Plan,1
USR_00844,2023-06-16,Meta_Facebook,West,45-54,Male,Pro Plan,1
USR_00845,2023-12-27,Meta_Facebook,West,18-24,Other,One-Time Purchase,1
USR_00846,2023-08-15,Organic,West,25-34,Female,Basic Plan,1
USR_00847,2023-06-07,Organic,West,45-54,Female,Pro Plan,1
USR_00848,2023-06-20,Email,Central,25-34,Female,Basic Plan,0
USR_00849,2023-07-22,Meta_Facebook,East,45-54,Male,Enterprise Plan,1
USR_00850,2023-01-19,Google_Search,Central,25-34,Male,One-Time Purchase,0
USR_00851,2023-12-02,Organic,South,45-54,Other,Basic Plan,0
USR_00852,2023-06-09,Email,West,18-24,Other,Enterprise Plan,1
USR_00853,2023-12-02,TikTok,West,45-54,Male,Enterprise Plan,1
USR_00854,2024-01-01,Google_Search,West,35-44,Other,Basic Plan,0
USR_00855,2023-11-26,Email,East,25-34,Male,Basic Plan,1
USR_00856,2023-01-31,Organic,East,25-34,Female,Enterprise Plan,1
USR_00857,2023-01-03,Email,South,25-34,Female,One-Time Purchase,1
USR_00858,2023-09-21,TikTok,North,35-44,Female,One-Time Purchase,1
USR_00859,2023-08-06,Organic,South,18-24,Female,Pro Plan,1
USR_00860,2023-11-11,Email,Central,55+,Male,One-Time Purchase,1
USR_00861,2023-06-19,Google_Search,North,55+,Other,Pro Plan,1
USR_00862,2023-04-09,Email,East,55+,Female,Enterprise Plan,0
USR_00863,2023-04-14,Google_Search,Central,45-54,Male,Basic Plan,0
USR_00864,2023-08-31,Meta_Facebook,South,25-34,Female,Pro Plan,0
USR_00865,2023-03-17,Meta_Facebook,South,18-24,Female,Basic Plan,1
USR_00866,2023-07-13,Organic,West,18-24,Male,Enterprise Plan,1
USR_00867,2023-03-27,Email,South,25-34,Other,One-Time Purchase,1
USR_00868,2023-11-30,Email,South,18-24,Male,Enterprise Plan,1
USR_00869,2023-08-06,Meta_Facebook,Central,55+,Male,One-Time Purchase,1
USR_00870,2023-09-15,Google_Search,Central,25-34,Female,Basic Plan,1
USR_00871,2023-12-27,Email,East,55+,Female,Basic Plan,1
USR_00872,2023-08-21,Organic,South,18-24,Female,Basic Plan,1
USR_00873,2023-04-01,Meta_Facebook,North,18-24,Female,Basic Plan,0
USR_00874,2023-12-07,Organic,West,35-44,Female,Basic Plan,0
USR_00875,2023-05-17,Google_Search,South,45-54,Male,Basic Plan,0
USR_00876,2023-12-23,Google_Search,Central,25-34,Female,Basic Plan,1
USR_00877,2023-05-07,Email,South,55+,Other,Enterprise Plan,0
USR_00878,2023-05-13,Organic,East,25-34,Male,One-Time Purchase,1
USR_00879,2023-10-03,TikTok,South,25-34,Female,Enterprise Plan,1
USR_00880,2023-06-15,Email,Central,45-54,Male,Basic Plan,1
USR_00881,2023-12-22,Organic,West,25-34,Male,Pro Plan,1
USR_00882,2023-06-03,Google_Search,South,18-24,Male,One-Time Purchase,1
USR_00883,2023-04-12,TikTok,South,35-44,Male,Enterprise Plan,1
USR_00884,2023-08-23,Organic,South,45-54,Other,Basic Plan,0
USR_00885,2023-07-21,Meta_Facebook,West,45-54,Male,One-Time Purchase,1
USR_00886,2023-03-10,Organic,East,35-44,Male,One-Time Purchase,1
USR_00887,2023-10-28,Google_Search,South,55+,Other,Pro Plan,1
USR_00888,2023-07-23,Google_Search,South,35-44,Male,One-Time Purchase,1
USR_00889,2023-02-24,Organic,North,55+,Male,Basic Plan,1
USR_00890,2023-01-28,Email,West,18-24,Female,Basic Plan,0
USR_00891,2023-10-01,Email,North,45-54,Male,One-Time Purchase,1
USR_00892,2023-01-26,TikTok,East,25-34,Male,One-Time Purchase,1
USR_00893,2023-11-02,Google_Search,East,45-54,Other,One-Time Purchase,1
USR_00894,2023-03-06,Meta_Facebook,West,35-44,Female,Enterprise Plan,1
USR_00895,2023-09-26,TikTok,West,55+,Other,Basic Plan,0
USR_00896,2023-11-23,Google_Search,West,25-34,Female,Enterprise Plan,1
USR_00897,2023-03-01,Meta_Facebook,Central,35-44,Male,Enterprise Plan,0
USR_00898,2023-11-03,Email,North,45-54,Other,Pro Plan,1
USR_00899,2023-10-13,Google_Search,East,55+,Female,Enterprise Plan,1
USR_00900,2023-11-20,Organic,Central,35-44,Male,Basic Plan,1
USR_00901,2023-08-20,Organic,North,25-34,Male,Pro Plan,1
USR_00902,2023-05-26,TikTok,West,55+,Male,One-Time Purchase,1
USR_00903,2023-07-25,TikTok,West,55+,Other,Pro Plan,0
USR_00904,2023-12-07,Email,Central,25-34,Other,Pro Plan,1
USR_00905,2023-08-19,Meta_Facebook,South,25-34,Female,Enterprise Plan,1
USR_00906,2023-02-20,Organic,Central,45-54,Male,One-Time Purchase,1
USR_00907,2023-03-27,TikTok,West,35-44,Male,Enterprise Plan,1
USR_00908,2023-04-09,Meta_Facebook,West,18-24,Male,Pro Plan,1
USR_00909,2023-05-04,Meta_Facebook,West,25-34,Female,Enterprise Plan,0
USR_00910,2023-07-17,Google_Search,West,55+,Male,Basic Plan,1
USR_00911,2023-10-24,Google_Search,South,18-24,Other,One-Time Purchase,1
USR_00912,2023-05-14,Email,East,55+,Female,Enterprise Plan,1
USR_00913,2023-03-13,Meta_Facebook,Central,45-54,Male,Basic Plan,1
USR_00914,2023-03-21,Meta_Facebook,South,35-44,Female,One-Time Purchase,1
USR_00915,2023-11-13,Meta_Facebook,East,55+,Other,Enterprise Plan,1
USR_00916,2023-09-04,Meta_Facebook,West,18-24,Other,Basic Plan,1
USR_00917,2023-04-14,Email,North,35-44,Female,Basic Plan,1
USR_00918,2023-10-03,Google_Search,North,35-44,Other,Pro Plan,0
USR_00919,2023-01-27,Email,North,45-54,Other,One-Time Purchase,1
USR_00920,2023-02-27,Organic,South,35-44,Male,Basic Plan,1
USR_00921,2023-06-18,TikTok,West,25-34,Female,Enterprise Plan,1
USR_00922,2023-09-15,Email,West,35-44,Male,Pro Plan,1
USR_00923,2023-08-15,Email,Central,18-24,Other,Pro Plan,1
USR_00924,2023-06-15,Meta_Facebook,South,18-24,Other,Pro Plan,1
USR_00925,2023-08-31,TikTok,West,35-44,Male,Pro Plan,1
USR_00926,2023-07-21,Organic,North,18-24,Other,Basic Plan,1
USR_00927,2023-01-10,Meta_Facebook,South,25-34,Female,Enterprise Plan,1
USR_00928,2023-01-24,Organic,West,45-54,Other,Enterprise Plan,1
USR_00929,2023-02-07,Email,West,35-44,Female,Pro Plan,0
USR_00930,2023-12-20,Google_Search,South,18-24,Other,Enterprise Plan,1
USR_00931,2023-12-13,Email,East,45-54,Male,Pro Plan,1
USR_00932,2023-09-07,Google_Search,Central,18-24,Female,Enterprise Plan,0
USR_00933,2023-06-17,TikTok,West,18-24,Female,Enterprise Plan,0
USR_00934,2023-02-27,TikTok,South,55+,Male,One-Time Purchase,1
USR_00935,2023-08-27,Organic,South,18-24,Male,Basic Plan,1
USR_00936,2023-08-10,Google_Search,West,35-44,Female,Basic Plan,0
USR_00937,2023-12-01,Meta_Facebook,Central,35-44,Female,Pro Plan,0
USR_00938,2023-04-28,Meta_Facebook,South,25-34,Male,Pro Plan,0
USR_00939,2023-08-17,Organic,West,35-44,Other,Pro Plan,0
USR_00940,2023-09-17,TikTok,Central,55+,Female,Pro Plan,1
USR_00941,2023-07-04,Organic,East,45-54,Other,One-Time Purchase,1
USR_00942,2023-02-21,Email,East,18-24,Male,Basic Plan,1
USR_00943,2023-07-19,Organic,North,45-54,Female,Enterprise Plan,1
USR_00944,2023-04-18,Email,East,55+,Other,Pro Plan,0
USR_00945,2023-07-11,Email,Central,18-24,Other,Basic Plan,1
USR_00946,2023-03-15,Organic,North,25-34,Other,Pro Plan,1
USR_00947,2023-11-05,Google_Search,East,25-34,Female,One-Time Purchase,1
USR_00948,2023-07-26,Email,Central,18-24,Male,Pro Plan,0
USR_00949,2023-05-17,Meta_Facebook,East,35-44,Male,Enterprise Plan,1
USR_00950,2023-04-12,Meta_Facebook,North,45-54,Male,Basic Plan,1
USR_00951,2023-04-20,Organic,Central,25-34,Female,One-Time Purchase,0
USR_00952,2023-12-09,Email,Central,35-44,Male,Basic Plan,1
USR_00953,2023-07-01,TikTok,Central,55+,Male,Basic Plan,1
USR_00954,2023-05-23,Google_Search,West,45-54,Female,One-Time Purchase,1
USR_00955,2023-05-05,Organic,South,18-24,Other,One-Time Purchase,1
USR_00956,2023-03-19,Meta_Facebook,West,18-24,Male,Enterprise Plan,0
USR_00957,2023-02-06,Email,East,35-44,Female,One-Time Purchase,0
USR_00958,2023-08-27,Organic,Central,18-24,Male,One-Time Purchase,1
USR_00959,2023-11-05,TikTok,East,25-34,Female,One-Time Purchase,1
USR_00960,2023-08-03,Email,East,45-54,Female,Basic Plan,1
USR_00961,2023-09-07,TikTok,Central,18-24,Female,One-Time Purchase,0
USR_00962,2023-03-02,Meta_Facebook,East,35-44,Other,One-Time Purchase,0
USR_00963,2023-10-21,TikTok,North,45-54,Other,One-Time Purchase,1
USR_00964,2023-05-10,Email,East,55+,Female,Pro Plan,1
USR_00965,2023-03-30,Organic,North,55+,Female,Enterprise Plan,1
USR_00966,2023-02-21,Google_Search,West,45-54,Male,One-Time Purchase,1
USR_00967,2023-10-03,Meta_Facebook,West,45-54,Male,Pro Plan,1
USR_00968,2023-03-16,Email,Central,18-24,Female,One-Time Purchase,0
USR_00969,2023-02-12,Email,South,18-24,Male,Basic Plan,0
USR_00970,2023-08-01,TikTok,Central,45-54,Male,One-Time Purchase,0
USR_00971,2023-07-18,Email,East,35-44,Other,One-Time Purchase,1
USR_00972,2023-12-26,TikTok,South,55+,Male,Enterprise Plan,1
USR_00973,2023-01-30,Email,West,18-24,Female,Basic Plan,1
USR_00974,2023-04-21,Organic,East,18-24,Male,Enterprise Plan,0
USR_00975,2023-10-28,Email,North,18-24,Other,Enterprise Plan,0
USR_00976,2023-09-29,Organic,South,18-24,Male,Pro Plan,1
USR_00977,2023-09-11,Google_Search,East,55+,Male,Basic Plan,1
USR_00978,2023-07-15,Organic,South,18-24,Female,Pro Plan,1
USR_00979,2023-09-13,Google_Search,South,35-44,Male,One-Time Purchase,1
USR_00980,2023-06-06,Google_Search,Central,35-44,Other,Basic Plan,0
USR_00981,2023-02-25,Email,South,45-54,Female,Basic Plan,1
USR_00982,2023-12-04,TikTok,West,25-34,Male,Basic Plan,1
USR_00983,2023-09-03,TikTok,North,55+,Other,Enterprise Plan,0
USR_00984,2023-05-30,Organic,West,35-44,Female,One-Time Purchase,1
USR_00985,2023-11-09,Organic,East,25-34,Other,Enterprise Plan,1
USR_00986,2023-06-30,TikTok,North,45-54,Other,Pro Plan,1
USR_00987,2023-10-20,TikTok,North,25-34,Other,One-Time Purchase,1
USR_00988,2023-01-03,Meta_Facebook,East,35-44,Male,One-Time Purchase,1
USR_00989,2023-11-17,Email,South,18-24,Female,One-Time Purchase,1
USR_00990,2023-07-22,Google_Search,West,45-54,Other,Pro Plan,0
USR_00991,2023-03-03,Organic,South,35-44,Male,One-Time Purchase,0
USR_00992,2023-12-22,Google_Search,South,18-24,Other,Enterprise Plan,0
USR_00993,2023-09-15,Meta_Facebook,South,45-54,Male,Basic Plan,1
USR_00994,2023-09-16,Google_Search,South,45-54,Male,Pro Plan,1
USR_00995,2023-06-12,Google_Search,North,45-54,Other,One-Time Purchase,1
USR_00996,2023-06-14,Email,North,35-44,Other,Basic Plan,0
USR_00997,2023-07-17,Email,Central,25-34,Male,One-Time Purchase,1
USR_00998,2023-01-11,Organic,East,55+,Female,Basic Plan,1
USR_00999,2023-08-16,Organic,West,25-34,Other,Enterprise Plan,1
USR_01000,2023-11-16,Organic,North,45-54,Other,Pro Plan,0
USR_01001,2023-08-28,Meta_Facebook,South,55+,Female,Enterprise Plan,1
USR_01002,2023-12-13,Google_Search,North,35-44,Other,Basic Plan,1
USR_01003,2023-07-02,Meta_Facebook,South,25-34,Female,Enterprise Plan,1
USR_01004,2023-08-17,Organic,East,18-24,Female,Enterprise Plan,0
USR_01005,2023-05-08,Google_Search,South,45-54,Male,Basic Plan,0
USR_01006,2023-07-09,Google_Search,South,18-24,Female,Enterprise Plan,1
USR_01007,2023-06-14,Email,North,55+,Other,One-Time Purchase,1
USR_01008,2023-04-09,TikTok,East,45-54,Male,One-Time Purchase,1
USR_01009,2023-05-03,Email,East,45-54,Other,One-Time Purchase,1
USR_01010,2023-06-20,TikTok,North,18-24,Other,Basic Plan,1
USR_01011,2023-07-14,Organic,North,45-54,Male,One-Time Purchase,1
USR_01012,2023-03-09,Email,East,18-24,Female,One-Time Purchase,1
USR_01013,2023-06-13,TikTok,North,35-44,Female,Pro Plan,0
USR_01014,2023-04-01,Email,North,35-44,Female,Pro Plan,1
USR_01015,2023-06-24,TikTok,North,55+,Other,One-Time Purchase,0
USR_01016,2023-01-29,Meta_Facebook,South,18-24,Male,Pro Plan,1
USR_01017,2023-09-01,Meta_Facebook,West,35-44,Female,One-Time Purchase,0
USR_01018,2023-04-07,Google_Search,North,18-24,Male,Pro Plan,1
USR_01019,2023-06-01,TikTok,West,35-44,Other,Pro Plan,1
USR_01020,2023-01-31,TikTok,West,45-54,Other,One-Time Purchase,1
USR_01021,2023-07-05,TikTok,North,55+,Female,Enterprise Plan,0
USR_01022,2023-08-26,Organic,South,55+,Male,One-Time Purchase,1
USR_01023,2023-11-20,Meta_Facebook,West,35-44,Male,Basic Plan,1
USR_01024,2023-04-22,Google_Search,North,35-44,Male,One-Time Purchase,1
USR_01025,2023-09-13,Organic,West,45-54,Male,One-Time Purchase,1
USR_01026,2023-12-28,Organic,Central,18-24,Other,Pro Plan,1
USR_01027,2023-03-04,TikTok,South,18-24,Other,Enterprise Plan,1
USR_01028,2023-02-02,Google_Search,West,18-24,Female,One-Time Purchase,0
USR_01029,2023-09-01,Email,Central,18-24,Female,Enterprise Plan,1
USR_01030,2023-04-28,TikTok,Central,55+,Female,Pro Plan,1
USR_01031,2023-07-16,Meta_Facebook,Central,55+,Female,Basic Plan,1
USR_01032,2023-01-31,Organic,South,55+,Other,Basic Plan,1
USR_01033,2023-06-13,Organic,East,25-34,Male,Pro Plan,1
USR_01034,2023-04-10,TikTok,Central,18-24,Male,Pro Plan,1
USR_01035,2023-11-01,Organic,East,25-34,Other,Enterprise Plan,1
USR_01036,2023-06-17,TikTok,West,45-54,Other,Pro Plan,1
USR_01037,2023-11-27,Email,West,55+,Female,Enterprise Plan,0
USR_01038,2023-10-19,Google_Search,Central,25-34,Male,Pro Plan,1
USR_01039,2023-02-22,TikTok,South,18-24,Male,Basic Plan,1
USR_01040,2023-07-22,Meta_Facebook,Central,35-44,Other,Pro Plan,1
USR_01041,2023-01-22,Google_Search,South,45-54,Other,Pro Plan,0
USR_01042,2023-01-21,Meta_Facebook,Central,25-34,Other,Pro Plan,0
USR_01043,2023-12-26,Google_Search,Central,35-44,Female,Pro Plan,0
USR_01044,2023-05-25,Email,Central,18-24,Other,One-Time Purchase,1
USR_01045,2023-08-17,TikTok,Central,25-34,Male,Pro Plan,1
USR_01046,2023-06-08,Google_Search,South,25-34,Male,Enterprise Plan,0
USR_01047,2023-12-08,Meta_Facebook,North,25-34,Male,Basic Plan,0
USR_01048,2023-06-05,Organic,West,35-44,Male,Basic Plan,0
USR_01049,2023-07-10,Google_Search,East,45-54,Male,Basic Plan,1
USR_01050,2023-09-01,Meta_Facebook,North,18-24,Male,Basic Plan,1
USR_01051,2023-12-21,Meta_Facebook,South,45-54,Female,One-Time Purchase,1
USR_01052,2023-07-31,Meta_Facebook,North,45-54,Other,Basic Plan,1
USR_01053,2023-09-03,Meta_Facebook,East,45-54,Other,Enterprise Plan,1
USR_01054,2023-08-18,Google_Search,North,35-44,Other,One-Time Purchase,1
USR_01055,2023-03-31,TikTok,West,45-54,Female,One-Time Purchase,0
USR_01056,2023-07-28,Email,West,35-44,Male,Enterprise Plan,1
USR_01057,2023-03-16,TikTok,East,25-34,Male,Pro Plan,1
USR_01058,2023-04-27,Email,West,55+,Other,Enterprise Plan,1
USR_01059,2023-07-21,Meta_Facebook,Central,25-34,Female,One-Time Purchase,1
USR_01060,2023-10-05,Google_Search,South,55+,Male,Basic Plan,0
USR_01061,2023-12-15,Google_Search,North,45-54,Male,One-Time Purchase,1
USR_01062,2023-09-02,TikTok,Central,45-54,Other,One-Time Purchase,1
USR_01063,2023-01-16,Email,West,45-54,Other,Basic Plan,1
USR_01064,2023-07-14,Google_Search,West,55+,Other,One-Time Purchase,1
USR_01065,2023-08-21,Organic,East,25-34,Male,One-Time Purchase,1
USR_01066,2023-08-16,Google_Search,Central,25-34,Other,One-Time Purchase,0
USR_01067,2023-01-21,Email,Central,35-44,Female,One-Time Purchase,1
USR_01068,2023-01-23,Email,South,55+,Female,Enterprise Plan,1
USR_01069,2023-12-25,Google_Search,North,45-54,Other,Pro Plan,0
USR_01070,2023-08-03,Organic,North,55+,Male,One-Time Purchase,1
USR_01071,2023-05-15,Organic,North,18-24,Female,One-Time Purchase,1
USR_01072,2023-05-17,TikTok,Central,25-34,Male,Enterprise Plan,0
USR_01073,2023-09-03,Meta_Facebook,South,35-44,Male,One-Time Purchase,1
USR_01074,2023-10-05,Google_Search,South,35-44,Other,Pro Plan,0
USR_01075,2023-05-07,Organic,East,45-54,Male,Enterprise Plan,1
USR_01076,2023-09-18,Organic,South,35-44,Other,Enterprise Plan,1
USR_01077,2023-11-06,Email,East,55+,Other,One-Time Purchase,1
USR_01078,2023-11-06,TikTok,Central,45-54,Other,One-Time Purchase,1
USR_01079,2023-06-10,Email,South,45-54,Other,Enterprise Plan,0
USR_01080,2023-05-23,Email,Central,55+,Male,Pro Plan,1
USR_01081,2023-03-30,Google_Search,East,35-44,Other,Pro Plan,1
USR_01082,2023-09-12,Email,South,25-34,Male,One-Time Purchase,1
USR_01083,2023-05-22,TikTok,Central,45-54,Male,Pro Plan,0
USR_01084,2023-03-07,Google_Search,West,25-34,Male,Basic Plan,0
USR_01085,2023-05-17,TikTok,East,25-34,Other,Pro Plan,0
USR_01086,2023-07-16,Meta_Facebook,Central,45-54,Other,Pro Plan,1
USR_01087,2023-09-06,Google_Search,North,25-34,Male,One-Time Purchase,1
USR_01088,2023-05-24,Google_Search,North,35-44,Other,Enterprise Plan,1
USR_01089,2023-01-11,Organic,Central,18-24,Other,One-Time Purchase,1
USR_01090,2023-12-24,Organic,South,25-34,Other,Pro Plan,1
USR_01091,2023-04-29,Organic,Central,35-44,Other,Basic Plan,0
USR_01092,2023-08-17,Organic,North,45-54,Male,Enterprise Plan,0
USR_01093,2023-01-19,Organic,East,55+,Male,Pro Plan,1
USR_01094,2023-12-23,TikTok,North,45-54,Other,Basic Plan,1
USR_01095,2023-04-01,Email,Central,35-44,Male,One-Time Purchase,1
USR_01096,2023-02-04,Google_Search,East,35-44,Other,Basic Plan,0
USR_01097,2023-01-11,TikTok,Central,35-44,Other,One-Time Purchase,1
USR_01098,2023-03-09,Meta_Facebook,Central,18-24,Male,Enterprise Plan,0
USR_01099,2023-03-24,TikTok,North,25-34,Female,One-Time Purchase,0
USR_01100,2023-07-22,TikTok,Central,18-24,Male,One-Time Purchase,0
USR_01101,2023-07-27,Email,Central,25-34,Female,Pro Plan,0
USR_01102,2023-11-23,Meta_Facebook,West,45-54,Female,Enterprise Plan,1
USR_01103,2023-06-01,Email,North,18-24,Male,One-Time Purchase,1
USR_01104,2023-06-21,TikTok,West,55+,Female,Enterprise Plan,1
USR_01105,2023-10-08,TikTok,Central,25-34,Male,Pro Plan,1
USR_01106,2023-11-22,Email,South,18-24,Other,Pro Plan,1
USR_01107,2023-01-01,Google_Search,South,35-44,Female,Enterprise Plan,1
USR_01108,2023-03-26,Organic,North,18-24,Other,One-Time Purchase,1
USR_01109,2023-05-13,TikTok,Central,55+,Male,Enterprise Plan,1
USR_01110,2023-06-18,TikTok,East,55+,Male,One-Time Purchase,0
USR_01111,2023-10-12,Meta_Facebook,South,25-34,Male,One-Time Purchase,1
USR_01112,2023-08-10,Meta_Facebook,West,18-24,Female,Basic Plan,1
USR_01113,2023-05-01,Email,South,18-24,Male,Enterprise Plan,0
USR_01114,2023-02-17,Meta_Facebook,North,25-34,Other,One-Time Purchase,0
USR_01115,2023-12-14,Email,Central,35-44,Female,Basic Plan,1
USR_01116,2023-02-12,Google_Search,Central,25-34,Male,Pro Plan,1
USR_01117,2023-02-25,Email,Central,45-54,Male,Basic Plan,1
USR_01118,2023-05-14,Meta_Facebook,Central,18-24,Other,One-Time Purchase,0
USR_01119,2023-12-07,Meta_Facebook,West,18-24,Other,Enterprise Plan,1
USR_01120,2023-03-17,Google_Search,West,25-34,Other,Pro Plan,0
USR_01121,2023-09-04,Organic,West,35-44,Other,Enterprise Plan,1
USR_01122,2023-05-10,Organic,South,45-54,Other,One-Time Purchase,1
USR_01123,2023-10-18,Meta_Facebook,North,45-54,Other,Enterprise Plan,0
USR_01124,2023-05-03,TikTok,Central,25-34,Other,Enterprise Plan,0
USR_01125,2023-11-20,Email,East,35-44,Male,Enterprise Plan,1
USR_01126,2023-09-28,TikTok,Central,55+,Other,One-Time Purchase,1
USR_01127,2023-10-30,TikTok,East,35-44,Female,Basic Plan,1
USR_01128,2023-02-02,Organic,West,18-24,Male,Pro Plan,1
USR_01129,2023-02-08,Email,Central,18-24,Male,Basic Plan,1
USR_01130,2023-12-06,Google_Search,West,55+,Female,Enterprise Plan,1
USR_01131,2023-01-11,Google_Search,South,25-34,Male,Pro Plan,0
USR_01132,2023-04-15,Meta_Facebook,East,25-34,Male,Enterprise Plan,1
USR_01133,2023-05-19,Meta_Facebook,North,18-24,Male,Enterprise Plan,0
USR_01134,2023-02-14,Google_Search,South,18-24,Female,Enterprise Plan,1
USR_01135,2023-11-20,Email,North,25-34,Male,One-Time Purchase,1
USR_01136,2023-04-27,Organic,Central,18-24,Male,One-Time Purchase,1
USR_01137,2023-01-04,Email,West,18-24,Other,Pro Plan,1
USR_01138,2023-08-31,Organic,Central,35-44,Other,Basic Plan,1
USR_01139,2023-07-14,Meta_Facebook,East,35-44,Male,One-Time Purchase,0
USR_01140,2023-03-12,TikTok,Central,35-44,Male,Enterprise Plan,1
USR_01141,2023-04-04,TikTok,South,45-54,Other,Pro Plan,1
USR_01142,2023-02-10,TikTok,Central,55+,Male,Enterprise Plan,1
USR_01143,2023-08-04,Google_Search,East,45-54,Other,Basic Plan,0
USR_01144,2023-01-22,Organic,East,25-34,Male,Basic Plan,0
USR_01145,2023-08-29,Meta_Facebook,South,45-54,Other,Pro Plan,0
USR_01146,2023-04-07,Organic,Central,55+,Female,Basic Plan,1
USR_01147,2023-05-30,Email,South,18-24,Male,One-Time Purchase,1
USR_01148,2023-03-05,Organic,East,18-24,Female,Basic Plan,1
USR_01149,2023-10-23,Meta_Facebook,Central,35-44,Female,Pro Plan,1
USR_01150,2023-12-17,Organic,South,18-24,Female,Enterprise Plan,1
USR_01151,2023-12-23,Google_Search,West,45-54,Female,Enterprise Plan,1
USR_01152,2023-06-16,Organic,West,55+,Female,One-Time Purchase,1
USR_01153,2023-08-21,Email,East,18-24,Other,One-Time Purchase,1
USR_01154,2023-10-10,TikTok,South,35-44,Other,Enterprise Plan,1
USR_01155,2023-02-24,Meta_Facebook,East,55+,Male,Pro Plan,1
USR_01156,2023-09-29,Meta_Facebook,West,35-44,Other,Pro Plan,1
USR_01157,2023-10-11,Organic,Central,45-54,Female,Basic Plan,1
USR_01158,2023-08-06,Email,East,25-34,Other,One-Time Purchase,0
USR_01159,2023-01-23,Meta_Facebook,West,25-34,Other,Basic Plan,1
USR_01160,2023-07-29,Google_Search,East,55+,Male,Pro Plan,1
USR_01161,2023-11-03,TikTok,South,18-24,Male,One-Time Purchase,1
USR_01162,2023-12-23,Google_Search,West,18-24,Female,One-Time Purchase,1
USR_01163,2023-03-26,Google_Search,North,55+,Female,Enterprise Plan,0
USR_01164,2023-01-24,Meta_Facebook,South,18-24,Other,Pro Plan,1
USR_01165,2023-06-03,Organic,South,18-24,Female,Pro Plan,1
USR_01166,2023-03-20,Organic,North,35-44,Female,Pro Plan,1
USR_01167,2023-12-13,TikTok,Central,25-34,Other,One-Time Purchase,1
USR_01168,2023-10-02,Organic,North,25-34,Other,Pro Plan,1
USR_01169,2023-02-27,TikTok,West,35-44,Other,Pro Plan,1
USR_01170,2023-02-12,Email,Central,45-54,Other,Enterprise Plan,0
USR_01171,2023-02-15,TikTok,South,35-44,Male,Basic Plan,1
USR_01172,2023-12-07,Google_Search,North,35-44,Other,Enterprise Plan,1
USR_01173,2023-11-28,Email,North,35-44,Female,Pro Plan,0
USR_01174,2023-02-28,TikTok,East,25-34,Female,Enterprise Plan,1
USR_01175,2023-10-04,Organic,East,55+,Female,Basic Plan,1
USR_01176,2023-01-02,Email,South,18-24,Male,Enterprise Plan,1
USR_01177,2023-03-29,TikTok,West,35-44,Male,Basic Plan,1
USR_01178,2023-05-04,Organic,Central,35-44,Other,Enterprise Plan,0
USR_01179,2023-09-27,Meta_Facebook,South,25-34,Female,Basic Plan,0
USR_01180,2023-03-05,TikTok,Central,55+,Other,Enterprise Plan,1
USR_01181,2023-04-01,TikTok,West,45-54,Male,Pro Plan,1
USR_01182,2023-07-24,Email,South,18-24,Female,Basic Plan,1
USR_01183,2023-09-25,TikTok,East,55+,Other,Enterprise Plan,1
USR_01184,2023-01-21,Organic,East,25-34,Male,Pro Plan,1
USR_01185,2023-05-29,TikTok,Central,35-44,Other,Pro Plan,1
USR_01186,2023-12-24,TikTok,Central,55+,Female,Enterprise Plan,1
USR_01187,2023-06-24,Google_Search,East,55+,Female,Enterprise Plan,1
USR_01188,2023-04-10,TikTok,East,35-44,Male,Basic Plan,1
USR_01189,2023-03-10,Organic,East,55+,Male,Basic Plan,1
USR_01190,2023-11-10,TikTok,West,35-44,Other,One-Time Purchase,1
USR_01191,2023-01-06,Meta_Facebook,South,35-44,Other,Basic Plan,1
USR_01192,2023-02-27,TikTok,South,18-24,Female,Pro Plan,1
USR_01193,2023-12-26,Organic,East,55+,Female,Basic Plan,0
USR_01194,2023-10-28,Meta_Facebook,West,35-44,Female,Pro Plan,0
USR_01195,2023-11-19,Google_Search,East,55+,Other,One-Time Purchase,1
USR_01196,2023-01-29,TikTok,South,18-24,Other,One-Time Purchase,1
USR_01197,2023-05-11,Email,East,45-54,Other,One-Time Purchase,1
USR_01198,2023-02-25,Organic,West,18-24,Other,Pro Plan,1
USR_01199,2023-01-21,Google_Search,South,35-44,Female,Basic Plan,0
USR_01200,2023-04-19,Meta_Facebook,East,25-34,Female,Basic Plan,1
USR_01201,2023-01-25,TikTok,East,35-44,Other,Enterprise Plan,1
USR_01202,2023-10-26,Meta_Facebook,West,18-24,Female,One-Time Purchase,1
USR_01203,2023-12-13,Organic,North,55+,Other,Pro Plan,1
USR_01204,2023-05-08,Meta_Facebook,East,55+,Other,Enterprise Plan,0
USR_01205,2023-04-10,Meta_Facebook,South,18-24,Male,Pro Plan,1
USR_01206,2023-08-31,Meta_Facebook,West,25-34,Male,One-Time Purchase,1
USR_01207,2023-06-08,TikTok,South,25-34,Male,Enterprise Plan,0
USR_01208,2023-09-24,Meta_Facebook,Central,55+,Other,Enterprise Plan,0
USR_01209,2023-03-02,Meta_Facebook,Central,18-24,Male,Enterprise Plan,1
USR_01210,2023-06-26,Organic,North,35-44,Female,Basic Plan,0
USR_01211,2023-09-28,Email,Central,18-24,Male,Basic Plan,1
USR_01212,2023-01-21,Google_Search,South,18-24,Other,Pro Plan,0
USR_01213,2023-07-19,Google_Search,North,35-44,Female,One-Time Purchase,1
USR_01214,2023-06-21,Google_Search,North,18-24,Other,One-Time Purchase,1
USR_01215,2023-07-28,Meta_Facebook,Central,55+,Other,One-Time Purchase,0
USR_01216,2023-07-30,Meta_Facebook,Central,55+,Other,Enterprise Plan,1
USR_01217,2023-07-16,Google_Search,South,45-54,Male,Enterprise Plan,1
USR_01218,2023-03-09,Email,East,45-54,Male,Pro Plan,1
USR_01219,2023-08-26,Google_Search,South,25-34,Other,Basic Plan,0
USR_01220,2023-10-07,TikTok,East,55+,Other,Basic Plan,1
USR_01221,2023-10-01,Google_Search,South,25-34,Other,One-Time Purchase,1
USR_01222,2023-11-24,Google_Search,West,55+,Other,Basic Plan,0
USR_01223,2023-06-24,Organic,Central,55+,Other,Pro Plan,1
USR_01224,2023-09-21,Meta_Facebook,Central,55+,Female,One-Time Purchase,1
USR_01225,2023-09-12,Meta_Facebook,West,55+,Female,Basic Plan,0
USR_01226,2023-06-21,TikTok,West,25-34,Male,Enterprise Plan,1
USR_01227,2023-03-31,Google_Search,Central,18-24,Female,Enterprise Plan,1
USR_01228,2023-10-01,Email,South,45-54,Other,Enterprise Plan,1
USR_01229,2023-01-18,TikTok,South,55+,Other,Enterprise Plan,1
USR_01230,2023-06-22,TikTok,Central,35-44,Female,Basic Plan,0
USR_01231,2023-04-02,Meta_Facebook,Central,35-44,Female,One-Time Purchase,1
USR_01232,2023-08-25,Organic,Central,18-24,Male,One-Time Purchase,0
USR_01233,2023-12-06,Email,West,45-54,Other,Enterprise Plan,1
USR_01234,2023-11-10,Email,South,45-54,Male,Pro Plan,0
USR_01235,2023-04-24,Meta_Facebook,Central,35-44,Female,Enterprise Plan,1
USR_01236,2023-07-19,Meta_Facebook,Central,35-44,Female,One-Time Purchase,1
USR_01237,2023-07-17,TikTok,East,55+,Male,Enterprise Plan,0
USR_01238,2023-04-25,Google_Search,South,18-24,Other,Basic Plan,1
USR_01239,2023-02-27,Organic,Central,25-34,Female,Pro Plan,1
USR_01240,2023-05-18,Google_Search,North,55+,Other,Pro Plan,1
USR_01241,2023-04-20,Organic,West,55+,Other,Pro Plan,1
USR_01242,2023-02-25,Email,North,45-54,Other,Enterprise Plan,0
USR_01243,2023-03-04,TikTok,Central,35-44,Other,Basic Plan,1
USR_01244,2023-03-12,Email,Central,45-54,Other,One-Time Purchase,1
USR_01245,2023-06-22,TikTok,East,45-54,Female,Enterprise Plan,0
USR_01246,2023-01-14,Meta_Facebook,North,55+,Male,Basic Plan,0
USR_01247,2023-04-28,TikTok,South,45-54,Other,Pro Plan,1
USR_01248,2023-04-15,Organic,Central,25-34,Female,Basic Plan,1
USR_01249,2023-07-17,TikTok,Central,45-54,Other,Pro Plan,1
USR_01250,2023-08-14,Email,West,18-24,Female,Basic Plan,1
USR_01251,2023-05-28,Meta_Facebook,North,45-54,Female,Pro Plan,0
USR_01252,2023-03-06,Meta_Facebook,Central,18-24,Other,Basic Plan,1
USR_01253,2023-02-16,TikTok,South,35-44,Other,Enterprise Plan,1
USR_01254,2023-04-01,Meta_Facebook,East,18-24,Female,One-Time Purchase,1
USR_01255,2023-09-19,Organic,West,45-54,Other,Basic Plan,1
USR_01256,2023-11-27,Organic,South,25-34,Male,One-Time Purchase,1
USR_01257,2023-12-02,TikTok,South,55+,Female,Enterprise Plan,1
USR_01258,2023-11-11,Meta_Facebook,West,18-24,Male,Basic Plan,1
USR_01259,2023-05-01,TikTok,Central,45-54,Other,Pro Plan,1
USR_01260,2023-10-04,Meta_Facebook,East,25-34,Other,Enterprise Plan,1
USR_01261,2023-09-10,Meta_Facebook,South,18-24,Other,Enterprise Plan,1
USR_01262,2023-10-23,Organic,Central,25-34,Male,Pro Plan,1
USR_01263,2023-05-07,TikTok,West,45-54,Female,Basic Plan,1
USR_01264,2023-10-13,TikTok,South,25-34,Female,Pro Plan,1
USR_01265,2023-07-23,Google_Search,Central,35-44,Other,Pro Plan,1
USR_01266,2023-12-18,Organic,Central,18-24,Female,Enterprise Plan,0
USR_01267,2023-07-02,Meta_Facebook,South,25-34,Female,Basic Plan,1
USR_01268,2023-05-01,Organic,North,25-34,Male,Basic Plan,1
USR_01269,2023-10-20,Google_Search,North,25-34,Female,Pro Plan,0
USR_01270,2023-02-17,Email,South,45-54,Male,Enterprise Plan,1
USR_01271,2023-04-11,Google_Search,Central,45-54,Other,One-Time Purchase,1
USR_01272,2023-02-28,Meta_Facebook,West,18-24,Other,Pro Plan,1
USR_01273,2023-03-02,Organic,West,35-44,Female,Pro Plan,1
USR_01274,2023-01-17,Organic,South,35-44,Other,One-Time Purchase,0
USR_01275,2023-08-22,Email,Central,18-24,Male,Pro Plan,1
USR_01276,2023-10-23,Email,South,18-24,Female,Enterprise Plan,1
USR_01277,2023-07-07,Email,West,45-54,Female,Basic Plan,1
USR_01278,2023-03-07,TikTok,West,25-34,Female,Basic Plan,1
USR_01279,2023-05-22,Meta_Facebook,West,35-44,Female,Enterprise Plan,1
USR_01280,2023-05-13,Google_Search,South,45-54,Female,Pro Plan,1
USR_01281,2023-07-05,TikTok,South,25-34,Male,Pro Plan,1
USR_01282,2023-08-15,Google_Search,West,55+,Male,Basic Plan,1
USR_01283,2023-02-24,Email,East,45-54,Other,Pro Plan,1
USR_01284,2023-06-07,TikTok,North,45-54,Female,One-Time Purchase,1
USR_01285,2023-05-07,Email,West,45-54,Other,Pro Plan,0
USR_01286,2023-04-17,Google_Search,West,18-24,Male,Basic Plan,1
USR_01287,2023-03-17,TikTok,North,25-34,Other,Enterprise Plan,1
USR_01288,2023-04-28,Email,North,18-24,Female,Enterprise Plan,0
USR_01289,2023-06-03,Meta_Facebook,West,35-44,Female,Basic Plan,0
USR_01290,2023-04-15,Google_Search,Central,55+,Other,Enterprise Plan,1
USR_01291,2023-11-07,Organic,South,25-34,Other,Enterprise Plan,1
USR_01292,2023-01-13,Google_Search,North,35-44,Female,One-Time Purchase,1
USR_01293,2023-05-10,Google_Search,North,35-44,Female,Pro Plan,1
USR_01294,2023-12-29,Email,Central,18-24,Male,Enterprise Plan,0
USR_01295,2023-03-30,Google_Search,East,25-34,Other,Enterprise Plan,1
USR_01296,2023-07-22,TikTok,Central,45-54,Male,Pro Plan,0
USR_01297,2023-08-01,Organic,Central,45-54,Female,Basic Plan,1
USR_01298,2023-06-15,Organic,South,25-34,Male,Enterprise Plan,1
USR_01299,2023-12-04,Google_Search,East,45-54,Female,Basic Plan,1
USR_01300,2023-01-12,TikTok,Central,55+,Other,Basic Plan,1
USR_01301,2023-04-30,TikTok,West,35-44,Other,One-Time Purchase,0
USR_01302,2023-04-03,Meta_Facebook,West,18-24,Male,Enterprise Plan,1
USR_01303,2023-09-19,Organic,Central,25-34,Female,Pro Plan,0
USR_01304,2023-02-15,TikTok,West,25-34,Female,Enterprise Plan,1
USR_01305,2023-04-25,Email,West,25-34,Other,Basic Plan,1
USR_01306,2023-07-12,Organic,Central,25-34,Male,Enterprise Plan,0
USR_01307,2023-10-05,TikTok,South,35-44,Female,Pro Plan,1
USR_01308,2023-09-14,Meta_Facebook,Central,45-54,Male,One-Time Purchase,0
USR_01309,2023-03-19,TikTok,West,55+,Male,One-Time Purchase,0
USR_01310,2023-12-05,TikTok,South,45-54,Male,One-Time Purchase,1
USR_01311,2023-06-24,Meta_Facebook,South,35-44,Other,Enterprise Plan,1
USR_01312,2023-06-20,Google_Search,South,25-34,Male,Enterprise Plan,1
USR_01313,2023-08-08,Email,North,25-34,Other,Enterprise Plan,1
USR_01314,2023-11-01,TikTok,Central,35-44,Female,Basic Plan,1
USR_01315,2023-03-16,Google_Search,East,45-54,Female,One-Time Purchase,0
USR_01316,2023-11-15,Meta_Facebook,West,25-34,Male,Enterprise Plan,0
USR_01317,2023-05-08,TikTok,West,25-34,Other,Enterprise Plan,1
USR_01318,2023-11-03,Meta_Facebook,North,55+,Other,Enterprise Plan,1
USR_01319,2023-10-03,TikTok,West,25-34,Other,One-Time Purchase,1
USR_01320,2023-12-16,Email,Central,55+,Other,One-Time Purchase,1
USR_01321,2023-01-15,TikTok,West,55+,Male,Enterprise Plan,0
USR_01322,2023-11-21,Meta_Facebook,West,55+,Male,Enterprise Plan,1
USR_01323,2023-04-28,Google_Search,North,18-24,Female,Pro Plan,1
USR_01324,2023-05-09,TikTok,Central,18-24,Female,Basic Plan,1
USR_01325,2023-07-22,Organic,West,25-34,Male,Pro Plan,0
USR_01326,2023-03-26,Organic,North,18-24,Male,Basic Plan,1
USR_01327,2023-09-30,Google_Search,West,25-34,Other,Pro Plan,1
USR_01328,2023-03-16,Meta_Facebook,North,45-54,Female,Pro Plan,1
USR_01329,2023-11-11,Organic,Central,25-34,Female,One-Time Purchase,1
USR_01330,2023-11-27,Meta_Facebook,West,35-44,Female,Basic Plan,1
USR_01331,2023-09-01,Email,North,45-54,Other,Basic Plan,0
USR_01332,2023-05-11,Email,South,25-34,Other,One-Time Purchase,1
USR_01333,2023-10-07,TikTok,South,18-24,Female,Pro Plan,1
USR_01334,2023-12-25,Google_Search,Central,25-34,Male,One-Time Purchase,1
USR_01335,2023-06-26,Meta_Facebook,East,18-24,Male,Enterprise Plan,0
USR_01336,2023-04-22,Organic,Central,55+,Other,Basic Plan,1
USR_01337,2023-12-05,Email,Central,35-44,Female,One-Time Purchase,0
USR_01338,2023-11-03,TikTok,West,45-54,Female,Pro Plan,1
USR_01339,2023-03-25,TikTok,South,25-34,Other,Basic Plan,1
USR_01340,2023-09-21,Google_Search,Central,45-54,Female,Pro Plan,1
USR_01341,2023-08-11,Organic,North,55+,Female,Basic Plan,1
USR_01342,2023-10-13,Organic,West,45-54,Female,Basic Plan,0
USR_01343,2023-05-28,Google_Search,South,25-34,Other,Enterprise Plan,1
USR_01344,2023-09-05,Email,West,35-44,Male,Pro Plan,1
USR_01345,2023-08-13,Google_Search,East,45-54,Male,Basic Plan,0
USR_01346,2023-05-18,Google_Search,North,55+,Female,One-Time Purchase,1
USR_01347,2023-02-16,Meta_Facebook,East,45-54,Female,One-Time Purchase,1
USR_01348,2023-10-30,Email,Central,18-24,Female,Basic Plan,1
USR_01349,2023-07-27,Meta_Facebook,West,55+,Female,Basic Plan,0
USR_01350,2023-02-07,Email,North,35-44,Female,One-Time Purchase,0
USR_01351,2023-03-09,Organic,East,45-54,Male,Pro Plan,0
USR_01352,2023-10-20,Email,South,18-24,Male,One-Time Purchase,0
USR_01353,2023-09-07,Email,West,25-34,Other,Basic Plan,1
USR_01354,2023-10-28,Google_Search,West,25-34,Female,Enterprise Plan,1
USR_01355,2023-02-23,TikTok,East,55+,Male,Enterprise Plan,1
USR_01356,2023-01-28,Organic,South,45-54,Other,Pro Plan,1
USR_01357,2023-11-09,Email,East,45-54,Female,Basic Plan,1
USR_01358,2023-04-04,Meta_Facebook,East,45-54,Male,Pro Plan,1
USR_01359,2023-07-11,Google_Search,West,35-44,Male,Basic Plan,0
USR_01360,2023-02-25,Google_Search,East,18-24,Other,One-Time Purchase,0
USR_01361,2023-08-14,Google_Search,Central,18-24,Female,Pro Plan,0
USR_01362,2023-10-21,Email,Central,45-54,Other,Enterprise Plan,1
USR_01363,2023-09-21,Meta_Facebook,West,25-34,Male,Enterprise Plan,0
USR_01364,2023-12-17,Meta_Facebook,North,45-54,Female,Enterprise Plan,0
USR_01365,2023-05-20,TikTok,West,55+,Female,One-Time Purchase,1
USR_01366,2023-05-09,Email,Central,25-34,Female,Enterprise Plan,1
USR_01367,2023-11-19,Email,West,18-24,Male,Basic Plan,1
USR_01368,2023-07-21,Email,West,25-34,Other,Enterprise Plan,1
USR_01369,2023-11-14,Email,South,25-34,Female,Enterprise Plan,1
USR_01370,2023-12-08,Meta_Facebook,South,18-24,Female,Enterprise Plan,1
USR_01371,2023-12-27,Meta_Facebook,South,18-24,Other,Basic Plan,1
USR_01372,2023-04-29,Google_Search,North,55+,Other,One-Time Purchase,1
USR_01373,2023-06-05,Google_Search,South,55+,Male,Basic Plan,0
USR_01374,2023-11-11,Google_Search,South,18-24,Other,Pro Plan,1
USR_01375,2023-06-24,Meta_Facebook,North,45-54,Male,One-Time Purchase,0
USR_01376,2023-01-07,Google_Search,West,45-54,Male,Basic Plan,1
USR_01377,2023-04-22,Meta_Facebook,Central,25-34,Male,Enterprise Plan,0
USR_01378,2023-03-08,Organic,South,45-54,Other,Basic Plan,1
USR_01379,2023-12-05,TikTok,South,18-24,Female,Pro Plan,1
USR_01380,2023-11-26,Organic,North,18-24,Female,Pro Plan,1
USR_01381,2023-03-11,TikTok,North,25-34,Female,Enterprise Plan,1
USR_01382,2023-10-06,Organic,East,45-54,Other,Basic Plan,0
USR_01383,2023-12-22,Meta_Facebook,West,45-54,Other,Enterprise Plan,1
USR_01384,2023-12-22,TikTok,South,35-44,Female,One-Time Purchase,1
USR_01385,2023-04-26,TikTok,North,18-24,Female,Pro Plan,1
USR_01386,2023-03-29,Google_Search,East,18-24,Male,One-Time Purchase,1
USR_01387,2023-06-20,TikTok,Central,18-24,Other,Enterprise Plan,0
USR_01388,2023-02-18,Organic,Central,18-24,Male,Basic Plan,0
USR_01389,2023-10-01,TikTok,South,55+,Other,One-Time Purchase,1
USR_01390,2023-09-18,Email,East,18-24,Other,Basic Plan,1
USR_01391,2023-09-26,Google_Search,North,18-24,Female,Enterprise Plan,1
USR_01392,2023-11-18,Google_Search,South,25-34,Female,Pro Plan,1
USR_01393,2023-03-18,Meta_Facebook,South,55+,Female,One-Time Purchase,1
USR_01394,2023-12-16,Google_Search,East,25-34,Other,One-Time Purchase,1
USR_01395,2023-04-25,Meta_Facebook,North,18-24,Male,Pro Plan,1
USR_01396,2023-12-18,Google_Search,West,25-34,Other,One-Time Purchase,0
USR_01397,2023-07-20,Meta_Facebook,South,35-44,Other,Pro Plan,0
USR_01398,2023-07-21,Organic,North,35-44,Other,Pro Plan,0
USR_01399,2023-07-05,Email,North,35-44,Other,Enterprise Plan,1
USR_01400,2023-04-26,TikTok,West,55+,Female,Basic Plan,1
USR_01401,2023-10-12,Email,East,55+,Other,Basic Plan,0
USR_01402,2023-11-01,TikTok,North,35-44,Female,Pro Plan,1
USR_01403,2023-10-20,Organic,East,35-44,Male,Pro Plan,0
USR_01404,2023-04-06,Email,North,55+,Other,Pro Plan,1
USR_01405,2023-10-16,Email,West,25-34,Male,One-Time Purchase,1
USR_01406,2023-05-19,Organic,West,18-24,Female,Basic Plan,1
USR_01407,2023-11-13,Email,Central,18-24,Female,Enterprise Plan,1
USR_01408,2023-07-10,TikTok,West,45-54,Female,Enterprise Plan,1
USR_01409,2023-05-17,Meta_Facebook,West,35-44,Male,Enterprise Plan,1
USR_01410,2023-05-07,Meta_Facebook,West,25-34,Female,Enterprise Plan,1
USR_01411,2023-12-15,Google_Search,North,45-54,Female,One-Time Purchase,0
USR_01412,2023-03-22,Meta_Facebook,East,55+,Other,Pro Plan,0
USR_01413,2023-12-13,Google_Search,Central,45-54,Other,Enterprise Plan,1
USR_01414,2023-02-27,Email,North,45-54,Male,Enterprise Plan,1
USR_01415,2023-01-13,Email,East,35-44,Female,Basic Plan,1
USR_01416,2023-04-02,Meta_Facebook,North,45-54,Female,Pro Plan,1
USR_01417,2023-09-28,Google_Search,West,35-44,Other,Basic Plan,1
USR_01418,2023-04-06,TikTok,West,55+,Other,Enterprise Plan,0
USR_01419,2023-03-17,Meta_Facebook,South,55+,Other,Pro Plan,1
USR_01420,2023-04-26,Meta_Facebook,South,35-44,Female,One-Time Purchase,1
USR_01421,2023-09-12,Google_Search,Central,55+,Male,Pro Plan,1
USR_01422,2023-04-04,Google_Search,West,35-44,Other,Enterprise Plan,0
USR_01423,2023-03-20,Meta_Facebook,South,25-34,Female,Basic Plan,1
USR_01424,2023-06-27,TikTok,Central,35-44,Female,Pro Plan,1
USR_01425,2023-11-22,Organic,South,35-44,Female,Basic Plan,1
USR_01426,2023-10-14,Email,North,55+,Other,Pro Plan,0
USR_01427,2023-08-31,Email,West,25-34,Male,Enterprise Plan,1
USR_01428,2023-07-08,Google_Search,West,35-44,Male,Basic Plan,1
USR_01429,2023-01-10,Email,South,25-34,Female,Pro Plan,1
USR_01430,2023-08-09,TikTok,West,18-24,Male,One-Time Purchase,1
USR_01431,2023-04-05,Meta_Facebook,West,18-24,Other,Basic Plan,1
USR_01432,2023-11-20,TikTok,East,18-24,Other,Basic Plan,1
USR_01433,2023-05-20,Email,Central,45-54,Other,Enterprise Plan,0
USR_01434,2023-06-02,TikTok,West,55+,Other,Enterprise Plan,1
USR_01435,2023-08-07,Google_Search,East,55+,Male,Basic Plan,1
USR_01436,2023-08-26,Organic,North,18-24,Male,Enterprise Plan,1
USR_01437,2023-07-08,Email,North,55+,Female,Pro Plan,1
USR_01438,2023-10-19,Email,Central,55+,Other,Enterprise Plan,1
USR_01439,2023-02-07,Email,Central,18-24,Other,One-Time Purchase,0
USR_01440,2023-10-22,Email,West,25-34,Other,Basic Plan,1
USR_01441,2023-09-02,Meta_Facebook,Central,55+,Male,Basic Plan,1
USR_01442,2023-10-27,Meta_Facebook,South,25-34,Male,Pro Plan,0
USR_01443,2023-08-10,Email,West,35-44,Male,Pro Plan,1
USR_01444,2023-08-25,Email,West,55+,Female,One-Time Purchase,1
USR_01445,2023-10-12,Organic,North,18-24,Female,Basic Plan,1
USR_01446,2023-10-09,Email,North,35-44,Other,Enterprise Plan,1
USR_01447,2023-03-11,Google_Search,South,55+,Other,Enterprise Plan,0
USR_01448,2023-01-10,Email,South,55+,Male,One-Time Purchase,1
USR_01449,2023-10-04,Google_Search,North,18-24,Female,Pro Plan,0
USR_01450,2023-04-07,Google_Search,East,35-44,Other,Enterprise Plan,1
USR_01451,2023-03-23,Meta_Facebook,South,45-54,Female,Pro Plan,0
USR_01452,2023-02-04,Google_Search,West,18-24,Female,Enterprise Plan,1
USR_01453,2023-11-09,TikTok,East,55+,Male,Pro Plan,0
USR_01454,2023-05-13,Organic,South,18-24,Female,Basic Plan,1
USR_01455,2023-12-05,TikTok,West,45-54,Male,One-Time Purchase,1
USR_01456,2023-11-24,TikTok,South,35-44,Female,Pro Plan,1
USR_01457,2023-06-25,Organic,West,45-54,Male,Enterprise Plan,0
USR_01458,2023-05-30,Google_Search,South,35-44,Other,Enterprise Plan,1
USR_01459,2023-04-23,TikTok,West,35-44,Female,Pro Plan,1
USR_01460,2023-07-15,Meta_Facebook,South,55+,Male,Pro Plan,0
USR_01461,2023-08-15,Google_Search,East,45-54,Female,Enterprise Plan,0
USR_01462,2023-11-11,Organic,Central,55+,Other,Basic Plan,0
USR_01463,2023-11-03,Email,West,45-54,Female,Enterprise Plan,1
USR_01464,2023-03-22,Meta_Facebook,Central,35-44,Female,Basic Plan,1
USR_01465,2023-06-11,TikTok,West,45-54,Female,One-Time Purchase,1
USR_01466,2023-04-10,Meta_Facebook,North,25-34,Female,Basic Plan,1
USR_01467,2023-06-02,Google_Search,North,18-24,Other,Enterprise Plan,1
USR_01468,2023-03-10,Google_Search,North,55+,Other,Pro Plan,1
USR_01469,2023-05-25,Organic,East,45-54,Male,One-Time Purchase,1
USR_01470,2023-04-02,Google_Search,South,55+,Female,Basic Plan,1
USR_01471,2023-09-30,Meta_Facebook,North,45-54,Female,One-Time Purchase,1
USR_01472,2023-05-23,TikTok,Central,55+,Male,Pro Plan,1
USR_01473,2023-12-19,Meta_Facebook,North,45-54,Male,Basic Plan,1
USR_01474,2023-10-04,Email,South,18-24,Male,Pro Plan,1
USR_01475,2023-10-11,Meta_Facebook,West,55+,Female,Basic Plan,1
USR_01476,2023-04-16,TikTok,Central,45-54,Other,Pro Plan,1
USR_01477,2023-02-23,Meta_Facebook,West,45-54,Other,Basic Plan,1
USR_01478,2023-04-13,Meta_Facebook,Central,45-54,Male,Basic Plan,1
USR_01479,2023-08-25,TikTok,North,35-44,Female,Enterprise Plan,0
USR_01480,2023-09-04,Organic,West,25-34,Other,Basic Plan,1
USR_01481,2023-11-15,Meta_Facebook,West,25-34,Male,One-Time Purchase,0
USR_01482,2023-08-03,TikTok,Central,18-24,Other,Enterprise Plan,0
USR_01483,2023-03-19,Organic,West,35-44,Other,One-Time Purchase,1
USR_01484,2023-03-12,Email,West,55+,Male,Enterprise Plan,1
USR_01485,2023-03-11,TikTok,Central,25-34,Male,One-Time Purchase,0
USR_01486,2023-07-30,Organic,Central,18-24,Male,Basic Plan,1
USR_01487,2023-05-05,Email,West,45-54,Other,Pro Plan,1
USR_01488,2023-05-30,TikTok,Central,25-34,Male,Enterprise Plan,1
USR_01489,2023-03-27,TikTok,West,25-34,Female,Enterprise Plan,1
USR_01490,2023-03-25,Organic,South,45-54,Male,Basic Plan,0
USR_01491,2023-01-01,TikTok,Central,25-34,Female,Basic Plan,1
USR_01492,2023-05-02,Google_Search,South,45-54,Female,Enterprise Plan,0
USR_01493,2023-07-19,Organic,North,25-34,Male,Pro Plan,1
USR_01494,2023-10-17,Meta_Facebook,West,25-34,Other,One-Time Purchase,1
USR_01495,2023-09-29,Organic,South,25-34,Other,Basic Plan,1
USR_01496,2023-07-25,Email,South,45-54,Other,Basic Plan,1
USR_01497,2023-08-12,Organic,South,55+,Female,One-Time Purchase,1
USR_01498,2023-06-19,Meta_Facebook,South,45-54,Female,One-Time Purchase,1
USR_01499,2023-06-05,TikTok,East,35-44,Other,Enterprise Plan,1
USR_01500,2023-05-28,Email,East,35-44,Other,Basic Plan,1
USR_01501,2023-11-24,Meta_Facebook,West,55+,Female,Pro Plan,0
USR_01502,2023-11-13,Email,Central,25-34,Female,Enterprise Plan,0
USR_01503,2023-06-17,Organic,East,35-44,Other,One-Time Purchase,1
USR_01504,2023-06-07,Email,West,18-24,Other,Enterprise Plan,1
USR_01505,2023-04-10,Google_Search,Central,25-34,Other,One-Time Purchase,1
USR_01506,2023-09-24,TikTok,South,35-44,Male,Basic Plan,1
USR_01507,2023-08-11,Meta_Facebook,East,25-34,Other,Enterprise Plan,0
USR_01508,2023-09-20,Google_Search,North,45-54,Other,Enterprise Plan,1
USR_01509,2023-09-12,Google_Search,West,35-44,Other,One-Time Purchase,1
USR_01510,2023-06-08,Meta_Facebook,South,45-54,Other,Pro Plan,1
USR_01511,2023-05-15,Email,North,25-34,Other,Basic Plan,1
USR_01512,2023-06-24,Organic,South,55+,Female,Pro Plan,0
USR_01513,2023-03-25,Google_Search,North,18-24,Female,Enterprise Plan,1
USR_01514,2023-08-13,Meta_Facebook,Central,18-24,Male,One-Time Purchase,1
USR_01515,2023-10-26,Organic,Central,25-34,Other,Pro Plan,1
USR_01516,2023-08-20,Google_Search,West,55+,Other,Enterprise Plan,0
USR_01517,2023-06-18,Google_Search,East,18-24,Other,One-Time Purchase,1
USR_01518,2023-08-11,TikTok,North,25-34,Other,Pro Plan,1
USR_01519,2023-12-03,TikTok,South,18-24,Male,One-Time Purchase,0
USR_01520,2023-08-06,Organic,Central,45-54,Other,Pro Plan,0
USR_01521,2023-10-03,Google_Search,West,35-44,Male,Enterprise Plan,0
USR_01522,2023-03-04,Google_Search,Central,45-54,Other,Basic Plan,0
USR_01523,2023-12-20,TikTok,East,25-34,Female,Basic Plan,1
USR_01524,2023-09-29,Organic,South,25-34,Female,One-Time Purchase,1
USR_01525,2023-05-30,Organic,South,55+,Female,Enterprise Plan,0
USR_01526,2023-07-02,Email,North,18-24,Other,One-Time Purchase,1
USR_01527,2023-09-18,Meta_Facebook,West,25-34,Male,Pro Plan,0
USR_01528,2023-11-29,Organic,West,45-54,Other,Enterprise Plan,1
USR_01529,2023-02-12,Organic,East,35-44,Female,Basic Plan,1
USR_01530,2023-11-16,Organic,East,18-24,Female,Enterprise Plan,1
USR_01531,2023-03-11,Organic,South,55+,Male,Enterprise Plan,1
USR_01532,2023-03-10,TikTok,North,35-44,Other,Enterprise Plan,1
USR_01533,2023-08-03,Organic,West,35-44,Female,Basic Plan,1
USR_01534,2023-09-18,Organic,East,35-44,Female,Enterprise Plan,1
USR_01535,2023-08-21,Meta_Facebook,West,25-34,Other,One-Time Purchase,1
USR_01536,2023-10-14,Google_Search,North,45-54,Female,Enterprise Plan,1
USR_01537,2023-09-25,Google_Search,Central,18-24,Female,Pro Plan,1
USR_01538,2023-04-24,Meta_Facebook,South,25-34,Female,Enterprise Plan,1
USR_01539,2023-11-23,Organic,North,55+,Female,Pro Plan,1
USR_01540,2023-02-04,Meta_Facebook,South,18-24,Male,Basic Plan,0
USR_01541,2023-09-11,TikTok,East,25-34,Other,Pro Plan,1
USR_01542,2023-01-31,TikTok,West,25-34,Other,Basic Plan,1
USR_01543,2023-01-15,TikTok,Central,45-54,Male,Pro Plan,1
USR_01544,2023-09-27,Organic,North,25-34,Female,Pro Plan,1
USR_01545,2023-05-02,Organic,West,25-34,Female,Basic Plan,1
USR_01546,2023-08-25,Meta_Facebook,Central,35-44,Female,Basic Plan,0
USR_01547,2023-02-08,Organic,West,55+,Other,Pro Plan,1
USR_01548,2023-02-27,Organic,North,55+,Female,Basic Plan,0
USR_01549,2023-07-23,Google_Search,South,18-24,Female,Pro Plan,1
USR_01550,2023-12-07,Google_Search,Central,18-24,Female,Enterprise Plan,0
USR_01551,2023-11-05,Email,Central,55+,Other,Pro Plan,1
USR_01552,2023-07-03,TikTok,Central,35-44,Other,Basic Plan,0
USR_01553,2023-06-13,TikTok,Central,35-44,Female,Pro Plan,0
USR_01554,2023-10-02,Organic,East,25-34,Other,One-Time Purchase,0
USR_01555,2023-10-17,Google_Search,Central,35-44,Female,One-Time Purchase,1
USR_01556,2023-08-12,Email,North,35-44,Female,One-Time Purchase,1
USR_01557,2023-04-14,Organic,Central,45-54,Female,Pro Plan,1
USR_01558,2024-01-01,Google_Search,South,25-34,Male,Pro Plan,1
USR_01559,2023-07-03,Email,North,55+,Male,Pro Plan,1
USR_01560,2023-02-17,Organic,Central,35-44,Other,Pro Plan,1
USR_01561,2023-10-23,Organic,Central,35-44,Other,One-Time Purchase,0
USR_01562,2023-10-06,Google_Search,Central,45-54,Male,One-Time Purchase,1
USR_01563,2023-05-06,Organic,North,45-54,Male,Basic Plan,1
USR_01564,2023-06-18,TikTok,South,55+,Female,Pro Plan,1
USR_01565,2023-03-13,TikTok,North,55+,Other,Pro Plan,1
USR_01566,2023-03-18,Organic,South,25-34,Female,Enterprise Plan,1
USR_01567,2023-12-19,Email,South,18-24,Female,Pro Plan,0
USR_01568,2023-06-27,TikTok,North,18-24,Other,One-Time Purchase,1
USR_01569,2023-03-31,Meta_Facebook,South,25-34,Male,Basic Plan,1
USR_01570,2023-07-11,Google_Search,West,25-34,Other,One-Time Purchase,1
USR_01571,2023-08-03,Meta_Facebook,East,25-34,Male,Basic Plan,1
USR_01572,2023-02-21,Meta_Facebook,West,18-24,Male,One-Time Purchase,0
USR_01573,2023-07-18,Email,West,18-24,Female,Pro Plan,1
USR_01574,2023-08-15,TikTok,East,55+,Male,One-Time Purchase,1
USR_01575,2023-04-18,Email,North,35-44,Female,One-Time Purchase,1
USR_01576,2023-07-02,Meta_Facebook,East,35-44,Other,Pro Plan,1
USR_01577,2023-11-26,Google_Search,North,18-24,Other,One-Time Purchase,1
USR_01578,2023-06-07,Meta_Facebook,East,18-24,Female,Pro Plan,1
USR_01579,2023-10-02,Google_Search,West,25-34,Female,Enterprise Plan,1
USR_01580,2023-04-04,Google_Search,South,25-34,Female,Enterprise Plan,0
USR_01581,2023-09-28,Organic,North,45-54,Male,One-Time Purchase,1
USR_01582,2023-10-09,TikTok,Central,45-54,Female,Basic Plan,1
USR_01583,2023-04-18,Email,West,55+,Female,Pro Plan,1
USR_01584,2023-08-27,TikTok,West,35-44,Female,Basic Plan,1
USR_01585,2023-12-17,TikTok,North,55+,Female,Basic Plan,1
USR_01586,2023-06-18,Email,North,45-54,Other,Basic Plan,1
USR_01587,2023-12-13,Organic,Central,35-44,Female,One-Time Purchase,1
USR_01588,2023-04-27,Organic,North,55+,Female,Basic Plan,1
USR_01589,2023-08-29,Meta_Facebook,South,35-44,Male,One-Time Purchase,1
USR_01590,2023-01-04,Meta_Facebook,East,35-44,Other,Enterprise Plan,1
USR_01591,2023-01-08,Meta_Facebook,East,45-54,Male,Pro Plan,1
USR_01592,2023-07-15,TikTok,East,45-54,Male,Enterprise Plan,1
USR_01593,2023-07-02,Google_Search,West,55+,Female,Pro Plan,1
USR_01594,2023-07-18,Google_Search,North,18-24,Other,Basic Plan,1
USR_01595,2023-03-22,Email,South,55+,Female,Pro Plan,1
USR_01596,2023-11-04,Google_Search,North,35-44,Male,Pro Plan,1
USR_01597,2023-05-06,Meta_Facebook,Central,25-34,Male,Pro Plan,0
USR_01598,2023-03-21,Organic,Central,55+,Other,Basic Plan,1
USR_01599,2023-02-26,Meta_Facebook,Central,18-24,Female,One-Time Purchase,1
USR_01600,2023-06-24,Email,East,18-24,Male,One-Time Purchase,1
USR_01601,2023-07-09,Email,West,18-24,Female,One-Time Purchase,1
USR_01602,2023-05-15,Organic,Central,45-54,Female,One-Time Purchase,1
USR_01603,2023-09-15,Email,West,35-44,Male,One-Time Purchase,1
USR_01604,2023-07-21,TikTok,West,25-34,Male,One-Time Purchase,1
USR_01605,2023-03-15,Organic,North,45-54,Other,Enterprise Plan,0
USR_01606,2023-07-03,TikTok,South,55+,Female,One-Time Purchase,0
USR_01607,2023-12-22,Google_Search,East,25-34,Male,Pro Plan,1
USR_01608,2023-10-23,Organic,North,35-44,Male,One-Time Purchase,1
USR_01609,2023-08-26,Organic,East,35-44,Other,Enterprise Plan,1
USR_01610,2023-03-08,Organic,South,25-34,Other,Basic Plan,1
USR_01611,2023-09-09,Google_Search,West,25-34,Other,Basic Plan,1
USR_01612,2023-04-17,TikTok,South,35-44,Male,Basic Plan,1
USR_01613,2023-04-21,Google_Search,West,55+,Male,One-Time Purchase,0
USR_01614,2023-05-30,TikTok,South,25-34,Female,Pro Plan,1
USR_01615,2023-08-10,Meta_Facebook,Central,55+,Female,Pro Plan,1
USR_01616,2023-06-16,Email,North,25-34,Other,Enterprise Plan,1
USR_01617,2023-09-10,Meta_Facebook,Central,55+,Male,Pro Plan,1
USR_01618,2023-01-31,Meta_Facebook,West,25-34,Female,One-Time Purchase,0
USR_01619,2023-10-11,Email,East,55+,Female,One-Time Purchase,1
USR_01620,2023-09-11,Email,West,18-24,Female,Pro Plan,0
USR_01621,2023-02-22,TikTok,South,55+,Female,Pro Plan,1
USR_01622,2023-05-02,TikTok,North,25-34,Other,Enterprise Plan,1
USR_01623,2023-06-28,Meta_Facebook,South,25-34,Female,Pro Plan,1
USR_01624,2023-04-26,Email,East,45-54,Male,Basic Plan,1
USR_01625,2023-05-26,Meta_Facebook,Central,55+,Other,Pro Plan,1
USR_01626,2023-10-31,Organic,South,18-24,Male,Basic Plan,1
USR_01627,2023-11-27,Meta_Facebook,North,25-34,Female,Enterprise Plan,1
USR_01628,2023-01-29,Google_Search,South,45-54,Male,One-Time Purchase,1
USR_01629,2023-05-23,Meta_Facebook,North,25-34,Other,One-Time Purchase,0
USR_01630,2023-10-17,Meta_Facebook,West,25-34,Female,Basic Plan,0
USR_01631,2023-02-21,Organic,East,55+,Female,One-Time Purchase,1
USR_01632,2023-08-06,Google_Search,West,25-34,Female,Basic Plan,1
USR_01633,2023-06-11,Meta_Facebook,East,35-44,Male,Pro Plan,1
USR_01634,2023-12-20,Meta_Facebook,East,18-24,Male,Basic Plan,1
USR_01635,2023-09-06,TikTok,West,25-34,Other,Enterprise Plan,1
USR_01636,2023-03-20,Google_Search,Central,25-34,Other,Enterprise Plan,1
USR_01637,2023-10-30,Meta_Facebook,North,25-34,Male,One-Time Purchase,1
USR_01638,2023-04-12,Meta_Facebook,South,35-44,Other,One-Time Purchase,1
USR_01639,2023-07-03,TikTok,Central,55+,Male,Pro Plan,1
USR_01640,2023-02-11,TikTok,West,55+,Other,Pro Plan,1
USR_01641,2023-10-29,Email,South,55+,Other,Basic Plan,1
USR_01642,2023-05-06,Email,North,55+,Female,Pro Plan,0
USR_01643,2023-06-25,Google_Search,Central,35-44,Female,One-Time Purchase,1
USR_01644,2023-08-03,Google_Search,Central,25-34,Male,One-Time Purchase,1
USR_01645,2023-04-22,TikTok,East,55+,Other,Basic Plan,1
USR_01646,2023-04-13,Email,West,55+,Male,One-Time Purchase,1
USR_01647,2023-11-13,Email,East,25-34,Male,One-Time Purchase,1
USR_01648,2023-04-02,Organic,West,45-54,Other,Enterprise Plan,1
USR_01649,2023-04-17,Email,Central,18-24,Female,Pro Plan,1
USR_01650,2023-08-31,Email,East,25-34,Female,One-Time Purchase,0
USR_01651,2023-04-07,Meta_Facebook,East,45-54,Male,Basic Plan,1
USR_01652,2023-10-21,Email,West,18-24,Female,Pro Plan,1
USR_01653,2023-07-09,Meta_Facebook,West,18-24,Other,One-Time Purchase,1
USR_01654,2023-01-02,TikTok,East,55+,Other,Enterprise Plan,1
USR_01655,2023-11-22,Organic,North,55+,Male,Pro Plan,0
USR_01656,2023-05-12,Organic,West,35-44,Male,One-Time Purchase,1
USR_01657,2023-12-22,Google_Search,Central,18-24,Male,Basic Plan,1
USR_01658,2023-02-26,Google_Search,Central,25-34,Male,Enterprise Plan,1
USR_01659,2023-08-30,Google_Search,Central,25-34,Female,Pro Plan,1
USR_01660,2023-02-11,TikTok,North,55+,Female,One-Time Purchase,0
USR_01661,2023-01-24,Organic,West,18-24,Female,One-Time Purchase,1
USR_01662,2023-09-15,Organic,West,35-44,Other,Enterprise Plan,0
USR_01663,2023-12-10,Email,Central,45-54,Female,Pro Plan,1
USR_01664,2023-10-15,Organic,North,45-54,Female,One-Time Purchase,1
USR_01665,2023-07-25,Meta_Facebook,Central,25-34,Female,One-Time Purchase,0
USR_01666,2023-09-18,TikTok,North,25-34,Male,One-Time Purchase,1
USR_01667,2023-04-15,Meta_Facebook,West,45-54,Other,One-Time Purchase,1
USR_01668,2023-03-29,Organic,Central,18-24,Female,Pro Plan,1
USR_01669,2023-12-07,Meta_Facebook,North,25-34,Other,Enterprise Plan,0
USR_01670,2023-11-03,Meta_Facebook,North,55+,Other,One-Time Purchase,1
USR_01671,2023-12-24,Meta_Facebook,North,18-24,Other,Basic Plan,1
USR_01672,2023-01-27,Google_Search,West,35-44,Other,Pro Plan,0
USR_01673,2023-07-31,Email,North,18-24,Male,Basic Plan,0
USR_01674,2023-08-01,TikTok,South,25-34,Male,Enterprise Plan,0
USR_01675,2023-02-15,Google_Search,West,45-54,Female,One-Time Purchase,1
USR_01676,2023-11-04,Organic,North,18-24,Female,One-Time Purchase,1
USR_01677,2023-03-31,Organic,South,45-54,Other,Enterprise Plan,0
USR_01678,2023-04-05,Email,East,45-54,Other,Basic Plan,1
USR_01679,2023-12-03,Meta_Facebook,East,25-34,Male,Enterprise Plan,1
USR_01680,2023-03-21,Meta_Facebook,West,45-54,Male,Pro Plan,1
USR_01681,2023-08-14,Email,East,45-54,Male,Pro Plan,1
USR_01682,2023-10-07,Meta_Facebook,North,55+,Male,One-Time Purchase,1
USR_01683,2023-07-24,Organic,South,55+,Female,Pro Plan,1
USR_01684,2023-11-16,TikTok,West,35-44,Other,Basic Plan,1
USR_01685,2023-12-08,Meta_Facebook,South,55+,Female,Enterprise Plan,1
USR_01686,2023-03-26,Organic,Central,25-34,Male,Basic Plan,1
USR_01687,2023-04-01,Meta_Facebook,East,35-44,Male,Pro Plan,1
USR_01688,2023-12-30,Organic,West,45-54,Female,Enterprise Plan,0
USR_01689,2023-03-06,Organic,North,35-44,Female,Basic Plan,1
USR_01690,2023-12-01,Organic,West,55+,Other,Basic Plan,1
USR_01691,2023-05-26,TikTok,North,25-34,Female,Enterprise Plan,1
USR_01692,2023-12-10,Organic,East,55+,Other,Pro Plan,1
USR_01693,2023-08-08,TikTok,North,55+,Female,One-Time Purchase,1
USR_01694,2023-07-09,Organic,Central,25-34,Other,Basic Plan,1
USR_01695,2023-08-18,TikTok,West,55+,Other,Basic Plan,1
USR_01696,2023-03-03,Meta_Facebook,East,35-44,Other,Basic Plan,1
USR_01697,2023-02-19,Google_Search,North,35-44,Female,One-Time Purchase,1
USR_01698,2023-06-29,Google_Search,South,18-24,Male,Basic Plan,1
USR_01699,2023-11-15,TikTok,Central,55+,Female,Pro Plan,1
USR_01700,2023-05-27,TikTok,Central,25-34,Female,Enterprise Plan,1
USR_01701,2023-10-01,Organic,South,25-34,Female,Enterprise Plan,0
USR_01702,2023-07-02,Google_Search,West,55+,Other,Pro Plan,1
USR_01703,2023-09-18,Google_Search,East,55+,Other,Basic Plan,0
USR_01704,2023-01-25,Organic,West,25-34,Female,Basic Plan,1
USR_01705,2023-06-09,Email,East,25-34,Male,Enterprise Plan,1
USR_01706,2023-10-29,Organic,West,18-24,Female,Basic Plan,1
USR_01707,2023-01-07,Meta_Facebook,West,45-54,Female,Pro Plan,0
USR_01708,2023-12-30,TikTok,South,35-44,Other,Pro Plan,1
USR_01709,2023-11-06,Organic,East,45-54,Female,Basic Plan,1
USR_01710,2023-03-02,TikTok,Central,55+,Female,Enterprise Plan,0
USR_01711,2023-07-13,Google_Search,North,35-44,Male,Enterprise Plan,0
USR_01712,2023-05-04,Meta_Facebook,North,25-34,Female,One-Time Purchase,1
USR_01713,2023-09-01,Organic,East,25-34,Male,Enterprise Plan,0
USR_01714,2023-12-14,Meta_Facebook,South,25-34,Male,One-Time Purchase,0
USR_01715,2023-10-21,Email,South,35-44,Female,One-Time Purchase,1
USR_01716,2023-07-06,Meta_Facebook,North,55+,Female,One-Time Purchase,0
USR_01717,2023-05-03,Organic,North,45-54,Male,Basic Plan,1
USR_01718,2023-10-31,Google_Search,South,35-44,Female,Pro Plan,1
USR_01719,2023-01-12,TikTok,East,18-24,Other,Pro Plan,1
USR_01720,2023-01-22,Google_Search,Central,18-24,Other,Basic Plan,1
USR_01721,2023-05-12,Email,Central,35-44,Male,Basic Plan,1
USR_01722,2023-06-18,Meta_Facebook,Central,45-54,Male,Basic Plan,1
USR_01723,2023-06-28,Email,Central,35-44,Other,Enterprise Plan,1
USR_01724,2023-03-22,Meta_Facebook,Central,45-54,Male,Pro Plan,1
USR_01725,2023-07-14,Google_Search,South,45-54,Other,Basic Plan,0
USR_01726,2023-08-14,TikTok,North,18-24,Male,Pro Plan,1
USR_01727,2023-06-07,Organic,Central,45-54,Male,Basic Plan,1
USR_01728,2023-03-05,TikTok,North,45-54,Male,One-Time Purchase,1
USR_01729,2023-08-08,Email,West,55+,Other,Pro Plan,1
USR_01730,2023-08-28,Google_Search,South,45-54,Other,One-Time Purchase,1
USR_01731,2023-11-06,Organic,South,35-44,Female,Pro Plan,1
USR_01732,2023-11-15,Meta_Facebook,South,35-44,Female,Pro Plan,1
USR_01733,2023-05-09,Google_Search,North,35-44,Male,Pro Plan,0
USR_01734,2023-05-18,Email,South,55+,Male,Basic Plan,0
USR_01735,2023-11-15,Google_Search,South,55+,Female,Basic Plan,1
USR_01736,2023-04-20,Meta_Facebook,South,45-54,Female,Pro Plan,1
USR_01737,2023-07-25,Email,West,35-44,Male,One-Time Purchase,1
USR_01738,2023-05-02,Organic,North,35-44,Other,Enterprise Plan,1
USR_01739,2023-02-13,Google_Search,West,35-44,Female,Basic Plan,1
USR_01740,2023-05-06,Organic,South,55+,Female,One-Time Purchase,0
USR_01741,2023-10-05,Email,Central,45-54,Male,Enterprise Plan,1
USR_01742,2023-11-14,Email,East,25-34,Male,Enterprise Plan,1
USR_01743,2023-08-02,Organic,East,18-24,Other,Pro Plan,0
USR_01744,2023-02-08,Google_Search,East,25-34,Male,Enterprise Plan,0
USR_01745,2023-09-29,Email,West,25-34,Male,Pro Plan,0
USR_01746,2023-09-16,Organic,North,55+,Female,Pro Plan,1
USR_01747,2023-04-13,Email,Central,25-34,Other,One-Time Purchase,1
USR_01748,2023-05-19,Organic,North,45-54,Other,One-Time Purchase,1
USR_01749,2023-07-16,Organic,South,45-54,Other,Basic Plan,1
USR_01750,2023-08-19,TikTok,West,55+,Female,Enterprise Plan,1
USR_01751,2023-07-03,Organic,East,55+,Female,Pro Plan,0
USR_01752,2023-03-09,Email,North,18-24,Other,Basic Plan,1
USR_01753,2023-06-01,Google_Search,South,35-44,Male,Pro Plan,1
USR_01754,2023-06-12,Organic,North,45-54,Other,One-Time Purchase,1
USR_01755,2023-06-02,Email,South,18-24,Other,One-Time Purchase,1
USR_01756,2023-10-04,TikTok,Central,18-24,Male,Basic Plan,0
USR_01757,2023-09-06,TikTok,West,35-44,Male,Enterprise Plan,1
USR_01758,2023-08-26,Meta_Facebook,East,35-44,Other,One-Time Purchase,1
USR_01759,2023-10-08,Google_Search,South,55+,Female,Basic Plan,1
USR_01760,2023-01-23,Meta_Facebook,North,45-54,Female,Pro Plan,1
USR_01761,2023-08-30,Email,Central,18-24,Other,One-Time Purchase,0
USR_01762,2023-12-23,TikTok,East,25-34,Female,One-Time Purchase,1
USR_01763,2023-08-08,Google_Search,East,55+,Female,Enterprise Plan,1
USR_01764,2023-04-18,Google_Search,West,35-44,Male,Basic Plan,1
USR_01765,2023-11-25,Google_Search,East,35-44,Female,Basic Plan,0
USR_01766,2023-07-05,Email,Central,45-54,Other,One-Time Purchase,1
USR_01767,2023-05-01,Meta_Facebook,West,35-44,Male,Pro Plan,1
USR_01768,2023-01-14,Meta_Facebook,South,45-54,Other,One-Time Purchase,1
USR_01769,2023-12-10,TikTok,East,45-54,Male,One-Time Purchase,0
USR_01770,2023-08-04,Organic,East,35-44,Male,Pro Plan,1
USR_01771,2023-01-21,Organic,South,18-24,Male,Basic Plan,0
USR_01772,2023-07-27,TikTok,South,18-24,Other,One-Time Purchase,0
USR_01773,2023-07-24,Google_Search,South,25-34,Female,One-Time Purchase,1
USR_01774,2023-09-08,Google_Search,West,45-54,Other,Basic Plan,1
USR_01775,2023-04-25,Email,Central,35-44,Other,Enterprise Plan,1
USR_01776,2023-04-26,Meta_Facebook,East,25-34,Female,One-Time Purchase,1
USR_01777,2023-12-03,Meta_Facebook,North,45-54,Other,Enterprise Plan,1
USR_01778,2023-01-17,Email,South,55+,Male,One-Time Purchase,1
USR_01779,2023-10-03,Meta_Facebook,North,45-54,Female,Enterprise Plan,0
USR_01780,2023-04-27,Email,North,18-24,Other,One-Time Purchase,1
USR_01781,2023-10-01,TikTok,North,18-24,Male,One-Time Purchase,0
USR_01782,2023-10-03,Google_Search,South,18-24,Female,Enterprise Plan,1
USR_01783,2023-04-29,Organic,West,25-34,Other,Basic Plan,1
USR_01784,2023-07-07,Organic,South,35-44,Female,One-Time Purchase,0
USR_01785,2023-03-11,TikTok,North,18-24,Other,Enterprise Plan,1
USR_01786,2023-04-27,Meta_Facebook,South,18-24,Female,Basic Plan,1
USR_01787,2023-04-17,Email,East,55+,Female,One-Time Purchase,1
USR_01788,2023-03-26,Google_Search,Central,35-44,Male,One-Time Purchase,1
USR_01789,2023-12-24,Google_Search,Central,35-44,Other,Pro Plan,1
USR_01790,2023-03-06,TikTok,West,25-34,Other,Pro Plan,1
USR_01791,2023-11-21,Email,North,25-34,Female,Pro Plan,1
USR_01792,2023-01-21,Google_Search,South,55+,Female,One-Time Purchase,1
USR_01793,2023-02-18,Organic,West,45-54,Other,Enterprise Plan,0
USR_01794,2023-02-02,Organic,East,55+,Other,Enterprise Plan,1
USR_01795,2023-07-02,Organic,Central,25-34,Male,Enterprise Plan,1
USR_01796,2023-07-12,Email,North,45-54,Female,Basic Plan,0
USR_01797,2023-06-21,Email,North,35-44,Other,Enterprise Plan,0
USR_01798,2023-12-23,Google_Search,East,45-54,Male,Enterprise Plan,1
USR_01799,2023-11-30,Organic,West,35-44,Other,Pro Plan,1
USR_01800,2023-02-13,Email,South,18-24,Other,Enterprise Plan,0
USR_01801,2023-09-06,TikTok,North,18-24,Other,Basic Plan,1
USR_01802,2023-11-30,Google_Search,South,18-24,Other,Pro Plan,1
USR_01803,2023-03-12,Meta_Facebook,East,45-54,Other,Basic Plan,1
USR_01804,2023-10-29,TikTok,South,18-24,Female,Basic Plan,1
USR_01805,2023-04-16,TikTok,South,18-24,Female,Pro Plan,0
USR_01806,2023-01-24,Google_Search,North,35-44,Female,Enterprise Plan,0
USR_01807,2023-11-09,Organic,West,18-24,Male,Pro Plan,1
USR_01808,2023-04-09,Email,South,18-24,Other,Enterprise Plan,0
USR_01809,2023-08-31,Meta_Facebook,East,35-44,Female,Pro Plan,1
USR_01810,2023-05-17,Organic,West,35-44,Female,Enterprise Plan,1
USR_01811,2023-08-02,Email,North,55+,Other,One-Time Purchase,1
USR_01812,2023-12-24,Email,South,25-34,Male,One-Time Purchase,0
USR_01813,2023-12-08,Meta_Facebook,East,45-54,Female,One-Time Purchase,0
USR_01814,2023-05-08,Meta_Facebook,East,45-54,Male,One-Time Purchase,1
USR_01815,2023-11-17,TikTok,South,45-54,Other,Enterprise Plan,1
USR_01816,2023-10-03,Meta_Facebook,East,25-34,Female,Pro Plan,1
USR_01817,2023-09-21,Meta_Facebook,West,25-34,Female,Basic Plan,1
USR_01818,2023-02-18,Email,Central,25-34,Male,One-Time Purchase,1
USR_01819,2023-04-11,TikTok,East,55+,Male,One-Time Purchase,1
USR_01820,2023-11-21,Meta_Facebook,West,45-54,Female,Enterprise Plan,1
USR_01821,2023-01-06,Meta_Facebook,West,55+,Female,Basic Plan,0
USR_01822,2023-07-16,Email,Central,45-54,Other,Basic Plan,1
USR_01823,2023-10-09,Meta_Facebook,South,25-34,Other,Pro Plan,0
USR_01824,2023-05-21,TikTok,North,35-44,Other,Basic Plan,1
USR_01825,2023-10-24,TikTok,North,55+,Male,Basic Plan,1
USR_01826,2023-03-19,TikTok,Central,45-54,Male,One-Time Purchase,0
USR_01827,2023-11-05,Google_Search,South,35-44,Female,Pro Plan,1
USR_01828,2023-10-30,Google_Search,South,18-24,Other,Basic Plan,1
USR_01829,2023-03-01,Meta_Facebook,South,18-24,Male,Enterprise Plan,0
USR_01830,2023-01-03,Meta_Facebook,Central,18-24,Other,Enterprise Plan,1
USR_01831,2023-06-03,Email,South,45-54,Male,Basic Plan,1
USR_01832,2023-07-08,Organic,West,45-54,Other,One-Time Purchase,1
USR_01833,2023-05-27,Meta_Facebook,South,55+,Other,Basic Plan,0
USR_01834,2023-04-05,Organic,North,45-54,Other,Enterprise Plan,1
USR_01835,2023-09-12,Email,North,25-34,Male,Pro Plan,0
USR_01836,2023-02-03,Organic,Central,18-24,Other,Enterprise Plan,1
USR_01837,2023-11-03,Meta_Facebook,North,35-44,Other,Enterprise Plan,1
USR_01838,2023-06-24,Organic,West,55+,Male,One-Time Purchase,0
USR_01839,2023-04-05,Organic,North,45-54,Other,Pro Plan,1
USR_01840,2023-08-04,Meta_Facebook,East,55+,Female,One-Time Purchase,0
USR_01841,2023-11-23,Organic,West,25-34,Other,Enterprise Plan,0
USR_01842,2023-10-02,Meta_Facebook,North,35-44,Male,One-Time Purchase,0
USR_01843,2023-09-27,Meta_Facebook,East,35-44,Other,Basic Plan,1
USR_01844,2023-03-26,TikTok,Central,35-44,Female,Basic Plan,1
USR_01845,2023-12-07,Email,West,45-54,Male,One-Time Purchase,0
USR_01846,2023-01-09,Google_Search,North,45-54,Female,Basic Plan,1
USR_01847,2023-05-15,Email,West,35-44,Male,One-Time Purchase,1
USR_01848,2023-10-14,Google_Search,South,55+,Male,Basic Plan,0
USR_01849,2023-08-16,Email,South,55+,Female,Basic Plan,0
USR_01850,2023-07-10,TikTok,Central,45-54,Other,Basic Plan,1
USR_01851,2023-11-05,Organic,Central,18-24,Male,Enterprise Plan,1
USR_01852,2023-10-06,Organic,North,35-44,Female,Basic Plan,1
USR_01853,2023-03-15,Organic,West,25-34,Male,Pro Plan,1
USR_01854,2023-01-30,Meta_Facebook,East,45-54,Male,Basic Plan,0
USR_01855,2023-03-24,TikTok,West,55+,Male,Enterprise Plan,1
USR_01856,2023-06-19,Email,South,25-34,Male,Basic Plan,0
USR_01857,2023-10-27,Google_Search,West,35-44,Female,One-Time Purchase,1
USR_01858,2023-06-23,TikTok,East,35-44,Female,Pro Plan,1
USR_01859,2023-03-13,TikTok,West,25-34,Male,Basic Plan,1
USR_01860,2023-03-09,Google_Search,East,45-54,Female,One-Time Purchase,1
USR_01861,2023-07-27,Organic,Central,45-54,Male,One-Time Purchase,1
USR_01862,2023-01-17,Meta_Facebook,North,18-24,Female,Pro Plan,1
USR_01863,2023-11-26,Meta_Facebook,South,25-34,Other,Pro Plan,1
USR_01864,2023-02-02,TikTok,East,35-44,Female,Enterprise Plan,0
USR_01865,2023-02-12,Organic,West,45-54,Female,Basic Plan,1
USR_01866,2023-08-16,Google_Search,North,25-34,Female,Enterprise Plan,1
USR_01867,2023-09-13,Organic,West,45-54,Other,Enterprise Plan,1
USR_01868,2023-01-29,Organic,North,18-24,Other,Pro Plan,1
USR_01869,2023-07-20,Organic,Central,25-34,Female,Basic Plan,0
USR_01870,2023-11-28,TikTok,East,55+,Male,Pro Plan,1
USR_01871,2023-04-09,Google_Search,North,25-34,Female,Pro Plan,0
USR_01872,2023-10-19,TikTok,Central,25-34,Male,Pro Plan,1
USR_01873,2023-02-22,Organic,Central,25-34,Male,One-Time Purchase,1
USR_01874,2023-03-13,Google_Search,North,45-54,Male,Enterprise Plan,1
USR_01875,2023-04-23,Email,North,45-54,Male,One-Time Purchase,1
USR_01876,2023-05-08,Organic,East,45-54,Other,Enterprise Plan,1
USR_01877,2023-06-11,Google_Search,West,25-34,Female,One-Time Purchase,1
USR_01878,2023-01-28,Organic,South,18-24,Male,One-Time Purchase,1
USR_01879,2023-11-11,Organic,Central,25-34,Other,Enterprise Plan,0
USR_01880,2023-06-04,Organic,East,18-24,Male,Pro Plan,1
USR_01881,2023-08-25,TikTok,North,25-34,Other,Enterprise Plan,1
USR_01882,2023-04-09,Organic,South,35-44,Male,Enterprise Plan,1
USR_01883,2023-07-24,Organic,North,45-54,Male,Pro Plan,1
USR_01884,2023-01-26,TikTok,East,25-34,Male,Pro Plan,1
USR_01885,2023-11-23,Google_Search,South,25-34,Other,Basic Plan,1
USR_01886,2023-08-11,TikTok,South,55+,Other,Enterprise Plan,1
USR_01887,2023-01-27,Google_Search,South,55+,Female,Enterprise Plan,1
USR_01888,2023-09-29,Google_Search,Central,45-54,Other,Pro Plan,1
USR_01889,2023-11-24,Google_Search,East,25-34,Female,Basic Plan,0
USR_01890,2023-04-08,TikTok,North,55+,Other,Pro Plan,1
USR_01891,2023-07-15,Email,West,35-44,Female,One-Time Purchase,1
USR_01892,2023-02-22,Organic,Central,45-54,Male,One-Time Purchase,1
USR_01893,2023-08-29,Organic,West,18-24,Female,Pro Plan,0
USR_01894,2023-06-14,Google_Search,East,55+,Other,Enterprise Plan,0
USR_01895,2023-08-05,Email,West,55+,Male,Enterprise Plan,0
USR_01896,2023-09-18,Meta_Facebook,East,35-44,Female,One-Time Purchase,1
USR_01897,2023-09-06,TikTok,South,35-44,Female,Pro Plan,1
USR_01898,2023-03-22,Organic,South,18-24,Female,One-Time Purchase,0
USR_01899,2023-08-28,Meta_Facebook,North,55+,Male,Pro Plan,0
USR_01900,2023-03-27,Organic,West,55+,Other,One-Time Purchase,1
USR_01901,2023-05-23,Meta_Facebook,South,45-54,Female,Enterprise Plan,1
USR_01902,2023-12-21,Organic,West,35-44,Male,One-Time Purchase,1
USR_01903,2023-07-24,Organic,West,45-54,Male,Enterprise Plan,0
USR_01904,2023-03-19,Meta_Facebook,East,55+,Other,One-Time Purchase,1
USR_01905,2023-09-02,Meta_Facebook,West,55+,Male,Basic Plan,1
USR_01906,2023-02-12,Email,North,25-34,Other,Basic Plan,1
USR_01907,2023-04-17,Email,West,55+,Male,One-Time Purchase,1
USR_01908,2023-01-12,Meta_Facebook,North,55+,Female,Pro Plan,0
USR_01909,2023-03-14,Email,West,55+,Male,Enterprise Plan,1
USR_01910,2023-05-29,Google_Search,North,18-24,Other,Pro Plan,1
USR_01911,2023-02-14,Email,West,18-24,Male,Enterprise Plan,1
USR_01912,2023-05-24,Meta_Facebook,South,18-24,Other,Basic Plan,1
USR_01913,2023-12-23,Meta_Facebook,South,55+,Other,One-Time Purchase,0
USR_01914,2023-02-15,Google_Search,North,35-44,Female,Basic Plan,1
USR_01915,2023-02-03,TikTok,West,18-24,Male,Basic Plan,1
USR_01916,2023-10-06,TikTok,South,18-24,Female,Pro Plan,0
USR_01917,2023-11-21,Organic,West,45-54,Other,Basic Plan,0
USR_01918,2023-01-13,TikTok,North,18-24,Female,Pro Plan,0
USR_01919,2023-10-20,Email,West,25-34,Female,One-Time Purchase,0
USR_01920,2023-02-15,Google_Search,East,45-54,Female,Pro Plan,1
USR_01921,2023-11-13,TikTok,East,35-44,Other,Basic Plan,0
USR_01922,2023-11-07,Meta_Facebook,West,25-34,Male,Enterprise Plan,1
USR_01923,2023-04-21,Organic,South,55+,Male,Enterprise Plan,1
USR_01924,2023-09-21,TikTok,North,25-34,Other,One-Time Purchase,1
USR_01925,2023-02-24,Meta_Facebook,East,25-34,Female,One-Time Purchase,1
USR_01926,2023-07-14,Email,North,45-54,Female,Enterprise Plan,1
USR_01927,2023-12-30,Email,North,25-34,Male,Basic Plan,1
USR_01928,2023-10-20,Google_Search,South,35-44,Other,One-Time Purchase,0
USR_01929,2023-01-26,Meta_Facebook,North,25-34,Other,Pro Plan,0
USR_01930,2023-02-02,TikTok,West,35-44,Male,One-Time Purchase,0
USR_01931,2023-07-25,TikTok,East,25-34,Other,Pro Plan,1
USR_01932,2023-11-21,TikTok,North,55+,Female,Pro Plan,1
USR_01933,2023-05-22,Email,West,18-24,Male,One-Time Purchase,1
USR_01934,2023-04-23,Email,East,35-44,Other,Enterprise Plan,1
USR_01935,2023-06-01,TikTok,South,45-54,Female,One-Time Purchase,0
USR_01936,2023-05-29,Meta_Facebook,South,35-44,Male,Pro Plan,1
USR_01937,2023-08-09,TikTok,East,45-54,Male,Enterprise Plan,0
USR_01938,2023-06-13,Google_Search,East,25-34,Male,Pro Plan,1
USR_01939,2023-01-05,Google_Search,West,25-34,Other,Enterprise Plan,1
USR_01940,2023-02-02,Organic,South,18-24,Other,Enterprise Plan,1
USR_01941,2023-12-18,Meta_Facebook,South,45-54,Male,Enterprise Plan,0
USR_01942,2023-12-08,Email,North,45-54,Male,Enterprise Plan,1
USR_01943,2023-12-13,Email,East,35-44,Other,Enterprise Plan,0
USR_01944,2023-11-17,Google_Search,Central,45-54,Male,Enterprise Plan,1
USR_01945,2023-06-10,Meta_Facebook,West,25-34,Other,One-Time Purchase,1
USR_01946,2023-08-01,Organic,South,35-44,Other,One-Time Purchase,0
USR_01947,2023-09-01,Email,West,35-44,Other,One-Time Purchase,1
USR_01948,2023-08-09,Meta_Facebook,North,55+,Male,Enterprise Plan,0
USR_01949,2023-09-29,TikTok,Central,45-54,Male,Enterprise Plan,1
USR_01950,2023-11-29,Meta_Facebook,North,55+,Male,Enterprise Plan,1
USR_01951,2023-08-27,Meta_Facebook,Central,55+,Male,Basic Plan,1
USR_01952,2023-04-10,Google_Search,Central,55+,Other,Enterprise Plan,0
USR_01953,2023-12-18,Meta_Facebook,Central,45-54,Other,One-Time Purchase,1
USR_01954,2023-06-23,Google_Search,West,45-54,Male,Pro Plan,1
USR_01955,2023-07-03,Meta_Facebook,Central,45-54,Female,One-Time Purchase,1
USR_01956,2023-02-11,Email,South,45-54,Other,Enterprise Plan,1
USR_01957,2023-01-04,Meta_Facebook,West,45-54,Other,One-Time Purchase,1
USR_01958,2023-01-29,Meta_Facebook,Central,55+,Female,One-Time Purchase,1
USR_01959,2023-02-19,Google_Search,North,18-24,Female,Pro Plan,0
USR_01960,2023-03-30,Google_Search,Central,18-24,Other,Basic Plan,1
USR_01961,2023-11-23,Organic,South,55+,Male,Basic Plan,0
USR_01962,2023-12-26,Organic,South,18-24,Female,Basic Plan,1
USR_01963,2023-08-08,Organic,South,35-44,Other,Basic Plan,1
USR_01964,2023-12-24,Google_Search,North,18-24,Female,Basic Plan,1
USR_01965,2023-10-27,Google_Search,Central,45-54,Male,Enterprise Plan,1
USR_01966,2023-12-12,TikTok,Central,45-54,Female,Pro Plan,1
USR_01967,2023-04-01,Organic,West,35-44,Female,Pro Plan,1
USR_01968,2023-04-17,Organic,East,25-34,Other,Basic Plan,0
USR_01969,2023-07-18,TikTok,Central,55+,Male,Basic Plan,1
USR_01970,2023-12-20,Google_Search,East,25-34,Other,Pro Plan,1
USR_01971,2023-10-24,Google_Search,North,35-44,Female,Pro Plan,0
USR_01972,2023-07-25,Google_Search,West,35-44,Male,One-Time Purchase,1
USR_01973,2023-10-23,Organic,East,45-54,Other,Basic Plan,1
USR_01974,2023-10-01,Google_Search,North,45-54,Female,Basic Plan,1
USR_01975,2023-07-07,Email,West,55+,Other,One-Time Purchase,1
USR_01976,2023-10-27,Google_Search,West,45-54,Female,Basic Plan,1
USR_01977,2023-12-20,Meta_Facebook,West,35-44,Female,Pro Plan,1
USR_01978,2023-01-24,Email,Central,55+,Female,Pro Plan,1
USR_01979,2023-06-01,Email,Central,55+,Male,Pro Plan,1
USR_01980,2023-10-08,Google_Search,South,45-54,Male,Enterprise Plan,1
USR_01981,2023-08-04,Meta_Facebook,North,18-24,Male,Pro Plan,1
USR_01982,2023-11-05,Meta_Facebook,North,18-24,Other,One-Time Purchase,0
USR_01983,2023-08-08,Email,East,35-44,Female,Pro Plan,1
USR_01984,2023-04-01,Google_Search,West,35-44,Male,Pro Plan,1
USR_01985,2023-09-02,Meta_Facebook,North,25-34,Female,Pro Plan,1
USR_01986,2023-09-26,Meta_Facebook,North,55+,Female,Pro Plan,1
USR_01987,2023-02-18,TikTok,North,25-34,Male,Enterprise Plan,1
USR_01988,2023-06-07,Organic,West,18-24,Other,Basic Plan,1
USR_01989,2023-08-02,Email,North,45-54,Male,Basic Plan,1
USR_01990,2023-02-03,Meta_Facebook,West,55+,Female,Enterprise Plan,1
USR_01991,2023-06-16,Google_Search,Central,18-24,Other,Pro Plan,1
USR_01992,2023-01-14,Meta_Facebook,East,25-34,Female,Enterprise Plan,1
USR_01993,2023-01-19,Meta_Facebook,South,45-54,Other,One-Time Purchase,1
USR_01994,2023-03-27,TikTok,East,45-54,Female,Pro Plan,1
USR_01995,2023-11-17,TikTok,South,35-44,Other,Pro Plan,1
USR_01996,2023-12-01,Meta_Facebook,East,25-34,Female,One-Time Purchase,0
USR_01997,2023-04-07,Email,West,35-44,Female,Pro Plan,1
USR_01998,2023-11-10,Email,North,45-54,Female,Enterprise Plan,1
USR_01999,2023-09-25,TikTok,East,18-24,Female,One-Time Purchase,1
USR_02000,2023-11-06,Organic,East,25-34,Male,Pro Plan,1
